id,travel_list_id,title,detail_text,info_text,reply_text,address,created_at,latitude,longitude
1,1,"물봉선공원(어린이)> 여행지 :대한민국 구석구석","어린이 물놀이 공원으로 여름철에 운영된다. 시설마다 안전요원 2명이 배치되며, 물놀이 시설은 수돗물을 사용하며 매일 새로운 물로 교체한다. 운영시간동안 지속적인 염소소독 및 주 1회 수질 검사를 시행하고 있다. 40분씩 가동이 되고 20분간의 휴식시간이 주어지며 가동시간은 기상여건에 따라 조정될 수도 있다.","문의 및 안내 031-278-1128
주소 경기도 수원시 영통구 이의동 1311-2 (이의동)
이용시간 11:00~17:00
휴일 매주월요일/우천시 휴장
주차 불가능
입장료 무료","등록된 댓글이 없습니다.
","경기도 수원시 영통구 이의동 1311-2 (이의동)","2025-03-18 16:23:43",37.294104,127.053858
2,2,"에움녹색길> 여행지 :대한민국 구석구석","서면 개야리에 위치한 에움녹색길은 50년 이상된 나무가 우거진 밤나무길, 미루나무길, 강물소리길, 갈대숲길, 숲 속길 종자산길 등 다양한 볼거리가 있는 곳으로 지역문화의 자연자원을 스토리텔링과 접목한 친환경 녹색길이다. 개야리 마을의 강변과 마을 속 산을 가로질러 걸을 수 있는 길로 개암나무, 야생화, 싸리나무, 정미소, 가죽나무 등 다양한 볼거리가 있는 곳으로 트레킹뿐만 아니라 건강 휴양의 공간이 되기도 한다. 계절별로 자연의 경관을 느낄 수 있고, 총 6.5㎞구간에 여행자센터 이정표 해설판이 있으며 쉼터 등 편의시설을 잘 갖춰놓은 트레킹 길이다.

(출처 : 강원특별자치도청)
내용 더보기","문의 및 안내 033-432-7801
홈페이지 https://www.hongcheon.go.kr/tour
주소 강원특별자치도 홍천군 서면 개야마을길 73
이용시간 상시 개방
휴일 연중무휴
주차 불가능
이용요금 무료","등록된 댓글이 없습니다.
","강원특별자치도 홍천군 서면 개야마을길 73","2025-03-18 16:23:45",37.694093,127.629682
3,3,"금강제화 명동본점> 여행지 :대한민국 구석구석","금강제화는 제화뿐 아니라 스포츠화, 캐주얼슈즈 및 패션, 액세서리 등을 생산하는 패션 브랜드로 전국에 많은 대리점을 보유하고 있다. 그중 금강제화 명동본점은 명동거리 중심가에 자리 잡고 있어 외국 관광객들이 많이 방문하는 매장이다. 이 매장의 경우 Regal(리갈) 브랜드의 남성 정장화, 여성 정장화, 핸드백, 지갑, 액세서리 등이 인기가 많다. 또한 신발 사이즈가 너무 크거나 작아 제품 구매에 애로사항이 있는 고객들을 위해 빅 앤 스몰 매장이 구비되어 있으며 고객의 별도 주문 제작도 가능하다.
내용 닫기","문의 및 안내 02-753-9411
홈페이지 공식 홈페이지 http://www.kumkang.com
공식 인스타그램 https://www.instagram.com/kumkang_official
주소 서울특별시 중구 명동8길 30 (명동2가)
이용시간 - 월요일~목요일 10:30~20:00
- 금요일~일요일 10:30~20:30
휴일 연중무휴
주차 불가능
판매 품목 신발 / 가방 / 지갑 / 벨트 등","등록된 댓글이 없습니다.
","서울특별시 중구 명동8길 30 (명동2가)","2025-03-18 16:23:47",37.562405,126.984657
4,4,"숭의가든> 여행지 | '열린 관광' 모두의 여행:대한민국 구석구석","숭의가든은 인천광역시 미추홀구 숭의동에 위치한 곳으로 양념 돼지갈비와 소 생갈비 참숯구이가 유명한 한식당이다. 그 외에 불고기 솥밥 런치 정식, 돼지갈비 솥밥 런치 정식 등 공휴일과 일요일을 제외한 점심시간에 즐길 수 있는 한정식 메뉴들도 있다. 외부에 소나무와 갖가지 돌들로 장식이 되어 자연스러운 정원의 느낌을 풍긴다. 내부는 넓은 편으로 아늑한 분위기를 풍기며 좌석이 여유롭게 배치되어 있다.","문의 및 안내 032-887-5555
주소 인천광역시 미추홀구 경인로88번길 10
영업시간 - 11:00~21:00
- 준비 시간 15:00~17:00
- 마지막 주문 20:30
※ 주말은 준비 시간 없음
휴일 연중무휴
주차 가능
요금 (무료)
대표메뉴 돼지왕갈비
취급메뉴 소생갈비 / 불고기솥밥런치정식 등
출입통로 주출입구는 경사로가 있어 휠체어 접근 가능함
접근로 출입구까지 경사로가 설치되어 있음
지체장애 기타 상세 입식(의자식)테이블 있음
더보기","등록된 댓글이 없습니다.
","인천광역시 미추홀구 경인로88번길 10","2025-03-18 16:25:35",37.465618,126.65259
5,5,"영덕장 (4, 9일)> 여행지 :대한민국 구석구석","영덕군은 모두 다섯 개의 재래장이 형성되고 있으며, 영덕장과 영해장이 비교적 재래시장으로서의 기능을 갖추고 있다. 영덕장의 특산물은 복숭아라고 할 수 있다. 사월이 되면 오십천을 따라 피어나는 복사꽃의 향기는 표현할 수 없을 만큼 아름다워 400㏊에 이르는 복숭아 농원은 가히 무릉도원이라 일컬을 만하다. 영덕시장은 매일 다양한 상품으로 손님을 모시며 특히 매월 4일과 9일, 14일과 19일, 24일과 29일에는 행상인들이 구름처럼 모여오시어 그야말로 기존 상인들과 같이 사람과 사람이 모여서 이루어지는 전통시장이다. 상가 이층이 전부 주차장으로 되어 있어 장보기에 아주 편리하다.
내용 닫기","문의 및 안내 054-734-0082
홈페이지 https://ydmall.cyso.co.kr/
주소 경상북도 영덕군 영덕읍 남석길 23-48
이용시간 점포별 상이함
휴일 점포별 상이함
주차 가능
규모 매장면적 2.948㎡
점 포 수 125개
판매 품목 농수산물 / 잡화 등","등록된 댓글이 없습니다.
","경상북도 영덕군 영덕읍 남석길 23-48","2025-03-18 16:25:39",36.406724,129.369701
6,6,"국립경국대학교 박물관> 여행지 | '열린 관광' 모두의 여행:대한민국 구석구석","국립경국대학교 박물관은 1979년 3월, 안동대학교 개교와 더불어 개관하였다. 단순히 대학박물관을 넘어 경상북도 북부 지역의 유일한 종합박물관의 역할을 충실히 하고 있다. 수장 유물은 역사·고고·미술·민속자료 등 전통문화의 전 분야를 망라하고 있으며 안동 지역의 역사를 체계적으로 이해할 수 있도록 전시하여 학생과 교수의 교육·연구에 도움을 주는 한편 지역민들의 전통문화에 대한 인식을 고취하는 데 일익을 담당하고 있다. 선사시대부터 근현대에 이르기까지 5천여 점의 유물을 소장하고 있으며 주요한 것으로 안동 석사자(경상북도 문화재자료), 임하사 전탑지 사리구, ‘원이엄마 편지’로 널리 알려진 이응태 묘 출토유물 등을 들 수 있다.

(출처 : 국립경국대학교 박물관 홈페이지)
내용 닫기","문의 및 안내 054-820-7422
홈페이지 https://anumuseum.modoo.at/
주소 경상북도 안동시 경동로 1375 (송천동)
이용시간 10:00~16:00
휴일 매주 토요일 / 일요일 / 공휴일 / 개교기념일(3월 12일)
주차 가능
주차 요금 무료
이용요금 무료
규모 연건축면적 495㎡ / 전시실 330㎡
접근로 박물관 건물은 경사로가 설치되어 있음, 역동서원 무단차 접근(실내접근 어려움)
출입통로 주출입구는 경사로가 있어 휠체어 접근 가능함
장애인 주차 안내 장애인 주차장 있음(3대,박물관 앞 학교주차장)_무장애 편의시설
엘리베이터 장애인 엘리베이터 있음
화장실 장애인 화장실 있음(대학건물 화장실)
보조견 동반 동반가능
닫기","
교내 박물관이어서 크게 기대 안 했는데 볼 것도 많고 흥미로웠습니다
민* 2025. 1. 11.
00
신고하기","경상북도 안동시 경동로 1375 (송천동)","2025-03-18 16:25:43",36.539673,128.793848
7,7,"풍전식당> 여행지 :대한민국 구석구석","풍전식당은 주안동에 있는 육개장 전문 음식점이다. 메뉴에는 육개장, 갈비탕, 해장국, 등심, 양념갈비, 차돌박이 불고기, 목삼겹, 갈매기살, 돼지갈비 등을 메뉴로 하고 있다. 메뉴 주문 시 배추김치와 깍두기는 기본반찬으로 준비되고 그 외에 밑반찬들은 상황에 따라 매일 달라진다. 대표메뉴인 육개장은 매콤한 향을 풍기고 새빨간 국물의 비주얼이지만 크게 맵지 않다. 육개장 안에는 당면과 소고기, 고사리, 숙주나물, 버섯, 양파 등의 재료가 푸짐하게 있다. 매장 주차장은 식당 바로 앞에 있어 주차하기 편리하며 단체석이 존재하여 각종 모임이나 회식장소로도 안성맞춤이다.
내용 닫기","문의 및 안내 032-866-8710
주소 인천광역시 미추홀구 남주길 5
영업시간 06:00~22:00 (마지막 주문 21:30)
휴일 매주 화요일
주차 가능
요금 (무료)
대표메뉴 육개장
취급메뉴 갈비탕 / 육개장 / 해장국 / 등심 등","등록된 댓글이 없습니다.
","인천광역시 미추홀구 남주길 5","2025-03-18 16:25:46",37.454437,126.669751
8,8,"신라면세점 서울점> 여행지 | '열린 관광' 모두의 여행:대한민국 구석구석","신라면세점 서울점은 한국을 대표하는 신라호텔 옆에 위치해 있어 휴식과 식음, 면세 쇼핑 모두를 만족시킬 수 있는 시설을 갖추고 있다. 플래그십스토어에 걸맞은 LOUIS VUITTON, HERMES, CHANEL, Dior 등 최고 명품 브랜드부터 뷰티, 주얼리, 식품까지 다양한 브랜드가 입점해 있다. 면세점 단독 건물로 도심 속에서도 쾌적하고 여유롭게 쇼핑할 수 있으며, 지하 1층 트렌드온에서는 온라인 상품을 직접 경험해 보고 구매하는 편리함까지 제공한다.
내용 닫기","문의 및 안내 1688-1110
홈페이지 https://www.shilladfs.com
주소 서울특별시 중구 동호로 249 (장충동2가)
이용시간 09:30~20:00
휴일 연중무휴
주차 가능
판매 품목 명품 브랜드 / 뷰티 / 주얼리 / 식품 등
접근로 출입구까지 단차가 없어 휠체어 접근 가능함
장애인 주차 안내 장애인 전용 주차구역 있음(5대,신라호텔 에메랄드)_무장애 편의시설
화장실 장애인 전용 화장실 있음(1층(남자화장실),2층(여자화장실))
유모차 대여가능(1층 안내데스크)
닫기","
면세 쇼핑할때 항상 가는 곳입니다. 신라면세점 서울점 너무 좋아요!!!
하*비 2024. 10. 6.
00
신고하기","서울특별시 중구 동호로 249 (장충동2가)","2025-03-18 16:25:51",37.558831,127.006092
9,9,"주왕산 관광단지> 여행지 :대한민국 구석구석","주왕산 관광단지 (민예촌, 백자박물관, 수석꽃돌박물관)는 주왕산 상의 탐방로 약 4㎞ 전방에 위치한 주왕산 관광단지로서, 한옥숙박체험 시설인 민예촌과 자연의 미가 살아 있는 수석과 희귀한 청송꽃돌을 전시한 수석꽃돌박물관, 청송백자를 전시, 체험, 판매하는 백자전시관과 백자 공방, 청송백자가 일본에 계승되어 발전된 화려한 심수관 도예전시관이 있다. 주왕산으로 가는 길에 여유있게 둘러보기를 추천한다.","문의 및 안내 054-874-0101
주소 경상북도 청송군 주왕산면 주왕산로 494
휴일 매주 월요일
주차 가능
입장료 무료","
댓글 더보기","경상북도 청송군 주왕산면 주왕산로 494","2025-03-18 16:25:57",36.378347,129.109063
10,10,"장흥군 특산품전시판매장> 여행지 :대한민국 구석구석","장흥군 특산품전시판매장은 남도드림생산자협동조합에서 운영하는 토요시장 내에 위치한 장흥 특산물 판매장이다. 남도드림생산자협동조합은 장흥군 특산품 판매장 매장뿐 아니라 장흥군 온라인 쇼핑몰 ‘장흥몰’을 운영하며 조합원들의 소득 증대와 장흥 특산품 홍보에 기여하고 있다. 판매장에서는 주로 한우, 표고버섯 등의 품질 좋은 장흥 특산물을 합리적인 가격에 판매하고 있다.","문의 및 안내 061-864-0743
홈페이지 https://www.instagram.com/namdodream
주소 전라남도 장흥군 장흥읍 토요시장2길 3-3
이용시간 09:00~18:00
휴일 매주 일요일
주차 불가능
판매 품목 쌀 / 김 / 표고버섯 / 한우 / 된장 및 고추장 등","등록된 댓글이 없습니다.
","전라남도 장흥군 장흥읍 토요시장2길 3-3","2025-03-18 16:25:58",34.675008,126.90284
11,11,"문학산역사관> 여행지 :대한민국 구석구석","문학산역사관은 미추홀 2,000여 년의 역사와 문화를 품고 있는 문학산의 가치를 널리 알리고, 문학산 문화유산의 보존과 지역 정체성을 발현하기 위해 관할 군부대의 승인을 받아 군사시설을 리모델링하여 개관했다. 문학산 역사관은 문학산의 가치와 문학산성의 현황에 대한 축소 디오라마와 동영상을 볼 수 있는 제1전시실, 선사시대부터 현재에 이르기까지 문학산의 시대별 역사와 문화유산을 주제별로 살펴볼 수 있는 제2전시실, 인천 향토사 선구자들이 남긴 옛 사진들과 근∙현대 문학산의 변모를 살필 수 있는 지도 등이 전시된 열린 역사길로 구성되어 있다.
내용 닫기","문의 및 안내 032-880-7958
홈페이지 https://itour.incheon.go.kr/
주소 인천광역시 미추홀구 학익동 78-24
이용시간 10:00~17:00
휴일 매주 월요일
주차 불가능
체험 안내 역사탐방프로그램
입장료 무료","등록된 댓글이 없습니다.
","인천광역시 미추홀구 학익동 78-24","2025-03-18 16:26:00",37.432039,126.676401
12,12,"영주 순흥 벽화 고분> 여행지 :대한민국 구석구석","1985년 1월 문화재관리국과 대구대학교가 함께 발굴 조사한 이 벽화 고분은 사적으로 지정되어 있으며 학술적, 문화재적으로 매우 귀중한 자료이다. 이 고분의 축조연대는 고분의 현실(玄室) 남쪽 벽에 쓰인 기미중묘상인명(己未中墓像人名)이란 글씨를 통하여 대략 539년쯤으로 추정되고 있다. 내부구조는 연도가 마련된 석실분(石室墳)으로서 연도를 통해 들어가면 시신을 모신 현실이 있고, 이 현실의 동쪽으로 관을 올려놓았던 관대(棺臺)가 비교적 높게 마련되어 있으며, 아울러 규모가 작은 보조관대도 현실의 서북 모서리에 마련되어 있었다.

현실의 크기는 동서 약 3.5m, 남북 약 2m로 네 벽은 위로 갈수록 약간씩 각을 줄이고 천장은 두 장의 판판하고 큰 돌을 올려 완성하였다. 벽화는 천장을 제외한 내부의 모든 벽면과 관대의 측면까지 채색화(彩色畵)를 그렸고, 특히, 연도의 좌우 벽에 힘이 센 장사상(壯士像)을 그렸다. 특히, 연도 서쪽벽의 뱀을 손에 감고 있는 장사상은 이 무덤을 지켜주는 역할을 하고 있는 것으로 해석되고 있다. 이 고분은 벽화나 구조로 보아 고구려의 영향을 받아 축조된 고대신라의 고분벽화로 추정되며, 이 고분에 있는 벽화를 통해서 우리나라 삼국시대 회화는 물론 당시의 종교관, 내세관, 그리고 고구려와의 문화교섭 등을 이해하는 귀중한 자료임을 알 수 있다. 특히, 5세기까지 고구려의 영향력이 정치적, 문화적으로 이 지역에 침투했음을 잘 알려주는 유적으로, 현재 학자들의 새로운 연구대상이 되고 있다.
내용 닫기","문의 및 안내 054-639-6582
홈페이지 영주시 문화관광 http://www.yeongju.go.kr
국가유산청 https://www.heritage.go.kr
주소 경상북도 영주시 순흥면 소백로 2547-16
지정현황 사적 영주 순흥 벽화 고분 (1985.11.07 지정)","
영주에서 부석사와 소수서원을 구경했으면 돌아오는길에 한 번쯤 들러볼만한 곳입니다. 삼국시대 고구려와 신라의 경계지로서 양 나라의 영향을 받아, 고구려 양식 벽화의 남부 영향권이 어디인지 알려주는 유서깊은 벽화 유적입니다.
이*형 2024. 9. 20.
00
신고하기","경상북도 영주시 순흥면 소백로 2547-16","2025-03-18 16:26:04",36.912842,128.564908
13,13,"대한민국 수준원점> 여행지 :대한민국 구석구석","수준원점이란 우리나라의 국토 높이를 측정하는 기준점으로, 평균 해수면과의 차이를 측량하여 1963년 육지에 설치해 놓은 시설물이다. 강원특별자치도 설악산과 제주도 한라산의 높이를 비교할 수 있는 것은 이 수준원점이 있기 때문이다. 둥근 받침돌 위에 화강석으로 된 육면체의 설치대를 얹고 그 위에 자수정으로 수준원점을 표시하였으며, 아담한 원형 벽돌 건축물이 수준원점을 보호하고 있다. 전국의 수준점을 정할 때 높이 기준이 되는 이 수준원점의 높이는 26.6871m이다.
내용 닫기","문의 및 안내 032-880-4667
홈페이지 https://www.khs.go.kr/main.html
주소 인천광역시 미추홀구 인하로 100 (용현동)
이용시간 상시 개방
휴일 연중무휴
주차 가능
요금 (무료)
지정현황 국가등록문화유산 대한민국 수준원점 (2006.01.14 지정)
입장료 무료","등록된 댓글이 없습니다.
","인천광역시 미추홀구 인하로 100 (용현동)","2025-03-18 16:26:07",37.447537,126.65324
14,14,"인하대후문먹거리타운> 여행지 :대한민국 구석구석","인천광역시 미추홀구 용현동에 위치한 인하대후문먹거리타운은 학생들과 방문객들 사이에서 인기 있는 맛집 거리이다. 이곳은 인하대학교 후문 인근에 위치해 있으며, 다양한 음식점들이 즐비해 있어 많은 사람들에게 사랑받고 있다. 먹거리타운은 학생들의 끼니를 해결하는 장소뿐만 아니라, 친구들과의 모임이나 가족 단위 방문객들에게도 적합한 곳이다. 다양한 종류의 음식들이 저렴한 가격에 제공되며, 대표적으로 떡볶이, 순대, 덮밥, 찜닭 등 한국 전통 음식을 비롯한 다양한 메뉴가 인기를 끌고 있다. 또한, 아늑한 분위기와 함께 음식점들이 밀집해 있어 사람들로 붐비는 활기찬 거리로 유명하다.
내용 더보기","문의 및 안내 032-832-3031
주소 인천광역시 미추홀구 경인남길30번길 45-1 (용현동)
이용시간 ※ 점포별 상이함
휴일 ※ 점포별 상이함
주차 가능
요금 (무료)
입장료 무료","
댓글 더보기","인천광역시 미추홀구 경인남길30번길 45-1 (용현동)","2025-03-18 16:26:10",37.451828,126.656877
15,15,"명동사격장> 여행지 :대한민국 구석구석","명동실탄사격장은 한국 대표 번화가 명동에 위치하여 쇼핑, 먹거리, 볼거리와 더불어 도심 속에서 짜릿한 사격을 즐길 수 있는 곳이다. 국제규격인 15m의 거리 조절이 자유로운 5개의 사격 사선은 물론 32구경에서 45구경 등 100정의 다양한 총기류를 구비하고 있다. 또한, 첨단 안전장치와 사격 전문 안전요원의 지도로 전문가는 물론, 여성과 초보자까지 안심하고 즐길 수 있다.","문의 및 안내 02-777-6604
주소 서울특별시 중구 명동8가길 27 (충무로2가) 3층
이용시간 11:00~19:30
휴일 연중무휴
체험가능 연령 14세 이상
이용요금 전화 문의","
댓글 더보기","서울특별시 중구 명동8가길 27 (충무로2가) 3층","2025-03-18 16:26:18",37.561797,126.986507
16,16,"달포고깃간> 여행지 :대한민국 구석구석","달포고깃간은 영덕군에 위치한 돼지고기 숯불 구이 전문점이다.
자체적인 숙성을 통한 삼겹살, 특수 부위 모둠 구이 및 수제 돼지갈비를 판매하고 있다. 대표 메뉴인 모둠 세트는 숙성 삼겹살, 모소리살, 뽈살, 꼬들살로 구성되어 있다.
TV 프로그램 ‘나는 솔로’, ‘mbc 전국시대’에 방영되었으며 영덕군 공식 영덕 맛집으로 지정되었다.
내용 닫기","문의 및 안내 054-733-3937
홈페이지 https://www.instagram.com/dalpo_minam_official/
주소 경상북도 영덕군 영덕읍 덕곡길 122-1 1층
영업시간 16:00~23:00
휴일 매주 일요일
주차 가능 (무료)
대표메뉴 숙성생삼겹살
취급메뉴 뽈살 / 꼬들살 / 모소리살 등","등록된 댓글이 없습니다.
","경상북도 영덕군 영덕읍 덕곡길 122-1 1층","2025-03-18 16:26:21",36.412881,129.366439
17,17,"오목골즉석메밀우동 박문점> 여행지 :대한민국 구석구석","인천 미추홀구 숭의동에 자리 잡은 유명한 메밀 국숫집이다. 상호는 우동집이라고 되어 있지만 주메뉴는 메밀로 만든 면 국수류이다. 그중 메밀우동과 메밀짜장, 비빔면과 물냉면이 많이 찾는 인기 메뉴이다. 1인 1메뉴를 주문하면 사리추가 1번 무료로 가능하다. 왕새우 모양의 계란말이 김밥도 함께 맛보는 걸 추천한다. 24시간 영업하며 주차장이 넓어 이용하기 편리하다.","문의 및 안내 032-868-1717
주소 인천광역시 미추홀구 석정로 142 (숭의동)
영업시간 상시 개방
휴일 연중무휴
주차 가능
요금 (무료)
대표메뉴 메밀우동
취급메뉴 메밀비빔 / 메밀짜장 / 밀가루 우동 / 밀가루 짜장 / 계란말이 김밥 등","
댓글 더보기","인천광역시 미추홀구 석정로 142 (숭의동)","2025-03-18 16:26:28",37.468568,126.650965
18,18,"오암서원> 여행지 :대한민국 구석구석","내용 더보기",더보기,"등록된 댓글이 없습니다.
",,"2025-03-18 16:26:32",NULL,NULL
19,19,"영도 마리노 오토캠핑장> 여행지 :대한민국 구석구석","영도 마리노 오토캠핑장은 부산항대교 하부 공간에 조성된 캠핑장이다.
카라반 15대, 오토사이트 40면, 일반사이트 12면 등 총 67면의 캠핑사이트로 구성되어 있다.
도심 가까이에 있어 접근성이 좋고, 부산항대교 야간 조명을 비롯하여 부산항과 영도 야경을 한 자리에서 감상이 가능하다.","문의 및 안내 051-412-9114
홈페이지 https://www.yeongdo.go.kr/marinocamping/main.web
주소 부산광역시 영도구 해양로 13-16 (청학동)
이용시간 [카라반]
15:00~익일 12:00
[오토 / 일반]
14:00~익일 12:00
휴일 매월 마지막 주 화요일
주차 가능
체험가능 연령 전 연령
이용요금 [카라반]
100,000원~160,000원
[오토]
30,000원~40,000원
[일반]
20,000원~30,000원
더보기","등록된 댓글이 없습니다.
","부산광역시 영도구 해양로 13-16 (청학동)","2025-03-18 16:26:41",35.101523,129.060565
20,20,"풍기향교> 여행지 :대한민국 구석구석","풍기향교는 군서쪽 8리에 있던 것을 중종 37년(1542)에 주세붕이 이곳으로 옮겨 지은 후 숙종 18년(1692)에 다시 옛터로 옮겼다가 영조 11년(1735)에 현재의 위치로 옮겼다. 남아있는 건물로는 공부하는 곳인 명륜당, 향교를 관리하던 교직사, 사당 출입문인 내삼문, 사당인 대성전과 동·서무 등이 있다. 특히 대성전과 동·서무의 벽과 창호가 특이해 고풍스럽다.
조선시대에는 국가로부터 토지와 전적, 노비 등을 받아 학생들을 가르쳤으나, 갑오개혁(1894) 이후 제사만 지내고 있다. 다른 향교에 비해 많은 전적을 보관하고 있으며, 특히 이 지방 향토사연구의 귀중한 자료를 많이 제공하고 있는 유서 깊은 곳이다.
내용 더보기","문의 및 안내 영주시청 문화예술과 054-639-6581~4
홈페이지 https://www.yeongju.go.kr/open_content/tour/
주소 경상북도 영주시 풍기읍 금계로 104
이용시간 상시 개방
휴일 연중무휴
주차 가능
지정현황 경상북도 유형문화유산 풍기향교<대성전동.서무> (1985.10.15 지정)
입장료 무료","
여긴잠겨있어서 함부로 들어가면 안되는것이야.
연* 2021. 11. 15.
00
신고하기","경상북도 영주시 풍기읍 금계로 104","2025-03-18 16:26:46",36.881378,128.525287
21,21,"틈문화창작지대> 여행지 :대한민국 구석구석","틈문화창작지대는 컨테이너 박스를 여러 개 쌓아 올린 모양의 특이한 외관을 가진 건축물로 되어 있다. 문화 콘텐츠 창작자 양성과 인천 지역의 문화산업을 육성하고 발전시키고자 만들어진 곳으로 주안동 옛 시민회관 쉼터 인근에 지어졌다. 인천콘텐츠코리아랩의 전용공간으로 사용되고 있으며 창작 아이디어 생성과 개발 및 사업화를 지원하기 위한 프로그램을 기획, 운영하고 있다. 인천콘텐츠코리아랩 회원이라면 다목적홀, 편집실, 녹음실, 교육실 시설을 이용할 수 있다.
내용 닫기","문의 및 안내 032-876-6422
홈페이지 https://www.inckl.or.kr/user/main.do
주소 인천광역시 미추홀구 미추홀대로 691 (주안동)
이용시간 09:00~18:00
휴일 연중무휴
주차 가능
요금 (무료)
이용요금 ※ 시설별 상이하므로 홈페이지 참고
체험프로그램 콘텐츠 크리에이티브 콘서트 / 내안의 콘텐츠를 깨워라 / 창작 아카데미 등","등록된 댓글이 없습니다.
","인천광역시 미추홀구 미추홀대로 691 (주안동)","2025-03-18 16:26:49",37.45917,126.679662
22,22,"한양도성박물관> 여행지 | '열린 관광' 모두의 여행:대한민국 구석구석","1396년 축조된 한양도성은 600여 년 동안 서울을 지켜온 수도의 성곽이었다. 조선왕조 도읍지인 한성부의 경계를 표시하고 수도의 권위를 드러내며 외부의 침입을 방어하기 위해 축조되었다. 평균 높이 약 5~8m, 전체 길이 약 18.6㎞에 이르는 한양도성은 한국의 고유 축성기법과 집단 장인 기술을 바탕으로 구축된 역사 문화 도시 서울의 랜드마크이다. 또한, 현존하는 전 세계의 도성 중 가장 규모가 크고 오랫동안 도성 기능을 수행한 문화유산으로, 천만 서울 시민을 넘어서 서울을 찾는 내·외국인들이 즐겨 찾는 대표 명소이다.
흥인지문공원에 위치한 한양도성박물관은 조선시대부터 현재에 이르기까지 한양도성의 역사와 문화를 담은 박물관으로 상설전시실, 기획전시실, 한양도성 자료실과 학습실을 갖춘 문화공간이다. 한양도성박물관에서 600년 한양도성의 역사와 문화유산으로서의 미래가치를 확인할 수 있다.
내용 닫기","문의 및 안내 02-724-0243
홈페이지 https://museum.seoul.go.kr
주소 서울특별시 종로구 율곡로 283 (종로6가)
이용시간 09:00~18:00 (입장마감 17:30)
휴일 매주 월요일 / 1월 1일
※ 단, 월요일이 공휴일인 경우 정상운영
주차 가능 (소형 29대)
주차 요금 5분당 400원
이용요금 무료
체험프로그램 ※ 일정 별로 진행하는 프로그램이 상이하므로 자세한 사항은 홈페이지 참조
접근로 가장 위쪽 주차장을 이용하면 단차없이 엘리베이터로 건물진입가능_무장애 편의시설
출입통로 단차없어 휠체어이용 편리함
엘리베이터 엘리베이터 있음
점자 블록 진입로에 점자블록 설치
화장실 장애인전용화장실 있음
닫기","
신고하기
동대문 역에서 도보 10분 이내 거리인 한양 도성 박물관 박물관 규모는 아담하지만 알찬 전시가 있어요 성곽길과 같이 둘러보기도 좋습니다
_ 2024. 2. 19.
00
한양도성박물관 둘러보고 성곽길 걸으며 힐링의 시간 가졌어요. 추위 좀 지나가면 스탬프 투어도 해봐야겠어요.
☕******) 2023. 12. 22.
00
신고하기
한양 도성의 과거와 현재를 모두 만날 수 있는 곳 어린이들을 위한 프로그램도 다양하고 선생님들도 밀착 지도해주시는 곳이예요. 경치도 좋은 곳에 위치해서 낮밤으로 다 힐링이 된답니다. 박물관을 출발점으로 도성길 투어 코스도 좋을 것 같아요.
독* 2023. 10. 6.
00
신고하기
한양도성박물관과 도시와 공존하는 역사의 흔적을 담은 박물관과 도성성곽길에서 바라다 보는 야경이 정말 아름다운곳
캐*****m 2023. 2. 6.
00
신고하기
가까운데 이런 곳이 있는지 몰랐어요
달**리 2021. 10. 15.
01
신고하기
댓글 더보기","서울특별시 종로구 율곡로 283 (종로6가)","2025-03-18 16:26:55",37.573046,127.007704
23,23,"복주머니마을> 여행지 :대한민국 구석구석","맑고 푸른 홍천강이 감싸고 있는 복주머니 마을은 푸른 숲과 함께 자리해 그림 같은 풍경을 가지고 있다. 복주머니 마을에는 홍천군 관광지 에움녹색길이 있는데 강을 따라 울창한 숲을 만나며 걷는 길은 모두에게 인기 있다. 힐링과 전통놀이, 농촌 체험을 즐길 수 있다. 복주머니 마을은 위에서 바라보는 절경이 꼭 사진으로 담아야 아쉽지 않을 것 같은 아름다운 강으로 둘러싸여 있는 동네이다.

(출처 : 강원특별자치도청)
내용 닫기","문의 및 안내 033-432-7801
주소 강원특별자치도 홍천군 서면 개야마을길 73
이용시간 상시 개방
휴일 연중무휴
주차 가능
입장료 무료","등록된 댓글이 없습니다.
","강원특별자치도 홍천군 서면 개야마을길 73","2025-03-18 16:26:57",37.694093,127.629682
24,24,"인천향교> 여행지 :대한민국 구석구석","향교는 성현의 위패를 모시고 제사 지내며, 지방 백성들의 교육을 담당하기 위해 국가에서 세운 교육기관으로 조선시대에는 국가로부터 토지·노비·책 등을 지급받아 학생들을 가르쳤다. 인천향교가 처음 세워진 연대는 알 수 없으나 15세기 중반에 수리하였다고 전한다. 지금 남아있는 주요 건물은 조선 후기에 지은 것으로 보이며, 1976년에 대성전·명륜당·삼문 등을 고쳤다. 현재 대성전·동무·서무·명륜당·동재·서재 등이 남아있다. 뒤쪽에는 제사공간을 이루는 대성전과 동무·서무가 있고, 내삼문을 경계로 앞쪽에는 교육공간인 명륜당과 학생들의 기숙사인 동재·서재가 있어, 전학 후묘의 배치형식을 볼 수 있다. 향교에서는 인성 및 예절교육 등 전통문화를 가르치는 교육의 기능은 물론 성현의 위패를 모시고 제사를 지내는 제사의 기능을 현재까지 이어오고 있다.

(출처 : 국가유산청)
내용 닫기","문의 및 안내 032-876-7041
홈페이지 http://www.ichg.or.kr
주소 인천광역시 미추홀구 매소홀로 589 (문학동)
이용시간 10:00~17:00
휴일 연중무휴
주차 가능
요금(무료)
지정현황 인천광역시 유형문화유산 인천향교 (1990.11.09 지정)
입장료 무료","
우리 조상과 선비의 숨결이 서려있는 인천향교에서 많은것을 보고 느끼며 배우고 갑니다. 아이들이 정말 좋아했어요
w************ 2024. 9. 19.
00
신고하기
조상님이생각나네가고싶습니다
리*드 2024. 8. 25.
00
신고하기
우리 조상과 선비의 숨결이 서려있는 곳으로 가족들과 함께가면 좋습니다. 인성 및 예절교육 등 전통문화를 가르치는 교육의 기능은 물론 성현의 위패를 모시고 제사를 지내는 제사의 기능도 배울수있어서 만족스러운 곳입니다.
d*s 2024. 6. 18.
00
신고하기
신고하기
인천의 향교 역사 유적지 인천, 부평, 강화, 교동향교
벗 2024. 3. 29.
00
바로옆에 야구장도있고 놀거리도 많아서 좋아요 ㅎ
김*수 2023. 9. 25.
00
신고하기","인천광역시 미추홀구 매소홀로 589 (문학동)","2025-03-18 16:27:01",37.438564,126.687537
25,25,"오산서원> 여행지 :대한민국 구석구석","영주시에 위치한 오산서원은 순조 34년(1834) 오산서원을 창건 하고 지방유림의 공의로 김난상의 학문과 덕행을 추모하기 위해 창건하여 위패를 모셨다. 묘호를 경현사라 하고, 강당을 명교당이라 하였다. 기문은 이휘녕이 짓고, 봉안문은 유태좌가 지었으며, 상향문은 이광정이 지었다. 서원이 승격할 때 고유문은 김희주가 지었다.
오산서원은 선현배향과 지방교육의 일익을 담당하여 오던 중, 대원군의 서원철폐령으로 1868년(고종 5)경 훼철된 뒤 복원하지 못하였다. 지금은 서원자리에 김난상의 정자인 매양정과 김난상의 신도비, 사당이 세워져 있으며, 사당안에는 오산이사, 경현사, 오산서원 현판이 보관되어 있다.
내용 닫기","문의 및 안내 영주시청 문화예술과 054-639-6581~4
주소 경상북도 영주시 대동로103번길 31-32 (가흥동)
이용시간 연중무휴
휴일 연중무휴
주차 가능
입장료 무료","등록된 댓글이 없습니다.
","경상북도 영주시 대동로103번길 31-32 (가흥동)","2025-03-18 16:27:05",36.817362,128.612331
26,26,"인천동구청소년수련관> 여행지 | '열린 관광' 모두의 여행:대한민국 구석구석","청소년이 마을과 더불어 성장하는 플랫폼을 비전으로 내세운 청소년 수련관으로 지역사회와 청소년이 함께 어울릴 수 있는 특화사업을 발굴하여 다양한 프로그램을 운영한다. 효와 인성, 지역축제 문화기획, 자유학기제, 어울림마당, 방과후아카데미, 평생교육, 가족친화경영, 윤리경영, 문화예술역량강화 프로그램 등 많은 사업을 진행하고 있다. 회원 가입 시 더 많은 혜택이 주어지지만, 공간과 프로그램은 모두에게 열린 공간으로 자리한다.
내용 더보기","문의 및 안내 032-777-7942
홈페이지 www.youth7942.or.kr
주소 인천광역시 동구 솔빛로 82 (송림동)
이용시간 09:00~21:00
휴일 매주 일요일, 월요일
주차 가능
요금 (무료)
이용요금 무료
체험프로그램 진로활동 / 평생교육프로그램 / 방과후아카데미 등
접근로 출입구까지 단차가 없어 휠체어 접근 가능함_무장애 편의시설
출입통로 주출입구는 경사로 있어 휠체어 접근 가능함
엘리베이터 엘리베이터 있음
점자 블록 점자블록 있음(엘리베이터)_시각장애인 편의시설
화장실 장애인 전용 화장실 있음
닫기","등록된 댓글이 없습니다.
","인천광역시 동구 솔빛로 82 (송림동)","2025-03-18 16:27:10",37.476059,126.642565
27,27,"한재 참 미나리 식육식당> 여행지 :대한민국 구석구석","청도 ‘한재 참 미나리 식육식당’은 청도 지역의 특산물인 친환경 한재 미나리를 제철에 즐길 수 있는 식당이다. 비타민과 무기질, 섬유질이 풍부한 미나리는 해독작용과 혈액 정화, 간 보호, 숙취 제거에 효과가 큰 것으로 널리 알려져 있다.
10월에서 5월 말까지는 미나리 삼겹살과 미나리 비빔밥 등 한재 미나리 음식을 즐길 수 있고, 6월에서 9월에는 유황 오리, 능이 한방백숙 등의 건강메뉴를 즐길 수 있다. 이 식당의 대표 메뉴인 미나리 삼겹살은 삼겹살과 미나리를 함께 불판에 구워 먹거나, 생미나리를 잘 익은 삼겹살에 돌돌 말아서 먹으면 된다. 다른 쌈이 필요 없이 매우 깔끔한 맛을 자랑한다. 또한 한재 참미나리 식육식당의 생삼겹살은 HACCP · 무항생제 인증을 받은 농장에서 생산된 질 좋은 삼겹살이므로 믿고 먹을 수 있는 안심 먹거리이다.
내용 더보기","문의 및 안내 054-373-2866
홈페이지 https://www.hanmiga.com/
주소 경상북도 청도군 청도읍 한재로 225-7
영업시간 10:00~20:00 (마지막 주문 19:00)
휴일 [1월 1일~4월 30일]
- 연중무휴
[5월 1일~12월 31일]
- 매주 월요일~금요일
주차 가능
요금 (무료)
대표메뉴 생삼겹살
취급메뉴 유황오리 / 한재미나리 한접시 / 미나리 알밥 / 미나리 비빔밥 / 된장찌개 등","등록된 댓글이 없습니다.
","경상북도 청도군 청도읍 한재로 225-7","2025-03-18 16:27:16",35.584663,128.744905
28,28,"갤러리 라메르> 여행지 | '열린 관광' 모두의 여행:대한민국 구석구석","갤러리 라메르 (Gallery La Mer)는 ‘La Mer’라는 이름처럼 다양한 장르의 미술을 넓게 포용하여 생활 속에 자연스럽게 스며드는 미술 문화의 보급에 앞장서고자 한다. 2001년 10월에 사설 갤러리로서는 국내 최대 규모(총 300평)로 개관한 이래, 다채로운 기획전 및 수준 높은 대관전들을 선보여왔다. 빠르게 변화해 가는 현대 미술을 조망할 수 있는 다양한 전시와 더불어 우리의 정서와 미감을 현대적으로 해석한 참신한 기획전을 통해 우리 미술의 정체성 확립 및 대중화에 기여하고자 한다. 또한, 매년 The Artist Project, 기획 공모 및 라메르 신진작가 창작 지원 프로그램(Art Daum) 등 다양한 작가 지원 프로그램을 통해 참신한 중진 작가의 재조명, 개성 있는 신진 작가의 창작 활동 지원에 힘쓰고 있다.
내용 닫기","문의 및 안내 02-730-5454
홈페이지 http://www.gallerylamer.com
주소 서울특별시 종로구 인사동5길 26 (관훈동)
이용시간 10:30~18:00
휴일 매주 화요일
주차 불가능
이용요금 무료
※ 단, 전시 별로 상이함 (홈페이지 참조)
접근로 출입구까지 경사로가 설치되어 있음(수동문)_무장애 편의시설
출입통로 주출입구는 경사로가 있어 휠체어 접근 가능함
장애인 주차 안내 장애인주차장 있음
엘리베이터 엘리베이터 있음
안내 요원 안내요원 있음
보조견 동반 보조견동반 가능함
닫기","등록된 댓글이 없습니다.
","서울특별시 종로구 인사동5길 26 (관훈동)","2025-03-18 16:27:23",37.572495,126.984919
29,29,"인천 현대시장> 여행지 | '열린 관광' 모두의 여행:대한민국 구석구석","현대시장은 동구 송림동에 위치한 대표적인 재래시장이다. 1960~1979년 사이에 형성되었으며 약 250여 개의 점포들이 모여 있는 중형급 시장이다. 일찍이 시설 현대화 작업을 마쳐 쇼핑 환경이 쾌적하고 깔끔한 것이 특징이다. 시장 거리에 아케이드가 설치되어 있어 궂은 날씨에도 다니기 쉽고 주차 공간도 잘 갖춰져 있어 장보기가 편리하다. 시장 안은 궁현 상가, 송육 상가, 중앙 상가, 원예 시장 등 구획이 나뉘어 있으며 품목에 따라서 수산물과 의류, 부산물 코너 등으로 정돈되어 있다. 또한 고객지원센터를 운영해 시장 이용에 도움을 주고 있으며 짐이 많은 경우 택배 등을 신청할 수 있다. 상인들도 고객의 눈높이를 맞춰가기 위해 다방면으로 노력하고 있다. 상인대학을 통해 빠르게 변화하는 상권을 배우고 고객 서비스 향상을 실천하는 등 발전을 거듭해나가고 있다.

(출처 : 인천투어)
내용 더보기","문의 및 안내 032-777-2361
홈페이지 https://itour.incheon.go.kr
주소 인천광역시 동구 송림로109번길 21
이용시간 ※ 점포별 상이함
휴일 ※ 점포별 상이함
주차 가능
요금 (무료)
규모 약 262개의 점포
판매 품목 잡화, 식품, 의류 등
접근로 출입구까지 단차가 없어 휠체어 접근 가능함
출입통로 주출입구는 단차가 없어 휠체어 접근 가능함
장애인 주차 안내 장애인 전용 주차구역 있음_무장애 편의시설
화장실 장애인 전용 화장실 있음
점자 블록 점자블록 있음(화장실)_시각장애인 편의시설
닫기","등록된 댓글이 없습니다.
","인천광역시 동구 송림로109번길 21","2025-03-18 16:27:29",37.477475,126.646115
30,30,"인천 중앙시장> 여행지 | '열린 관광' 모두의 여행:대한민국 구석구석","인천광역시 동구 금곡동에 위치한 중앙시장은 지역 주민들뿐만 아니라 많은 관광객들에게 사랑받고 있는 전통시장이자, 그 지역의 경제와 문화 중심지로 자리 잡고 있는 곳이다. 이 시장은 인천의 역사와 문화가 어우러진 장소로, 다양한 물품을 판매하는 상점들이 밀집해 있으며, 사람들이 이곳을 방문하는 이유는 다채로운 상품과 함께 친근하고 정감 있는 분위기를 느낄 수 있기 때문이다. 중앙시장은 인천 동구의 중심부에 위치하여, 교통이 편리하고 방문하기 용이한 곳이다.
내용 닫기","문의 및 안내 032-772-5645
주소 인천광역시 동구 중앙로 68
이용시간 ※ 점포별 상이함
휴일 ※ 점포별 상이함
주차 가능
요금 (무료)
규모 약 98개의 점포
판매 품목 의류(이불, 한복, 잡화)
접근로 출입구까지 턱이 없어 휠체어 접근 가능함
출입통로 주출입구는 턱이 없어 휠체어 접근 가능함_무장애 편의시설
보조견 동반 동반가능_시각장애인 편의시설
닫기","등록된 댓글이 없습니다.
","인천광역시 동구 중앙로 68","2025-03-18 16:27:34",37.475342,126.633329
31,31,"팔봉참살이마을> 여행지 :대한민국 구석구석","팔봉참살이마을은 홍천군의 서쪽에 위치하고 있으며 동쪽은 북방면 노일리, 서쪽은 두미리, 남쪽은 굴업리, 북쪽은 북방면 구만리가 있는 마을이다. 여덟 개의 봉우리를 갖추고 있는 팔봉산은 전국적으로 유명한 산이다. 팔봉참살이마을은 대다수의 주민들이 농업에 종사하는 전형적인 농촌마을이다. 팔봉참살이마을은 깨끗한 공기와 자연 속에서 많은 사람들이 방문할 수 있는 곳이다.

(출처 : 강원특별자치도청)
내용 닫기","문의 및 안내 033-432-7801
주소 강원특별자치도 홍천군 서면 오도치길 6
이용시간 상시 개방
휴일 연중무휴
주차 가능
입장료 무료","등록된 댓글이 없습니다.
","강원특별자치도 홍천군 서면 오도치길 6","2025-03-18 16:27:38",37.683229,127.698101
32,32,"임실맛소> 여행지 :대한민국 구석구석","임실맛소는 임실군한우협회영농조합법인에서 운영하는 고품질의 한우 암소를 전문으로 제공하는 정육식당이다.
매장 내 36개의 테이블 총 144석이 마련되어 단체예약이 가능하다.
1등급 이상의 한우를 제공하며 원하는 고기를 직접 선택할 수 있고 매장 내에서 상차림 제공은 물론 포장도 가능하다.
한우로 만든 달큰짭짤한 불고기 전골이 인기이며 관광에 지친 몸을 보신해 주는 갈비탕 역시 맛이 좋기로 유명하다.
매주 금요일은 생고기(육사시미)를 판매하고 있으며, 소비자들은 한우 양지와 국거리를 저렴한 가격에 구입할 수 있다.
내용 닫기","문의 및 안내 063-644-0212
주소 전북특별자치도 임실군 성수면 도인2길 45 임실N농특산물 유통센터 2층
영업시간 11:00~20:30 (준비시간 14:30~16:30 / 마지막 주문 20:00)
휴일 매주 월요일
주차 가능 (약 380대)
대표메뉴 갈비탕
취급메뉴 한우암소불고기전골 / 육회비빔밥 / 생고기상차림 등","등록된 댓글이 없습니다.
","전북특별자치도 임실군 성수면 도인2길 45 임실N농특산물 유통센터 2층","2025-03-18 16:27:43",35.63134,127.302143
33,33,"유금와당박물관> 여행지 :대한민국 구석구석","유금와당박물관은 동아시아 와당과 전돌 그리고 중국 도용, 그 외에 각종 도·토기류를 소장하고 있다. 2개의 전시실을 운영하고 있으며, 동전시실은 상설전시실로 한국와당을 시대별로 감상할 수 있다. 서전시실은 기획전시실로 매년 1회 와당과 도용의 시대별, 테마별 다양한 주제로 전시를 개최하고 있다. 또한 와당과 도용 연계 교육프로그램이 운영되고 있어 동아시아 역사를 재미있게 배우고 경험할 수 있는 공간이다.","문의 및 안내 02-394-3451
홈페이지 http://yoogeum.org/
주소 서울특별시 종로구 창의문로11가길 4 (부암동)
이용시간 화요일~토요일 14:00~17:00
※ 단체교육이 진행 중인 경우 관람에 제한이 있음
휴일 매주 일요일~월요일 / 공휴일
주차 불가능
이용요금 일반요금 5,000원
※ 무료 : 소외계층 / 미취학 아동 / 유금와당박물관 회원(학술, 예술, 기부) / 매월 마지막 주 수요일 ‘문화가 있는 날’
할인 정보 할인요금 3,000원
※ 할인요금 대상자 : 청소년 / 단체 10인이상 / 경로 / 장애인, 지역주민 등
체험프로그램 와당 속 무늬 / 역사 속 우리와당 / 와당아 놀자 (와당탁본) / 활짝 핀 꽃와당 / Color Your Own Mug! 마음을 다스리는 와당 컬러링 머그 / 와당무늬 에코백만들기 등
더보기","등록된 댓글이 없습니다.
","서울특별시 종로구 창의문로11가길 4 (부암동)","2025-03-18 16:27:52",37.593709,126.962645
34,34,"남산식육식당> 여행지 :대한민국 구석구석","경산시 남산면에 있는 남산식육식당은 번호표를 뽑고 기다려야 할 만큼 유명한 소고기 전문점이다. 이곳은 옛날 정육점처럼 유리로 된 냉장고에 고기를 걸어두고 판매한다. 소고기는 국내산 한우 암소를 사용하며 토시살, 안창살, 구이, 육회, 생고기(뭉티기), 된장찌개 등의 메뉴가 있다. 예약이 불가능하며, 방문 대기하여야 한다. 남산식육식당에서는 소고기를 따로 구매할 수 있다.","문의 및 안내 053-852-5124
주소 경상북도 경산시 남산면 산양1길 6
영업시간 11:00~20:30 (마지막 주문 19:30)
휴일 매주 월요일 (단, 월요일이 공휴일일 경우 다음날 휴무)
주차 가능
요금 (무료)
대표메뉴 안창
취급메뉴 구이 / 육회 / 생고기(뭉티기) / 된장찌개 등","등록된 댓글이 없습니다.
","경상북도 경산시 남산면 산양1길 6","2025-03-18 16:27:58",35.793633,128.836241
35,35,"명월리산촌생태마을> 여행지 :대한민국 구석구석","명월리산촌생태마을은 삼악산 줄기에 위치하고 계관산으로 둘러싸여 있으며, 맑은 계곡과 산림청 채종림이 가까이 있다. 여름철에는 민박, 바비큐장, 족구장, 수영장을 이용할 수 있다. 겨울에는 절임 배추, 김장 체험, 얼음낚시, 썰매체험이 가능하다. 마을에서는 1년 내내 떡메 체험도 운영하고 있다. 명월마을 근거리에 의암댐, 스카이워크, 애니메이션 박물관, 레일바이크 역이 가까이 있어 다양하게 재미를 느낄 수 있다.","문의 및 안내 033-251-9633
홈페이지 https://myeongwolri1.modoo.at/
주소 강원특별자치도 춘천시 서면 명월길 410
이용시간 상시 개방
휴일 연중무휴
주차 가능(소형 약 10대 / 대형 2대)
체험 안내 떡케익체험 / 두부체험 / 장 담그기(된장, 고추장, 막장) / 기름짜기 체험 등
체험가능 연령 전 연령
시설이용료 - 초롱꽃방 120,000원
- 해바라기방 150,000원
- 체험관 회의실 100,000원
- 방 150,000원
- 전체 400,000원
- 평상(1개당) 30,000원
더보기","등록된 댓글이 없습니다.
","강원특별자치도 춘천시 서면 명월길 410","2025-03-18 16:28:05",37.880213,127.636963
36,36,"인천 송현시장> 여행지 | '열린 관광' 모두의 여행:대한민국 구석구석","송현시장은 동인천역 북쪽에 자리한 전통시장이다. 6·25 전쟁 이후 고향을 잃은 실향민들과 일자리를 찾아 도시로 모여든 이주민들이 증가하면서 1960년대 초에 자연적으로 생성되었으며 주로 농축산물과 수산물, 가공식품, 생활용품들을 취급한다. 시장 주변에 대규모 아파트 단지가 들어서 있어 고정적인 단골손님들이 많고 인근에 송현자유시장과 중앙시장이 위치해 상권이 골고루 퍼져 있는 편이다. 송현시장은 2008년에 문화관광형 시장에 선정되어 시장 골목에 아케이드를 설치하고 바닥에는 보도블록을 깔아 단정하고 깨끗한 느낌이다. 또한 주변에 쉬어갈 수 있는 공원이 있어 여느 재래시장답지 않게 여유롭고 문화적인 분위기이다. 한편 ‘송현’은 솔고개에서 따온 이름이다. 송림동과 송현동 사이에 솔고개라 불리는 소나무가 자라는 언덕이 있었는데 이를 한자로 쓰면 송현(松峴)이 된다.

(출처 : 인천투어)
내용 더보기","문의 및 안내 032-773-2368
홈페이지 itour.incheon.go.kr
주소 인천광역시 동구 화도진로44번길 18
이용시간 ※ 점포별 상이함
휴일 매월 둘째 주 화요일
주차 가능
요금 (무료)
판매 품목 농수축산물 및 잡화
접근로 출입구까지 턱이 없어 휠체어 접근 가능함. 휠체어 사용자가 손쉽게 이용할 수 있음 (평지) 이동경로 폭 : 약 1m (매우 협소함)
출입통로 주출입구는 턱이 없어 휠체어 접근 가능함. 휠체어, 전동 스쿠터 이동 가능. 바닥표면 아스팔트.
장애인 주차 안내 장애인 주차장 있음(1대/공영주차장)_무장애 편의시설 주변 휠체어 이용자 등이 이용할 수 있는 여유공간 없음 관광지 주출입구와의 거리 : 약 100m
더보기","등록된 댓글이 없습니다.
","인천광역시 동구 화도진로44번길 18","2025-03-18 16:28:09",37.475942,126.634791
37,37,"임고강변공원> 여행지 | '열린 관광' 모두의 여행:대한민국 구석구석","임고강변공원은 경북 영천시 임고면에 자리 잡고 있다. 임고면 자호천 주변 약 5만㎡의 하천 부지에 수변 공원을 조성했다. 광장, 물놀이장, 분수, 정자, 농구장, 족구장, 산책로 등의 편의 시설과 바라만 봐도 시원한 인공 폭포를 갖추고 있다. 모든 시설은 무료로 이용할 수 있으며, 친환경적인 야외 공간이라 가족 단위의 피서나 운동, 산책하기에 좋은 수변 공원이다.","문의 및 안내 054-330-6891
주소 경상북도 영천시 임고면 덕연리 132-8
이용시간 상시 개방
주차 가능 (소형 200대)
※ 여름철 성수기에만 받음
접근로 출입구까지 턱이 없어 휠체어 접근 가능함
출입통로 주출입구는 턱이 없어 휠체어 접근 가능함_무장애 편의시설
보조견 동반 동반가능_시각장애인 편의시설","
댓글 더보기","경상북도 영천시 임고면 덕연리 132-8","2025-03-18 16:28:24",36.046282,128.991545
38,38,"국제갤러리> 여행지 | '열린 관광' 모두의 여행:대한민국 구석구석","국제갤러리는 1982년 개관 이후 지금까지 대표적인 국내 화랑으로서 세계적으로 유명한 현대미술 작가의 작품과 그 흐름을 접하고 감상할 수 있는 기회를 제공한다. 헬렌 프랑켄댈러, 샘 프란시스, 짐 다인, 프랭크 스텔라, 로버트 맨골드, 안토니 카로와 같은 해외 주요 작가들의 작품을 소개하고 전시하는 선도적인 역할을 수행하여 그 중요성을 국내외에서 인정받고 있다.
국제갤러리는 세계 전역의 작가들과 그들이 속한 갤러리 및 아트딜러들과 직접 연계하여 전시기획 업무를 진행하며, 장래성 있는 작가 발굴, 지속적인 작품 제작 후원 및 국제무대 진출을 위한 중요한 통로와 지지기반 구축 등에 힘써왔으며, 한국 예술가들을 지원하고 세계 미술계에 소개하는 역할을 한다.
내용 더보기","문의 및 안내 02-735-8449
홈페이지 https://www.kukjegallery.com/
주소 서울특별시 종로구 삼청로 54 (소격동)
이용시간 - 월요일~토요일 10:00~18:00
- 일요일 및 공휴일 10:00~17:00
휴일 연중무휴
주차 불가능
이용요금 전시 별로 상이함
장애인 주차 안내 장애인 전용 주차구역 있음_무장애 편의시설
화장실 장애인 전용 화장실 있음","등록된 댓글이 없습니다.
","서울특별시 종로구 삼청로 54 (소격동)","2025-03-18 16:28:28",37.580694,126.980207
39,39,"먹골집> 여행지 :대한민국 구석구석","먹골집은 2003년 1월에 오픈하여 현재까지 한자리에서 영업을 하고 있다.
대표 메뉴는 누룽지 백숙이며 그 외에도 들깨 백숙, 산양 산삼 한방 백숙 등 백숙 요리를 맛볼 수 있다. 또한 영주 한우 사골 베이스의 소고기 버섯전골, 한우 인삼 불고기, 그리고 돼지고기 고추장 볶음도 즐길 수 있다.
최대 100명까지 수용할 수 있어 단체로 방문하기 좋은 곳이다.
내용 더보기","문의 및 안내 054-638-2022
홈페이지 https://www.instagram.com/youngjumgj
주소 경상북도 영주시 이산면 웃무리로 86 먹골집
영업시간 [평일]
- 11:00~20:30
- 준비시간 14:00~16:30
- 마지막 주문 20:00
[주말]
- 11:00~20:30
- 마지막 주문 20:00
휴일 매주 월요일
주차 가능 (소형, 중형 50대)
대표메뉴 누룽지백숙
취급메뉴 영주한우인삼 불고기 / 소고기 버섯전골 / 돼지 고추장볶음 등
닫기","등록된 댓글이 없습니다.
","경상북도 영주시 이산면 웃무리로 86 먹골집","2025-03-18 16:28:36",36.825929,128.643778
40,40,"척야산 문화수목원> 여행지 | '열린 관광' 모두의 여행:대한민국 구석구석","척야산 문화수목원은 척야산 일대에 조성되어 있는 수목원이다. 척야산 문화수목원이 다른 수목원과 다른 점이 있다면 고구려시대의 광개토대왕비, 발해시대의 석등 및 요망대기 및 이순신 장군과 안중근 의사의 말씀 비석이 자리 잡고 있어 우리나라 역사에 대해 생각해 볼 수 있는 기회를 만들어 준다는 것이다.
척야산 문화수목원에 들린다면 수많은 꽃과 나무를 자연의 상태로 만나볼 수 있다. 또한 피톤치드가 가득한 곳이어서 음이온이 나오고 건강해지는 느낌을 받을 수 있어 좋다. 나무와 꽃만 구경하다 지루할 때쯤이면 우리나라 역사에 관한 다양한 문화재도 함께 있으니 꼭 들려서 자연 속에서 상쾌함을 맛보고 가길 바란다.

(출처 : 강원특별자치도청)
내용 닫기","문의 및 안내 033-435-6546
홈페이지 https://www.hongcheon.go.kr/tour/index.do
주소 강원특별자치도 홍천군 내촌면 동창로 282
이용시간 상시 개방
휴일 연중무휴
주차 가능
입장료 무료
접근로 출입구까지 턱이 없어 휠체어 접근 가능함
출입통로 주출입구는 턱이 없어 휠체어 접근 가능함_무장애 편의시설
보조견 동반 동반가능_시각장애인 편의시설","등록된 댓글이 없습니다.
","강원특별자치도 홍천군 내촌면 동창로 282","2025-03-18 16:28:40",37.782018,128.158369
41,41,"해파랑공원> 여행지 | '열린 관광' 모두의 여행:대한민국 구석구석","영덕 강구항에 위치한 해파랑공원은 영덕대게축제 등 넓은 공간이 필요한 다양한 행사를 진행하기 위한 장소 조성과 함께 시민과 관광객들에게 휴식 공간을 제공하기 위해 만든 공원이다. 해파랑공원 옆에는 대게거리가 있고 공원에서 바닷길을 따라 영덕 블루로드길을 걸을 수 있는 산책로가 있어 식사 후 동해안의 눈부신 바다를 보며 산책하기에 알맞다.","문의 및 안내 054-730-6114
홈페이지 http://tour.yd.go.kr/
주소 경상북도 영덕군 강구면 영덕대게로 132
접근로 출입구까지 턱이 없어 휠체어 접근 가능함
출입통로 주 출입구는 턱이 없어 휠체어 접근 가능함
보조견 동반 동반 가능
장애인 주차 안내 장애인 주차장 있음_무장애 편의시설
점자 블록 점자블록 있음(주요시설 앞)_시각장애인 편의시설
영유아가족
기타상세 장애인 화장실 내 유아용 보호의자, 기저귀 교환대 있음","
배경의 댓글은 현재 가볼래-터 3월호 미션을 완료한 댓글입니다.
주차장도 넓고 공원이 넓어서 애들과같이 걷기 딱좋은 코스입니다 덤으로 근처에 대게도 먹을수있어서 나들이가기 딱 좋은곳이에요
단***을 2025. 3. 17.
00
신고하기
게동상이 크고 멋있어서 사진이 잘 나와요!
주*희 2025. 3. 9.
00
신고하기
댓글 더보기","경상북도 영덕군 강구면 영덕대게로 132","2025-03-18 16:28:50",36.361446,129.392326
42,42,"갤러리 미즈> 여행지 :대한민국 구석구석","갤러리 미즈는 한국의 현대미술을 세계 속에 소개하고 있는 갤러리이다. 이 외에도 뉴욕, LA를 비롯하여 북경, 홍콩 등 주요 아트페어에 참가하고, 기획전과 초대전을 비롯해 한국 미술의 발전을 위한 견인차 구실을 해오고 있다. 특히, 작가 발굴을 위한 일련의 MIZ Artists 프로그램은 젊은 작가를 지속해서 지원하는 것으로 이 제도를 통해 작가 김지현 등 20여 명이 배출되어 한국화단의 중추적 역할을 하며 활발한 활동을 해오고 있다.
갤러리 미즈는 제삼 세계 미술 소개 등 국제적 문화교류 협력 차원의 전시 기획과 21세기 정보화 시대에 따른 인터넷 미술 시장에 대한 점진적인 확대를 비전으로 두고 있다. 또, 21세기 문화 가족 만들기와 일련의 기획 시리즈 전시와 같은 다양한 프로그램도 기획하고 있다.
내용 닫기","문의 및 안내 02-722-8005
홈페이지 http://gallerymiz.com/
주소 서울특별시 종로구 삼일대로 461 (경운동) 101동 B105
이용시간 10:30~18:30
휴일 연중무휴
주차 불가능
이용요금 무료","등록된 댓글이 없습니다.
","서울특별시 종로구 삼일대로 461 (경운동) 101동 B105","2025-03-18 16:29:07",37.575553,126.986481
43,43,"한서남궁억유적지> 여행지 :대한민국 구석구석","한서 남궁억 유적지는 기념관과 옛 예배당, 무궁화공원, 한서 묘역 등으로 이루어져 있다. 기념관에는 남궁억 선생의 약력 및 업적에 대한 자료와 사진자료를 소개하고 있으며, 전시실 옆에는 일제에 의해 강제 폐쇄되었던 예배당을 복원해 놓았다. 국사 교과서에서 한 번쯤은 보고 배웠을 인물을 살아생전에는 만나보지 못했지만 그를 조금 더 알아가고 싶다면 들러보기에 좋은 곳이다. 또한 이곳은 휴식을 할 수 있는 공간이 많아 잠시 쉬어가기 좋은 곳이다.
내용 닫기","문의 및 안내 033-430-4488
홈페이지 https://www.hongcheon.go.kr/tour/index.do
주소 강원특별자치도 홍천군 서면 한서로 667
이용시간 09:00~18:00
휴일 매주 월요일 / 1월 1일 / 설·추석 연휴
주차 가능
입장료 무료","등록된 댓글이 없습니다.
","강원특별자치도 홍천군 서면 한서로 667","2025-03-18 16:29:11",37.688076,127.59876
44,44,"황소곳간> 여행지 :대한민국 구석구석","‘황소곳간’은 경북 안동시에 위치한 소고기 구이와 불고기 맛집으로 현지인뿐만 아니라 관광객들도 많이 찾는 식당이다. 이곳은 정육식당으로 운영 중이라 직접 고기를 고를 수 있으며 좋은 가격에 구매가 가능하다. 매장 내부는 넓고 입식테이블이 많이 있어 단체 모임이나 회식 등의 장소로 좋으며 룸도 있어 조용하게 식사가 가능하다. 메뉴 주문 시 콩나물무침, 파절임, 김치 등 다양하고 정갈하게 구성된다. 대표메뉴인 불고기 전골은 양념된 고기와 당면, 파, 버섯 등이 들어가며 자리에서 끓여서 익힌 후 맛볼 수 있다. 짭짤하고 달콤한 양념이 된 고기와 흰쌀밥의 조합이 좋아 인기가 좋다.
내용 닫기","문의 및 안내 054-843-1002
주소 경상북도 안동시 풍산읍 풍산태사로 1029
영업시간 10:00~21:00
휴일 연중무휴
주차 가능
대표메뉴 불고기전골
취급메뉴 육회 / 육회 비빔밥 / 한우곰탕 / 소고기 구이 / 냉면 등","등록된 댓글이 없습니다.
","경상북도 안동시 풍산읍 풍산태사로 1029","2025-03-18 16:29:17",36.578872,128.570717
45,45,"그라운드서울> 여행지 :대한민국 구석구석","2012년 9월에 개관한 그라운드서울은 국내 유일의 갤러리와 기획전시공간을 결합한 신개념 복합문화공간으로, 미술을 애정하는 모든 문화인들을 위한 놀이터로서 함께 즐기고 자유롭게 소통하는 공간이다. 한국 예술문화의 중심지인 서울 인사동에서 다양한 전시를 통해 대중예술의 가치를 높이고 창의적인 전시를 선도하고자 태어난 복합 문화 공간이다. 지하 4층부터 지상 5층까지 총 9개의 층으로 40~180평에 이르는 15개의 전시실로 구성되어 있다. 전시장 평균높이는 3.5m이며, 최대 14m로 폭넓은 예술장르를 수용할 수 있다. 특히 지하 4개 층을 관통하는 자연채광의 아름다움은 전시되는 작품들을 한층 돋보이게 하고 풍부한 분위기를 연출할 수 있다.
그라운드서울은 한국 최대의 문화 중심지, 그 가운데 위치함으로써 높은 수준의 문화예술을 보급하는데 크게 유리한 입지적 조건을 갖추었다. 그라운드서울을 중심으로 인사동 일대에 산재한 문화예술 공간들은 시너지 효과를 누릴 수 있으며, 이 시너지 효과는 다시 그라운드서울의 에너지로 재흡수되는 선순환 구조를 이루고 있다.
내용 더보기","문의 및 안내 1661-9131
홈페이지 공식 홈페이지 http://www.groundseoul.com/
공식 인스타그램 https://www.instagram.com/groundseoul_official
주소 서울특별시 종로구 인사동9길 26 (견지동)
이용시간 10:00~19:00 (입장마감 18:00)
※ 전시 별로 관람시간이 상이하므로 자세한 사항은 홈페이지 참조
휴일 설·추석 연휴 당일
주차 가능
주차 요금 10분당 800원
이용요금 ※ 전시 별로 상이함 (홈페이지 내 해당 전시 안내 페이지에서 정확한 관람료를 확인할 수 있음)
더보기","
댓글 더보기","서울특별시 종로구 인사동9길 26 (견지동)","2025-03-18 16:29:20",37.573262,126.983844
46,46,"의산서원> 여행지 :대한민국 구석구석","의산서원은 영주지역에서 네 번째로 설립된 서원으로, 사액서원인 소수서원과 이산서원에 비해 명성이 드러나 있지 못하지만, 조선 후기에는 이들과 더불어 영주를 대표하는 서원으로 손꼽혔다. 또한 서원의 사우인 절효사(경덕사)에 배향된 이개립과 김응조는 역임한 관직이나 학문적 성취에서 역사상 뚜렷한 족적을 남긴 인물들로 볼 수 있다.
이 서원은 마을 사림들이 후진양성을 위해 광해군 2년(1610)에 성곡 2리 의산마을(분지거릉골) 행의사 터에 의산서당을 건립한 데서 시작한다. 현종 5년(1664) 사당을 건립하여 성오당 이개립(省吾堂 李介立)의 위패를 봉안하면서 절효사(節孝祠)라 불리다가, 숙종 5년(1679) 학사 김응조(鶴沙 金應祖)를 배향하면서 서원으로 승격되었다. 고종 때 철폐되었으나 1970년에 현 위치에 복원하면서 절효사를 경덕사(景德祠)로 바꾸었다.
서원은 양졸당(養拙堂), 의산서당, 내삼문, 사당이 일직선상으로 배치되어 있고, 각 건물은 조금씩 비켜 앉아 있다.
양주 향촌사회를 이끈 공론을 생산하는 유생들의 근거지가 되었으며 다수의 과거 급제자를 배출한 중요한 교육기관이며, 현재도 매년 음력 3월 중정(中丁)에 향사를 지내고 있어 향사의 전통이 유지되고 있다.
내용 닫기","문의 및 안내 영주시청 문화예술과 054-639-6581~4
홈페이지 https://www.heritage.go.kr
주소 경상북도 영주시 장수면 용주로342번길 11-20
이용시간 상시 개방
휴일 연중무휴
주차 가능
지정현황 경상북도 기념물 영주 의산서원 (2016.03.17 지정)
입장료 무료","등록된 댓글이 없습니다.
","경상북도 영주시 장수면 용주로342번길 11-20","2025-03-18 16:29:24",36.783198,128.544551
47,47,"배다리 헌책방 골목> 여행지 | 산업관광:대한민국 구석구석","배다리 헌책방 골목은 인천의 역사와 함께해 온 서민들의 삶터로 인정받고 있다. 5개 서점이 자리를 지키고 있고, 국문학 고서 자료에서부터 미술, 음악, 한방, 어린이 전집류, 사전류 까지 모든 서적을 통틀어 취급하고 있다. 또한, 골목 입구에 들어서면 낡은 골목의 담에 배다리 사람들의 옛 모습과 생활 등을 그려 넣은 배다리 벽화거리를 만날 수 있으며 최근 드라마 ‘도깨비’ 촬영지로 인기를 끌면서 방문객이 끊이지 않고 있다.
내용 닫기","문의 및 안내 032-770-6100
홈페이지 https://www.icdonggu.go.kr/tour
주소 인천광역시 동구 금곡로 3 (금곡동)
이용시간 ※ 점포별 상이함
휴일 연중무휴
주차 가능
요금 (무료)
입장료 무료
출입통로 자동문, 미닫이 문
보조견 동반 보조견 동반 입장 가능
점자 블록 화장실 출입문 앞 점자블록 있음
영유아가족
기타상세 화장실 내 기저귀 교환대 있음
안내 요원 안내요원 있음
닫기","
배다리 헌책방은 교과서 구하러 가던 곳이었어요 요즘 드라마 영화촬영도 종종하고 카페 사진 전시관도 있어서 데이트코스로 짱이에요
봉* 2024. 7. 18.
00
신고하기
방문자 후기
혼자 인천에 온거라 이곳을 그냥 훑어보고 스쳐지나갔지만 다음에 여자친구랑 오면 예쁘게 사진 찍어줄겁니다ㅎㅎ
오*년 2024. 6. 19.
00
신고하기
신고하기
바로 근처에 라이트하우스 카페 넘 좋아요
H*******윤 2021. 10. 2.
11","인천광역시 동구 금곡로 3 (금곡동)","2025-03-18 16:29:33",37.472709,126.636116
48,48,"문경새재 3관문(조령관)> 여행지 :대한민국 구석구석","백두대간의 조령산 고개를 넘는 새재는 예로부터 영남지방과 서울을 연결하는 관문이자 군사적 요새지이다. 새재라는 지명은 새도 날아서 넘기 힘든 고개, 새로 된 고개, 억새풀이 우거진 고개 등의 뜻을 가지고 있다. 이름에서 알 수 있듯이 새재는 산새가 높고 험준한 곳에 자리 잡고 있다. 문경새재에는 1 관문인 주흘관, 2 관문인 조곡관, 3 관문인 조령관 총 3개의 관문이 있다. 그중 3 관문은 새재 정상에 자리 잡고 있다. 북쪽에서 침입하는 적을 막기 위해 선조 때 공사를 시작하여 숙종 때 중창한 3 관문은 고려 초부터 조령이라 불리면서 중요한 교통로의 역할을 하였다. 문루는 1907년 훼손되어 불에 탔고, 홍예문과 누각, 좌우의 석성 135m는 1976년 복원하여 현재에 이르렀다.
내용 더보기","문의 및 안내 054-550-8363
홈페이지 https://www.gbmg.go.kr/tour/
주소 경상북도 문경시 문경읍
휴일 연중무휴
주차 가능
입장료 무료","등록된 댓글이 없습니다.
","경상북도 문경시 문경읍","2025-03-18 16:29:38",36.737329,128.107004
49,49,"DMZ 생생누리> 여행지 | 한국관광100선:대한민국 구석구석","DMZ 생생누리는 DMZ를 보다 가깝고 생생하게 체험하고 즐길 수 있는 곳이라는 뜻을 담고 있다. DMZ와 접경지역의 역사, 상징성, 생태환경 등의 다양한 가치와 매력을 실감미디어콘텐츠로 구현하여 방문객들에게 재미있고 의미 있는 경험을 제공하는 곳이다.","문의 및 안내 070-4123-1393
홈페이지 https://blog.naver.com/dmz_live
주소 경기도 파주시 문산읍 임진각로 148-57
이용시간 10:00~18:00
휴일 매주 월요일
주차 가능
입장료 [개인]
- 성인 8,000원
- 청소년 및 어린이 5,000원
※자세한 사항은 홈페이지 참조","등록된 댓글이 없습니다.
","경기도 파주시 문산읍 임진각로 148-57","2025-03-18 16:29:42",37.890521,126.739695
50,50,"용궁순대> 여행지 | '열린 관광' 모두의 여행:대한민국 구석구석","‘용궁순대’는 40여 년 전통으로 대를 잇는 식당이다. 경북 예천 명소인 회룡포(5㎞)와 천연기념물인 세금을 내는 나무 황목근(1.5㎞)이 위치해 있으며 삼강주막(6㎞)도 주변에 위치한다. 용궁순대는 천안의 병천순대나 용인의 백암순대와 함께 3대 순대로도 불리며, 예천군 용궁면에서 만들어졌다고 해서 용궁순대가 됐다고 한다. 여느 순대들과 비교해 용궁순대가 특별한 것은 두툼한 돼지 막창으로 만든다는 점이다. 돼지의 소창이나 대창을 사용하는 일반적인 순대와 달리 막창으로 순대피를 만드는 용궁순대는 그 식감이 더 풍부하고 깊다.
내용 닫기","문의 및 안내 054-655-4554
주소 경상북도 예천군 용궁면 용궁로 158
영업시간 08:00~20:00 (마지막 주문 19:40)
휴일 매월 둘째 주 화요일
주차 가능
요금 (무료)
대표메뉴 순대국밥
취급메뉴 순대 / 오징어불고기 / 돼지불고기 / 얼큰국밥 / 특순대국밥 등
출입통로 문의 형태 : 여닫이문
출입통로가 넓어 휠체어, 전동 스쿠터 접근 쉬움.
접근로 테이블 간격이 넓어 휠체어, 전동 스쿠터 사용자 이용 쉬움.
내부 턱 없음.
지체장애 기타 상세 의자식 테이블 있음_무장애 편의시설
장애인 주차 안내 장애인 전용 주차구역 없음.
식당 부지 내 주차장 있음.
유아용보조의자 유아용 보조의자 있음.
대중 교통 대중교통 이용 가능 : 용궁정류소 정류장
저상버스 없음.
유아용보조의자 유아용 보조의자 있음.
닫기","
이 곳 오징어불고기 맛집입니다!간다면 꼭 오징어불고기 드시는 걸 추천해요 제가 먹어본 오징어 중에 가장 맛있었어요
박*린 2019. 9. 24.
00
신고하기","경상북도 예천군 용궁면 용궁로 158","2025-03-18 16:29:50",36.60748,128.282492
51,51,"수달연구센터> 여행지 | '열린 관광' 모두의 여행:대한민국 구석구석","내용 더보기",더보기,"등록된 댓글이 없습니다.
",,"2025-03-18 16:30:00",NULL,NULL
52,52,"자하미술관> 여행지 | '열린 관광' 모두의 여행:대한민국 구석구석","종로구 부암동에 위치한 자하미술관은 서울에서 가장 높은 곳에 위치한 미술관이다. 도심에서 멀지 않으면서도 북악산과 인왕산이 한눈에 들어오는 아름다운 풍경을 자랑한다. 1층과 2층 전시실로 이루어져 있으며, 2층 전시실에서 내려다보는 인왕산 절경이 특히 아름답다.
자하미술관에서는 자연이 살아 숨 쉬는 아름다운 건축물과 더불어 미학적, 인문학적 바탕을 토대로 한 동시대 신진, 중진 작가들의 기획전을 만나볼 수 있다.
내용 더보기","문의 및 안내 02-395-3222
홈페이지 https://www.zahamuseum.org/
주소 서울특별시 종로구 창의문로5가길 46 (부암동)
이용시간 10:00~18:00 (입장마감 17:30)
※ 전시일정 확인 후 방문
휴일 매주 월요일
주차 가능
주차 요금 무료
이용요금 무료
접근로 출입구까지 단차가 없어 휠체어 접근 가능함_무장애 편의시설(제1전시장 휠체어 진입 가능)
출입통로 주출입구는 단차가 없어 휠체어 접근 가능함
화장실 장애인 전용 화장실 있음
닫기","
사진상으로 보면 감상할게 많아보이진 않는데 그래도 근처간다면 한번 가봐야겠어요!
짜* 2022. 10. 12.
00
신고하기
같은서울이라 꼭 가고파요
리* 2021. 10. 15.
01
신고하기
도심속 미술여행인가요. 서울이라 꼭 한번 가보고싶습니다.
수*나 2021. 10. 15.
01
신고하기","서울특별시 종로구 창의문로5가길 46 (부암동)","2025-03-18 16:30:07",37.589368,126.960283
53,53,"꿩샤브샤브> 여행지 :대한민국 구석구석","20년 넘는 한결같은 맛 때문에 전국적으로 단골손님이 많아 그 유명세가 대단한 곳이다. 주요리인 꿩샤브샤브는 살을 바른 꿩의 뼈를 8시간 동안 고아 만든 육수에 투명할 정도로 얇게 썬 가슴살 샤브와 야채를 함께 데쳐 먹는 것으로 담백하고 구수한 그 맛이 일품이다. 그리고, 참깨를 넣고 볶은 요리, 꿩탕수육, 꿩만두, 남은 육수로 끓인 수제비까지 5가지로 코스가 이어지는데 그 맛 또한 깔끔하다. 특히 참외의 고장답게 참외장아찌가 반찬으로 나오는데 그 맛이 별미다.
내용 더보기","문의 및 안내 054-932-4037
주소 경상북도 성주군 가천면 가천로 113
영업시간 12:00~21:00
휴일 연중무휴
주차 가능
좌석수 60석
대표메뉴 꿩샤브샤브
취급메뉴 꿩탕 / 촌닭백숙 / 촌닭도리탕 / 소고기주물럭 등","등록된 댓글이 없습니다.
","경상북도 성주군 가천면 가천로 113","2025-03-18 16:30:11",35.886943,128.162048
54,54,"화도진지> 여행지 | '열린 관광' 모두의 여행:대한민국 구석구석","진은 진영(鎭營)을 줄여 부르는 말로 지방의 군사를 관리하던 지방관제의 하나이다. 화도진은 조선 후기 자주 나타나는 서구의 함선을 감시하기 위해 군대가 주둔하던 곳으로 장도포대와 논현포대를 관장하였다. 화도진의 설치는 인천 항구의 개방을 요구하는 일본에 대비하여, 조정에서 어영대장 신정희와 강화유수 이경하에게 만들도록 하여, 1879년 완성되었다. 그러나 갑오개혁에 따른 군대 관리제도 개혁으로, 진이 철폐되고 건물도 철거되었다. 한편, 화도진은 1982년 화도진을 그린 ‘화도진도’를 보고 옛 건물을 복원하였다.

(출처 : 국가유산청)
내용 더보기","문의 및 안내 032-440-4063
홈페이지 인천 동구 문화관광 https://www.icdonggu.go.kr/tour
국가유산청 https://www.khs.go.kr/main.html
주소 인천광역시 동구 화도진로 114 (화수동)
이용시간 상시 개방
휴일 연중무휴
주차 가능
요금 (무료)
지정현황 인천광역시 기념물 화도진지 (1990.11.09 지정)
입장료 무료
접근로 경사 및 단차 없음
출입통로 바퀴 달린 여닫이 철문으로 관람 가능한 시간 동안 열려 있음
장애인 주차 안내 장애인 주차장 있음, 지상에 2면
장애인 주차장 위치에서 관광지로 바로 연결되는 출입구는 경사로를 통해서 접근이 가능하나
주차장 출입구를 통해 돌아서 정문으로 접근하면 경사로 없이 접근이 가능
화장실 장애인 화장실 있음 (슬라이딩 도어, 손잡이, 자동물내림, 비상 호출벨, 영유아 거치대)
닫기","등록된 댓글이 없습니다.
","인천광역시 동구 화도진로 114 (화수동)","2025-03-18 16:30:16",37.481191,126.628341
55,55,"경포생태저류지> 여행지 :대한민국 구석구석","경포생태저류지는 집중 호우 시 하천 범람 우려가 있어 하천 기본 계획 및 수해 방지 종합 대책에 의거 저류지를 조성하여 수해로부터 인명과 재산을 예방하고자 설치되었다. 강릉의 명소 오죽헌과 경포호수의 사이에 위치해 있다. 이곳에는 많은 사람이 즐기며 볼 수 있도록 산책로가 조성되어 있다. 바닷바람에 실려 오는 꽃향기를 맡으며 힐링할 수 있는 강릉의 명소이다. 봄에는 유채꽃밭이 화사하게 펼쳐지고, 가을에는 코스모스가 넓은 들판에 펼쳐져 장관을 이룬다. 백로, 청둥오리, 두루미 등 철새들을 볼 수 있는 것도 또 하나의 볼거리이다.
내용 닫기","문의 및 안내 033-660-2018
홈페이지 https://visitgangneung.net/
주소 강원특별자치도 강릉시 죽헌동 745 (죽헌동)
이용시간 상시 개방
휴일 연중무휴
주차 가능","
산책로가 좋아 계절마다 다른맛을 주는 좋은길이죠. 특히 봄의 벚꽃과 여름의 싱그러운 나무들 덕분에 기분이 좋아지는 길.
방***신 2024. 8. 17.
00
신고하기
사진 찍기 너무 좋았어요 나무가 주루룩 서 있는 길에서 인생샷 건졌어요~ 오죽헌과도 가까워요!
봄* 2022. 3. 15.
00
신고하기","강원특별자치도 강릉시 죽헌동 745 (죽헌동)","2025-03-18 16:30:24",37.780748,128.884691
56,56,"화도진공원> 여행지 | '열린 관광' 모두의 여행:대한민국 구석구석","화도진은 구한말 인천 앞바다의 해안경계를 위해 설치한 것으로 신미양요와 운양호 사건 등 미국, 프랑스, 일본의 잇따른 내습에 자극받아 수도 서울의 유일한 수로관문이었던 현 화수동 138번지 일대에 위치하여 있다. 한미수교 1백 주년이 되는 지난 1982년 인천시가 이를 기념하기 위해 이 일대를 공원으로 조성하고 기념 표지석을 세웠다. 이후 1988년 12월에 동헌, 안채, 사랑채, 전시관 등 옛 화도진지를 기본으로 화도진병영을 완전 복원하고 각종 편의시설 및 부대시설을 갖춰 도심의 아늑한 휴식공간을 조성, 역사의 산교육장으로 거듭 태어났다. 동헌은 관리들이 집무를 행하던 장소로 당시 한미수호통상조약 체결 모습이 밀랍인형으로 만들어져 있다. 내사는 안주인의 거처로 안채라고도 부르며 안방에는 보료, 반짇고리, 버선장, 3 층장, 반닫이 등 각종 유물들이 진열되어 있고 대청마루에는 찬장과 쌀뒤주, 장탁자들이 당시의 생활모습을 재현하고 있다. 사랑채는 바깥주인이 거처하며 학덕이 높고 사회적 지위나 가세가 넉넉할수록 그 규모가 크고 당대 사회문화의 척도로서 주인의 정신적 성향, 경제적 능력을 말해주는가 하면 수군기지였던 화도진에서의 사랑채는 병사들이 기거하던 병영건물의 하나로 사용했다.
내용 더보기","문의 및 안내 032-763-3562
홈페이지 https://itour.incheon.go.kr
주소 인천광역시 동구 화도진로 114
이용시간 상시 개방
휴일 연중무휴
주차 가능
요금 (무료)
접근로 출입구까지 단차가 없어 휠체어 접근 가능함(휠체어 화도진지 진입 불가, 공원 산책 이동 가능)
출입통로 주출입구는 단차가 없어 휠체어 접근 가능함
장애인 주차 안내 장애인 전용 주차구역 있음_무장애 편의시설
화장실 장애인 전용 화장실 있음
점자 블록 점자블록 있음 (화장실 입구)_시각장애인 편의시설
닫기","
신고하기
인천 동구에 위치한 화도진공원! 옛스러운 분위기 속에서 산책을 할 수 있어서 좋았습니다. 해안경계를 위해 세웠던 곳이라고 한 것을 떠올리며 산책하니 더 의미가 있었어요:-)
하* 2025. 1. 16.
00
가볍게 산책하기 좋아요~ 야간에는 잘 꾸며놔서 반짝반짝 이쁩니다
김*숙 2024. 7. 6.
00
신고하기","인천광역시 동구 화도진로 114","2025-03-18 16:30:31",37.481191,126.628341
57,57,"제천샌드> 여행지 :대한민국 구석구석","오직 제천에서만 만날 수 있는 샌드 쿠키 '제천샌드'는 제천시의 사계절 지역 특산물을 제천의 랜드마크로 불리는 ‘의림지’의 작은 섬 ‘순주섬’을 형상화하여 만든 버터 쿠키 속에 잼으로 가득 담았다.
제천시의 지역 농가와 협업하여 제천 사과, 제천 신월리 복숭아, 제천 황기, 제천 얼음골 딸기 등 제천시 농가가 출하하는 특산물만을 사용하여 만든다.
내용 닫기","문의 및 안내 010-7227-5955
홈페이지 https://www.instagram.com/jc_sand_official/
주소 충청북도 제천시 풍양로13길 10-1 (중앙로1가) 1층
이용시간 - 월요일~토요일10:00~19:00
- 일요일 09:00~18:00
휴일 매주 수요일 / 매월 마지막 주 화요일, 수요일
주차 불가능
판매 품목 제천샌드","등록된 댓글이 없습니다.
","충청북도 제천시 풍양로13길 10-1 (중앙로1가) 1층","2025-03-18 16:30:36",37.137985,128.211445
58,58,"딜쿠샤> 여행지 | '열린 관광' 모두의 여행:대한민국 구석구석","딜쿠샤(DILKUSHA)는 페르시아어로 ‘기쁜 마음’이라는 뜻으로 앨버트 W. 테일러와 메리 L. 테일러 부부가 살던 집의 이름이다. 테일러 부부는 1923년에 공사를 시작하여 1924년에 딜쿠샤를 완공하였으며 1926년에는 화재가 발생해 1930년에 재건되었다. 1942년 일제가 테일러 부부를 추방한 후 딜쿠샤는 동생 윌리엄 W. 테일러가 잠시 관리하였으며, 이후 1959년에 자유당 조경규 의원이 딜쿠샤를 매입하였으나 1963년에 조경규 의원의 재산이 국가로 넘어가면서 딜쿠샤도 국가 소유가 되었다. 그 후로 오랜 기간 방치되어 본모습을 잃게 되었으며 2005년에 서일대학교 김익상 교수가 앨버트의 아들인 브루스 T. 테일러의 의뢰를 받아 딜쿠샤를 찾아내었다. 2006년 브루스는 마침내 66년 만에 자신이 어린 시절에 살던 딜쿠샤를 방문하였고 그렇게 다시 세상에 알려지게 되었다.
서울시는 딜쿠샤의 원형을 복원하기 위해 2016년 관계기관과 업무 협약을 체결하였다. 2017년 8월에 국가등록문화유산 ‘서울 앨버트 테일러 가옥(딜쿠샤)’로 지정되었다. 서울시에서는 2017년부터 딜쿠샤를 복원하여 전시관으로 조성하기 위해 학술용역 및 설계용역을 진행하였으며, 딜쿠샤에 거주하던 주민들과 원만히 협의하여 2018년 7월에 이주를 완료하였다. 이후 2018년 11월부터 건물의 원형을 복원하는 공사를 시작해 2020년 12월에 복원을 완료하였다. 복원을 마친 딜쿠샤의 내부 거실은 테일러 부부가 살던 당시의 모습으로 재현하였고 거실을 제외한 나머지 공간은 테일러 부부가 한국에서 생활하던 모습과 앨버트 W. 테일러의 언론활동을 주제로 한 전시실로 조성하여 2021년 3월 1일에 개관하였다.
내용 닫기","문의 및 안내 070-4126-8853
홈페이지 https://museum.seoul.go.kr
주소 서울특별시 종로구 사직로2길 17 (행촌동)
이용시간 09:00~18:00 (입장마감 17:30)
휴일 매주 월요일 / 1월 1일
※ 단, 월요일이 공휴일인 경우 개관
주차 불가능
이용요금 무료
출입통로 여닫이문
장애인 주차 안내 지상에 1면 있음
휠체어 휠체어 있음
화장실 전시실 1층에 1개 있음
영유아가족
기타상세 기저귀 교환대 있음
오디오 가이드 음성안내서비스 있음
닫기","
딜쿠샤의 의미에 반했고, 독립에 대한 외국인의 아름다운 마음에 반했으며, 호박 목걸이와 귀걸이에 반했습니다. 나도 이상향 딜쿠샤와 같은 집에서 살고 싶습니다. 딜쿠샤 앞의 은행나무도 참으로 잘 생겼어요
김*구 2024. 12. 20.
00
신고하기
<호박목걸이> 라는 딜쿠샤의 주인이었던 메리 L 테일러가 쓴 책을 읽고 방문했었는데 책에 나온 장면들과 물건들을 실제로 보니 매우 흥미로웠어요. 책의 필력이 좋고 당시 한국의 모습을 한국에 애정이 있든 외국인의 시각으로 볼수있어서 딜쿠샤 방문 전에 한번쯤은 읽어보는것을 추천합니다. 신발벗고 비치된 실내화신고 들어가야 하니 더운 여름이더라도 맨발보단 양말을 신고 방문하는 편이 좋아요.
s**********m 2024. 9. 10.
00
신고하기
오 건물내외관 독특한게 느낌 좋네여 다음에 가봐야겠습니다!
P*****o 2024. 5. 30.
00
신고하기
서울이아니라 로마나 이런곳에와있는듯한게 느낌이 색다르네요 한번가보고싶은곳이에요
김*♡ 2024. 1. 24.
00
신고하기
신고하기
없어지지않고 남아있어서 다행입니다 서대문독립공원 멀지 않으니 같이 가시면 좋아여
s*o 2023. 12. 19.
00
댓글 더보기","서울특별시 종로구 사직로2길 17 (행촌동)","2025-03-18 16:30:44",37.573037,126.963458
59,59,"화천한옥학교> 여행지 :대한민국 구석구석","한옥학교는 2004년 개교하여 현재 화천군청 부설 평생교육기관으로 한식 목공 기능인을 양성하고 전통문화를 계승하는 공간으로 운영되고 있다. 시설규모는 1,300평, 주차장 400평, 시설은 목조 한옥 5동, 철골조 실습동 2동 370평 정도이다. 만 19세 이상 누구나 입학 가능하고 등록 및 접수 기간은 학교 공지사항에 맞춰 진행된다. 한옥 주택을 설계하고 지어낼 수 있는 대목 반, 전통 창호와 가구를 제작하는 소목 반 과정 등의 정규교육과정이 있으며 한옥 체험, 한지 벽지, 시공 기술 보급사업 등을 실시하고 있다. 입학 비용은 전국에서 비교적 저렴한 편에 속하고 19세 이상이면 누구나 입학 가능하다. 교내에 있는 한옥 건물 일부는 학생들이 만든 것이며 일부는 한옥 펜션으로 운영된다.
내용 닫기","문의 및 안내 033-442-3366
홈페이지 http://www.hanokschool.co.kr/
주소 강원특별자치도 화천군 간동면 모현동로 182-35
이용시간 09:00~18:00
휴일 연중무휴
주차 가능
이용요금 수강과정별 상이
체험프로그램 한옥체험 / 목재간판만들기 / 목공실습 등","등록된 댓글이 없습니다.
","강원특별자치도 화천군 간동면 모현동로 182-35","2025-03-18 16:30:51",38.038922,127.790019
60,60,"만석부두> 여행지 :대한민국 구석구석","서울로 향하는 곡물을 만석이나 쌓아놓았던 곳이라 해서 만석이라는 이름이 붙었다는 만석부두는 주말이면 낚시꾼들이 즐겨 찾는 명소로 유명한 곳이다.
만석부두와 화수부두는 1970년대까지 인천의 대표 어항으로 인천 유일의 수산물 공판장이자 새우젓으로 전국적 유명세를 타고 있다. 또한 ‘노을 따라 해안산책로길’ 코스 중 한 곳으로 바다를 산책하며 볼 수 있도록 조성한 만석·화수해안산책로를 노을이 질 때 걸어 보면 좋다. 다른 바다에서는 볼 수 없는 거대한 조선소와 선박을 수리하는 병원, 물치도, 십자수로, 멀리 목재공장의 목재 찌는 증기와 아름다운 노을 등이 연출하는 풍광을 천천히 즐길 수 있는 길이다.
내용 닫기","홈페이지 https://www.icdonggu.go.kr/tour
주소 인천광역시 동구 만석동 9-34 (만석동)
이용시간 08:00~17:00 (변동 가능)
휴일 연중무휴
주차 가능
요금 (무료)
입장료 무료","등록된 댓글이 없습니다.
","인천광역시 동구 만석동 9-34 (만석동)","2025-03-18 16:30:56",37.486724,126.621379
61,61,"묵계서원 및 안동김씨 묵계종택> 여행지 :대한민국 구석구석","묵계서원은 보백당(寶白堂) 김계행(金係行) 선생과 응계(凝溪) 옥고(玉沽) 선생을 봉향(奉享) 하는 서원으로 조선 숙종 13년(1687)에 창건되었다. 보백당 선생은 조선 초기 성종 때 부제학(副提學)을 지낸 명신이며 응계선생은 세종 때 사헌부 장령을 지낸 바 있다. 고종 6년(1869)의 서원철폐령으로 사당(祠當)은 없어지고 강당만 남아 있었는데, 최근 없어진 건물들을 새로 짓고 서원을 복설하였다. 강당은 정면 5간, 측면 2간의 팔작 기와지붕 건물로 가운데 6간은 마루로 꾸미고, 좌우에 온들을 들인 일반적인 형태를 취하고 있으며, 서원 좌측에는 이를 관리하는 정면 6간, 측면 5간의 주사(廚舍)가 있다. 서원 왼쪽에는 정면 6칸, 측면 5칸의 ㅁ자형 주사(廚舍)가 있다. 서원 중 다른 건물은 모두 후대에 복원한 것이나 주사는 서원이 훼철될 때 헐리지 않고 남은 것이다. 고건물답게 부재를 다룬 수법에 격조가 있어서 자료적 가치가 크다.

묵계종택은 서원에서 멀지 않은 마을 한가운데에 자리 잡고 있는데, 정침과 사랑채인 보백당, 사당으로 구성되어 있다. 정침은 ㅁ자형의 팔작지붕 집으로, 보존 상태가 좋다. 보백당은 정면 3칸, 측면 2칸의 홑처마 팔작지붕 집이다. 두리기둥을 사용하였고, 우물마루를 깐 4칸 대청과 2칸 방으로 구성되어 있다. 가구(架構)는 5량가(五樑架)이며, 대청의 왼쪽 측면과 뒷벽에는 판벽에 문얼굴을 내어 미세기 창을 달았다. 사당은 정면 3칸, 측면 1칸의 홑처마 맞배지붕 집으로, 앞쪽에는 삼문이 있고 낮은 담으로 둘러쳐져 있다.
내용 더보기","문의 및 안내 054-856-3013
홈페이지 안동시 문화관광 http://www.tourandong.com
국가유산청 https://www.heritage.go.kr
주소 경상북도 안동시 길안면 충효로 1736-5
지정현황 경상북도 민속문화유산 안동 묵계서원 및 보백당 종택 (1980.06.17 지정)","
댓글 더보기","경상북도 안동시 길안면 충효로 1736-5","2025-03-18 16:31:00",36.417222,128.914916
62,62,"인천 화평동 세숫대야 냉면거리> 여행지 | '열린 관광' 모두의 여행:대한민국 구석구석","인천시 동구에 있는 화평동 냉면거리는 일명 '세숫대야 냉면'으로 유명하다. 세숫대야처럼 큰 그릇에 냉면이 가득 담겨 나오기 때문에 이처럼 재밌는 이름이 붙었다. 지하철 1호선 동인천역 4번 출구로 나와 인천역 쪽으로 가면 나온다.
1970년대부터 시작된 화평동냉면거리는 싸고 맛있는 냉면이 입소문을 타면서 점점 커지게 되었다. 이곳이 원래부터 세숫대야 냉면을 팔았던 것은 아니다. 처음에는 보통 냉면집에서 먹는 양 정도였지만 단골손님인 주변 공장 노동자들이 냉면 사리를 더 달라고 하는 경우가 많아 아예 양을 늘려 푸짐하게 내놓은 것이 세숫대야 냉면이 되었다.
세숫대야 냉면은 양이 늘어난 만큼 그릇도 커진 것을 표현한 이름이다. 최근에는 냉면 사리를 무한리필 해주는 곳도 생겨나 주머니가 가벼운 이들에게 큰 인기를 끌고 있다. 저렴한 가격에 푸짐히 먹을 수 있다는 것이 가장 큰 장점이다. 집집마다 다양한 냉면 맛을 즐길 수 있는 것도 매력적이다. 입맛에 따라 비빔냉면과 물냉면 중에 고를 수 있다.

(출처 : 인천투어)
내용 닫기","문의 및 안내 인천종합 관광안내소 032-832-3031
홈페이지 https://itour.incheon.go.kr/
주소 인천광역시 동구 화평로 (화평동)
이용시간 ※ 점포별 상이함
휴일 ※ 점포별 상이함
주차 가능
요금 (무료)
접근로 출입구까지 턱이 없어 휠체어 접근 가능함
출입통로 주출입구는 턱이 없어 휠체어 접근 가능함_무장애 편의시설
보조견 동반 동반가능_시각장애인 편의시설","
골목에 들어가면 주우우욱 냉면 가게가 있고. 관광버스가 사람들을 태워 오고 가는 모습이 인상적이었습니다. 냉면 그릇이 엄청 큽니다 !! 양도 많고요 ㅎㅎㅎㅎ 수박이 올라간 냉면이 특이하더라구요
Y* 2023. 7. 7.
00
신고하기","인천광역시 동구 화평로 (화평동)","2025-03-18 16:31:07",37.478042,126.630579
63,63,"보안1942> 여행지 :대한민국 구석구석","2007년부터 예술공간으로 운영되어 온 ‘통의동 보안여관’은 본래 1942년부터 2005년까지 약 60년간 수많은 나그네들이 머물다간 쉼의 공간이었다. 잠시 멈춰졌던 장소의 고유한 기능을 되살리며 한국 근대문학의 주요 거점 중 하나였던 보안여관의 문화적 유산을 이어 2017년, 문화를 생산하고 향유하는 크리에이터들을 위해 ‘보안스테이’는 새롭게 문을 열었다. 카페(33 마켓), 프로젝트공간(보안클럽), 서점(보안책방), 전시 공간(보안 1942)이 포함된 복합문화예술공간 보안 1942의 3,4층에 위치한 보안스테이 Boanstay는 컬처 노매드들을 위한 가장 이상적인 임시 거주의 형태를 구현하고자 만들어졌다. 서울의 교통 요지이자 문화, 역사의 중심지인 서촌에 자리한 보안스테이는 도시의 스카이라인과 대조를 이루는 북악산과 경복궁, 청와대, 서촌의 한옥 등 주변의 특색 있는 풍경을 감상할 수 있는 매력적인 전망을 지니고 있으며 내부 객실은 휴식과 이완을 극대화시킬 수 있는 간결하고 절제된 구조와 색감을 바탕으로 한국을 대표하는 현대 예술가와 디자이너의 작품과 가구로 구성되어 있다.

(출처 : 보안스테이)
내용 닫기","문의 및 안내 02-720-8409
홈페이지 http://b1942.com/
주소 서울특별시 종로구 효자로 33 (통의동)
이용시간 12:00~18:00
휴일 매주 월요일
주차 불가능","
고즈넉한 느낌이 좋네요! 가보고 싶어요
검*콩 2023. 5. 4.
00
신고하기
가보고 싶네요
여***다 2021. 11. 10.
01
신고하기","서울특별시 종로구 효자로 33 (통의동)","2025-03-18 16:31:12",37.578994,126.97377
64,64,"석빈가든> 여행지 | '열린 관광' 모두의 여행:대한민국 구석구석","석빈가든은 인천 남동구에 자리한 음식점으로 이 지역에서 맛으로 소문난 곳이다. 메뉴는 한우 생등심, 생갈비, 불갈비 등 다양한 고기를 맛볼 수 있다. 또한 점심에 판매하는 석빈정식은 전통 왕갈비와 냉면 또는 가마솥밥을 먹을 수 있는 구성으로 합리적인 가격에 맛볼 수 있는 메뉴이다. 이외에 갈비탕, 우거지해장국 등 든든한 메뉴도 맛볼 수 있다. 내부는 넓은 편으로 아늑한 분위기를 풍기며 좌석은 여유롭게 배치되어 있다.
내용 닫기","문의 및 안내 032-472-1815
주소 인천광역시 남동구 장승로 60
영업시간 08:00~23:00
휴일 연중무휴
주차 가능
요금 (무료)
대표메뉴 한우생등심
취급메뉴 생갈비 / 불갈비 / 국내산왕갈비 / 전통왕갈비 / 생삼겹살 등
출입통로 주출입구는 경사로가 있어 휠체어 접근 가능함
접근로 출입구까지 경사로가 설치되어 있음_무장애 편의시설
지체장애 기타 상세 의자식 테이블 있음
닫기","등록된 댓글이 없습니다.
","인천광역시 남동구 장승로 60","2025-03-18 16:31:18",37.445556,126.739295
65,65,"탐복미나리가든> 여행지 :대한민국 구석구석","‘탐복미나리가든’에서 삼겹살을 주문하면 한재 미나리가 한 다발 나오는데, 삼겹살을 불판에 구우면서 미나리를 한 줌 올려 가위로 툭툭 잘라 숨만 죽으면 삼겹살과 함께 먹으면 된다. 살짝 숨이 죽은 미나리의 맛은 매우 부드럽고 향긋하여 삼겹살보다도 인기가 좋다. 탐복미나리가든도 밥상 위에 짭조름한 장아찌 반찬이 수두룩하다. 화악산 자락에서 나는 갖가지 산나물과 꽃, 열매 들로 장아찌를 만들어 밥상에 올린다. 그중 가장 눈길을 끄는 것은 미나리 장아찌다. 아삭아삭 살아 있는 식감에 은은한 향이 조화롭게 어우러진다. 미나리 생채 무침을 밥에 넣고 비벼 먹는 미나리 비빔밥도 이 집의 별미다.
‘탐복미나리가든’은 반찬이나 찌개에 들어가는 된장과 청국장, 고추장을 직접 담가서 쓰고 있으며, 짙은 초록빛이 먹음직스러운 생미나리 전은 99% 미나리만으로 부쳐내는데, 검은콩 가루를 넣어 반죽해서 구수한 맛이 일품이다. 한 조각 큼직하게 찢어서 초간장에 찍어 먹으면 쫀득하면서 달큼한 미나리 향이 입안에 가득하다.
내용 더보기","문의 및 안내 054-371-7755
주소 경상북도 청도군 청도읍 한재로 382
영업시간 평일 10:00~20:00
주말 10:00~20:30
휴일 비정기적 휴무
※ 전화 문의 후 방문
주차 가능
대표메뉴 탐복생삼겹살
취급메뉴 생오리 / 한재 미나리전 / 한재 미나리비빔밥 / 한재 미나리액기스 / 한재 미나리 등","등록된 댓글이 없습니다.
","경상북도 청도군 청도읍 한재로 382","2025-03-18 16:31:20",35.591737,128.730981
66,66,"그라운드시소 서촌> 여행지 :대한민국 구석구석","그라운드 시소는 국내외 다양한 문화예술 IP로 전시를 제작, 소개하는 전시 플랫폼이다. 역사, 예술, 문화가 만나는 종로 서촌에서 전시제작사 미디어앤아트가 선보이는 복합문화공간으로, 건축사 사무소 SoA와 조경스튜디오 Loci Studio가 설계했다. 2014년 국내 최초로 반 고흐 미디어아트를 선보인 이래 <앨리스: 인투 더 래빗홀(2017)>, <유미의 세포들 특별전(2020)>, <요시고 사진전(2021)> 등 국내외를 통틀어 총 30여 차례의 전시를 제작했다. 현재까지 25만 명 이상의 관람객이 다녀간 전시만 4차례 이상으로, 누적 관람객은 350만 명을 돌파했다. 이처럼 그라운드시소 서촌에서 다양한 전시를 만나볼 수 있다.
내용 더보기","문의 및 안내 070-4473-9746
홈페이지 공식 홈페이지 https://groundseesaw.co.kr/
공식 인스타그램 https://www.instagram.com/groundseesaw/
주소 서울특별시 종로구 자하문로6길 18-8 (통의동)
이용시간 10:00~19:00 (입장마감 18:00)
휴일 매월 첫째 주 월요일
주차 불가능
이용요금 ※ 전시 별로 상이함","
그라운드시소 서촌은 공간이 넓고 쾌적하면서 곳곳에 포토 스팟이 많아서 좋았어요. 전시도 전시지만, 건물 자체도 세련되고 감각적이더라구요. 경복궁과 가까워서 전시 후 산책하기에도 딱!
D*****h 2024. 10. 20.
00
신고하기
신고하기
방문자 후기
건축물 특이하게 건축되어있네요 안정감이있고 튼튼하게 세워져있네요
장*범 2023. 12. 9.
00
문도멘도 전시회 때문에 방문했는데, 건물이나 조경이 너무 예뻐서 마음에 들었어요! 서촌 메인 스트리트에서 한블럭 안쪽에 이렇게 조용하고 예쁜 건물이 있는지 몰랐는데, 다음번 전시회는 어떤 것을 진행할지 궁금해지네요.
하*양 2023. 11. 20.
00
신고하기
신고하기
문도멘도 전시를 보러 갔다가 그라운드시소 전시장에 반하고 왔어요. 도심 한복판에 이렇게 아름다운 건축물이라니 힐링 그 자체예요. 가운데 정원이 작지만 존재감 있어요. 사진도 예쁘게 나와요.
슴*치 2023. 10. 19.
00
신고하기
방문자 후기
최근에 문도멘도 전시관람하고 왔습니다. 그라운드 시소 서촌은 첫 방문이었는데 전시관이 분위기도 너무 좋고 사진찍을 곳도 많더라구요. 서촌에 방문하실일이 있으시다면 꼭 들러보셨으면 좋겠어요!!!!
몽* 2023. 9. 4.
00
댓글 더보기","서울특별시 종로구 자하문로6길 18-8 (통의동)","2025-03-18 16:31:26",37.577828,126.972895
67,67,"강구항> 여행지 | '열린 관광' 모두의 여행:대한민국 구석구석","경상북도 영덕군에서 가장 큰 항구이자 대게로 유명한 곳이다. 11월부터 이듬해 4~5월까지의 대게 철에는 수많은 대게잡이 어선들이 이곳에 집결한다. 대게 위판장이 운영되며, 일명 ‘대게 거리’로 불리는 식당가가 3㎞에 이른다. 은어 낚시로 이름난 영덕의 주요 하천 오십천(五十 川)이 강구항 남쪽을 통해 바다로 빠져나간다. ‘그대 그리고 나’ 드라마가 촬영되었던 촬영지로 유명해지면서부터 사시사철 관광객들로 북적이는 관광 명소가 되었다.
내용 더보기","문의 및 안내 054-730-6533
홈페이지 영덕 문화관광 http://tour.yd.go.kr
경북나드리 http://tour.gb.go.kr
주소 경상북도 영덕군 강구면 강구리 253-51
휴일 연중무휴
주차 가능
입장료 무료
접근로 출입구까지 턱이 없어 휠체어 접근 가능함
출입통로 주출입구는 턱이 없어 휠체어 접근 가능함_무장애 편의시설
보조견 동반 동반가능_시각장애인 편의시설","등록된 댓글이 없습니다.
","경상북도 영덕군 강구면 강구리 253-51","2025-03-18 16:31:46",36.35888,129.391238
68,68,"윈덤그랜드 부산 더 브릿지> 여행지 :대한민국 구석구석","푸른 바다를 감상하며 세계 각국의 미식을 즐길 수 있는 올데이 뷔페 레스토랑이다.
따뜻한 기후와 청량함이 떠오르는 지중해 요리를 시작으로 직화 그릴의 BBQ, 정갈하게 준비되는 한식, 클래식한 중식과 대표적인 미식인 베이징덕, 신선한 스시와 사시미, 다양한 종류의 콜드컷과 입안을 즐겁게 하는 디저트가 준비되어 있다.
또한 다양한 섹션의 라이브 스테이션을 보며 입으로 즐길 수 있는 미식을 오감으로 확장하여 진정한 맛의 진수를 선사한다.
내용 더보기","문의 및 안내 051-933-6873
홈페이지 https://www.wyndhamgrandbusan.com/kor/
주소 부산광역시 서구 등대로 27 (암남동) 4층
영업시간 06:30~21:00 (점심 준비시간 10:00~12:00 / 저녁 준비시간 14:30~18:00 / 마지막 주문 20:00)
휴일 연중무휴
※ 영업장의 상황에 따라 변경될 수 있음
주차 가능 (약 303대)
대표메뉴 양갈비 구이
취급메뉴 대게 / 랍스터 / 초밥 등","
낮에는 뷰가 좋을 거 같은데 밤에는 바다가 깜깜해서 뷰가 안보이더라구요 ㅎㅎ 뷔페 음식 종류 많았고, 회랑 초밥 두툼한데 엄청 부드러웠고, 양갈비, 대게 다 맛있었습니다
멍* 2024. 12. 5.
00
신고하기","부산광역시 서구 등대로 27 (암남동) 4층","2025-03-18 16:31:50",35.078417,129.024219
69,69,"봉정사 [유네스코 세계유산]> 여행지 :대한민국 구석구석","대한민국조계종 제16교구 본사인 고운사의 말사이다. 672년 의상이 창건하였다고 전해지며 의상대사의 제자인 능인이 창건하였다는 설도 전해진다. 한국전쟁으로 대부분의 자료들이 소실되어 창건 이후 사찰 역사는 전하지 않는다. 1972년 봉정사 극락전을 해체하고 복원하는 공사를 진행할 때 상량문에서 고려시대 공민왕12년의 1363년에 극락전을 중수하였다는 기록이 발견되었다. 이런 사실이 발견되어 봉정사 극락전이 현존하는 최고의 목조건물로 인정받게 되었다.
내용 더보기","문의 및 안내 054-853-4181
홈페이지 봉정사 http://www.bongjeongsa.org
안동 문화관광 http://www.tourandong.com
주소 경상북도 안동시 서후면 봉정사길 222
주차 가능
지정현황 국보 안동 봉정사 극락전 (1962.12.20 지정)
국보 안동 봉정사 대웅전 (2009.06.30 지정)
보물 안동 봉정사 화엄강당 (1967.06.23 지정) 등
체험 안내 [봉황이 머무른 자리 : 휴식형]
- 우리나라에서 가장 오래된 목조건물인 극락전이 있고, 고려 태조와 고려 공민왕, 영국 여왕, 문재인 대통령이 다녀갔습니다. 최근에 유네스코 세계문화유산에 지정된 봉정사에서 자율적으로 몸과 마음의 휴식을 취하고, 예불, 포행, 천등산 등산, 스님과의 차담 등의 프로그램

[하루 템플스테이 : 당일형]
- 봉정사 하루(Daily)템플스테이는 내, 외국인을 대상으로 하는 당일 문화체험 프로그램입니다. 프로그램은 2 ~ 4시간 동안 진행되며 사찰 안내, 사찰식 점심공양, 스님과의 차담 등을 선택 가능
더보기","등록된 댓글이 없습니다.
","경상북도 안동시 서후면 봉정사길 222","2025-03-18 16:31:55",36.648883,128.662757
70,70,"솔향공원 스카이바이크> 여행지 | '열린 관광' 모두의 여행:대한민국 구석구석","솔향공원 스카이바이크는 최고 높이 9m 총길이 1.6㎞ 길이를 자랑하는 하늘 위 자전거이다. 솔향공원을 20여 분간 돌아보는 코스로 모든 구간이 자동으로 운행되어 편안하게 가연을 즐기며 힐링할 수 있다. 또한 중간중간 공원에 설치된 조형물과 소나무 숲길을 지나 다양한 볼거리도 제공하고 있어 속리산의 청정 자연 속에서 은은한 솔잎향기와 아름다운 경치를 느끼며 하늘 길을 달릴 수 있는 곳이다.","문의 및 안내 043-542-0970
홈페이지 https://www.boeun.go.kr/tour
주소 충청북도 보은군 속리산면 속리산로 600
이용시간 09:00~18:00
휴일 매주 월요일 / 동절기(12월~2월) / 1월 1일 / 설·추석 연휴
주차 가능
체험가능 연령 4세 이상 (부모동반)
이용요금 20,000원
※ 자세한 사항은 홈페이지 참조 또는 전화 문의 요망
접근로 출입구까지 경사로 있어 휠체어 접근 가능함
장애인 주차 안내 장애인 전용 주차구역 있음(솔향공원 주차장)_무장애 편의시설
더보기","
댓글 더보기","충청북도 보은군 속리산면 속리산로 600","2025-03-18 16:32:03",36.499209,127.802713
71,71,"명종대왕태실및비> 여행지 :대한민국 구석구석","태봉골의 구릉 정상부에 위치한 명종대왕태실및비는 조선 제13대 왕 명종의 태를 봉안한 곳이다. 명종대왕태실 앞에는 기념비 3기가 있다. 명종대왕태실과 오른쪽에 위치한 비는 1538년(중종 33)에 건립되었고, 왼쪽에 있는 비는 1546년(명종 1), 가운데에 있는 비는 1711년(숙종 31)에 세웠다. 오른쪽의 비는 태실을 만들면서 함께 세운 것이고, 왼쪽의 비는 왕자의 태실비로 용을 새긴 머릿돌을 올렸고, 가운데의 비는 주상의 비로 거북받침 위에 비몸을 올리고 용이 새겨진 머릿돌 얹었다.
내용 닫기","문의 및 안내 041-660-2247
홈페이지 https://www.heritage.go.kr
주소 충청남도 서산시 운산면 태봉리 산1번지
이용시간 상시 개방
휴일 연중무휴
입장료 무료","등록된 댓글이 없습니다.
","충청남도 서산시 운산면 태봉리 산1번지","2025-03-18 16:32:06",36.788995,126.571865
72,72,"서울우리소리박물관> 여행지 | '열린 관광' 모두의 여행:대한민국 구석구석","국내 첫 민요 전문 박물관 서울우리소리박물관이 창덕궁 돈화문 맞은편에 문을 열었다. 민요의 땅 한반도의 139개 시·군 904개 마을 곳곳을 찾아 2만여 명을 만나 담아낸 전국의 소리를 누구나 편안하게 즐길 수 있는 휴식공간으로 자리매김하고 있다. 서울우리소리박물관은 상설전시실을 비롯하여 음원감상실, 영상실, 우리소리 아카이브 등 다양한 공간으로 알차게 구성되어 있다.
지상 1층에 위치한 테마전시공간은 한옥공간을 따라가다 보면 만나는 작은 전시 공간으로, 다양한 테마의 우리소리 음원과 영상을 감상할 수 있다. 음원감상실은 민요를 처음 접하는 세대와 외국인 관광객에게 민요에 대한 흥미와 관심을 유발하는 공간으로, 한옥의 정취를 느끼며 전국 팔도의 대표민요를 감상할 수 있도록 하였다.
지하 1층에 위치한 우리소리 아카이브는 3개의 키오스크를 통해 우리소리 아카이브를 선택해서 들어볼 수 있는 공간이며, 우리소리 AR은 우리소리를 AR로 즐기고 사진촬영도 할 수 있는 체험 공간이다. 상설전시실은 ‘우리소리로 살다’란 주제를 다시 ‘일과 우리소리’, ‘놀이와 우리소리’, ‘의례와 위로의 우리소리’, ‘우리소리의 계승’이라는 테마로 나누어, 자신의 삶을 노래를 통해 스스로 이야기한 한국인의 일상을 소개한다. 각 테마별로 인터랙티브 영상, 착시 애니메이션 모형(조이트로프) 등 최신기법을 활용하여 시민들에게 가까이 다가가고자 하였다.
지하 2층에는 음반전시공간이 있는데, 이곳에서는 우리소리가 담긴 다양한 음반을 만나고 음반 속에 담긴 우리소리를 들어볼 수 있다. 영상감상실에서는 공간 한쪽 벽면을 가득 채우는 대형스크린이 구비되어 있어 아름다운 대한민국의 사계절과 어우러지는 우리의 소리를 최적의 음향감상 시스템을 통해 경험할 수 있도록 준비했다.
내용 닫기","문의 및 안내 02-742-2600
홈페이지 https://museum.seoul.go.kr
주소 서울특별시 종로구 율곡로 96 (와룡동)
이용시간 09:00~18:00 (입장마감 17:30)
휴일 매주 월요일 / 1월 1일
주차 불가능
이용요금 무료
체험프로그램 ※ 일정 별로 진행하는 프로그램이 상이하므로 자세한 사항은 홈페이지 참조
접근로 문화시설 부지 넓음. 이동경로 폭 넓음
문화시설 특성상 휠체어, 전동 스쿠터 사용자 이용 쉬움.
내부 턱 없음.
출입통로 출입통로 형태 : 여닫이문
출입통로가 넓어 휠체어, 전동 스쿠터 사용자 진입 쉬움.
경사로 있음.
장애인 주차 안내 문화시설 부지 내 주차장 없음.
문화시설 근처 유료 주차장 이용(우노 유료주차장)
장애인 전용 주차구역 없음.
문화시설까지의 거리 : 약 50m
엘리베이터 엘리베이터 있음, 휠체어 리프트 있음
점자 블록 점자블록 있음_시각장애인 편의시설
휠체어 대여가능
수유실 수유실 있음(지하1층)
유모차 대여가능
안내 요원 안내요원 있음
화장실 장애인 화장실 있음
보조견 동반 동반가능
대중 교통 대중교통 이용 가능 : 창덕궁.우리소리박물관 정류장
저상버스 운행 : 171, 272, 601, 710, 7025번
닫기","
배경의 댓글은 현재 가볼래-터 3월호 미션을 완료한 댓글입니다.
신고하기
우연히 들어갔는데 생긱보다 너무 재미있었어요! 꼭 가보세요~ 정겨운 우리소리가 집에 와서도 계속 머릿속을 맴돌더라구요~ 새롭고 전시 퀄리티도 좋고 남녀노소 모두에게 추천입니다.
X***s 2025. 3. 4.
00
신고하기
방문자 후기
컨텐츠가 너무 좋아요! 영상화질도 좋고 소리도 좋고! 창덕궁 바로앞에 있어서 접근성도 좋구요! Asmr 영상감상실에 빈백이있어서 편한데, 너무 편해서 그런지 옆에 아저씨 코골고 주무십니다ㅠㅠ
슈**총 2024. 9. 17.
00
신고하기
창덕궁 바로 앞에 위치한 우리소리 박물관 궁보러 가실때 여기도 가보시면 좋을 것 같아요! 본관 옆에 별채처럼 딸린 작은 건물에서도 전시중이니 별채도 꼭 둘러보세요.
몽* 2024. 9. 7.
00
신고하기
회사 근처에 있어 점심시간에 종종 힐링하러 들립니다. 다양한 민요를 직접 들어볼 수 있어 좋습니다. 전시관 곳곳에 헤드셋 잘 구비되어있고, 1층엔 좌석도 충분히 있어 쉬었다 가기도 좋습니다.
우****냠 2024. 7. 7.
00
들을 거리가 꽤 많아서 다 못들을 정도였어요. 창덕궁 가는 김에 들렸는데 몰랐던 소리에 대해서 알게되어 더 좋았어요!
튜* 2023. 12. 13.
00
신고하기","서울특별시 종로구 율곡로 96 (와룡동)","2025-03-18 16:32:11",37.577161,126.989581
73,73,"오래된 잡화점> 여행지 :대한민국 구석구석","오래된 잡화점은 충북 제천시 동현동 고요한 주택가에 위치한 소규모 소품샵이다. 간판이 따로 없지만 커다란 고양이가 그려진 배너가 눈에 띄어 가게를 쉽게 찾을 수 있다.
2000년대 고전 문구류부터 최신 유행 상품들까지 다양한 세대의 소품과 제천시의 특색을 담은 스티커, 마그넷, 배지 등 선물용으로 구매하기 좋은 제천시 기념품을 판매하고 있다.
내용 닫기","문의 및 안내 0507-1341-8493
홈페이지 https://www.instagram.com/somethin9old
주소 충청북도 제천시 의병대로26라길 27 (동현동) 1층 코너상가
이용시간 14:00~19:00
휴일 매주 수요일
※ 기타 휴무는 인스타그램, 네이버에 공지
주차 가능
판매 품목 제천시 기념품 / 인테리어 소품 / 문구 / 핸드메이드 공예품","등록된 댓글이 없습니다.
","충청북도 제천시 의병대로26라길 27 (동현동) 1층 코너상가","2025-03-18 16:32:13",37.131727,128.218745
74,74,"백제의집> 여행지 :대한민국 구석구석","백제의집은 부여군에 위치한 전통 한식 전문 식당이다. 대표 메뉴로는 돌솥쌈밥정식, 연잎궁정식 등 준비되어 있다. 재철 채소로 다양한 밑반찬이 구성되어 있어 푸짐한 식사가 가능하다. 또한, 식당 내부는 고풍스러운 인테리어로 꾸며져 있어, 식사하는 동안 편안하고 아늑한 느낌을 준다. 백제의집은 가족 모임이나 특별한 날에 방문하기 좋은 장소로, 맛과 멋을 동시에 즐길 수 있는 곳이다.","문의 및 안내 0507-1480-1215
홈페이지 http://0418341212.modoo.at
주소 충청남도 부여군 부여읍 성왕로 248
영업시간 11:00~21:00
휴일 연중무휴
주차 가능
대표메뉴 백제연밥
취급메뉴 백제연정식 / 연잎밥 등","등록된 댓글이 없습니다.
","충청남도 부여군 부여읍 성왕로 248","2025-03-18 16:32:17",36.283026,126.914761
75,75,"태평성대경상감영공원> 여행지 :대한민국 구석구석","경상감영공원은 옛 상주의 영광을 재연하자 라는 취지로 상주의 대표 문화공간 복합단지이다. 조선시대 관찰사가 근무하던 청유당, 제금당 등 18개 동의 전통한옥시설과 쉼터마당, 감영이야기길 등이 조성되어 있다. 또한 경상감영공원에서는 관찰사 의복 외에도 포졸, 아전, 주막 여인 등 재미있는 의복 체험도 가능하다.","문의 및 안내 054-534-8001
홈페이지 https://www.sangju.go.kr/tour/
주소 경상북도 상주시 복룡동 161-96 (복룡동)
이용시간 09:30~17:30
휴일 매주 월요일 (단, 월요일이 공휴일인 경우 그 다음날) / 1월 1일 / 설·추석 당일
주차 가능 (소형 106대)
입장료 무료","
댓글 더보기","경상북도 상주시 복룡동 161-96 (복룡동)","2025-03-18 16:32:24",36.421525,128.178394
76,76,"속리산 숲체험휴양마을> 여행지 | 안심여행 캠페인:대한민국 구석구석","백두대간 속리산 깊은 산골, 세속의 시름을 씻는 휴양의 명소인 속리산 숲체험휴양마을은 충청북도 보은군 속리산(俗離山) 자락인 충북 보은군에 위치하고 있다. 속리산은 조선시대 왕들이 심신을 다스리던 곳이다. 속리산의 아름드리 소나무 숲 속 대자연에서 휴식을 취하고 심신 수양 및 건강을 도모하는 자연치유 공간으로서 숲에서 다양한 체험활동을 통해 삶의 여유를 찾고 자아에 대한 사랑과 자연에 대한 소중함을 찾을 수 있다. 숙박시설 및 각종 부대시설을 이용할 수 있으며, 여름철엔 수영장도 이용이 가능하다. 휴양마을 내 식당을 운영하고 있으므로 객실 내·외 취사 및 바비큐는 금지하고 있다.
내용 닫기","문의 및 안내 043-540-3220
홈페이지 https://www.foresttrip.go.kr
주소 충청북도 보은군 속리산면 속리산로 596
이용시간 [숙박시설]
- 15:00~익일 11:00
휴일 연중무휴
주차 가능 (소형89대)
체험 안내 숲&쉼 명상과 힐링 / 트리 클라이밍 / 천연스프레이 만들기 체험 등","
신고하기
수영장 크고 숙박객만 쓸수 있어서 붐비지 않아요. 방역차 돌아다니고, 산모기나 벌레 없어서 놀랐고요! 하늘소, 개구리, 매미, 사슴벌레 등 다양한 동물을 쉽게 볼 수 있어요. 가족단위 숙박객들이 많았는데 밤에 시끄럽지 않았어요. 숙소는 저마다 특색있고 멋스러워요. 숙소 너무 청결하고 요가 두툼해서 대만족! 덮는 이불도 뽀송뽀송하고 촉감 좋아요. 석식과 조식은 너무 맛있었고, 다음에 또 힐링하러 가고싶어요.
소**☆ 2024. 8. 16.
00
여름에 가족과 함께 휴가로 다녀왔어요 가을이 돌아오니 또한번 생각이나 다녀오고 싶어요 사계절이 아름다운 곳인듯 해요
양* 2023. 10. 22.
00
신고하기
그림같은 숙소들과 수영장이 어우러져 제대로 힐링하고싶어 간곳이예요. 여름에 갔지만 가을에도 너무예쁠것같아요. 가격대가 있지만 한번쯤 가볼만한곳입니다. 조식이 무료라 더 특별해요. 전에는 열차가 말티재언덕까지 투어해줬는데 지금은 법으로 안된다네요. 이점이 좀 아쉽습니다.
비**재 2023. 10. 12.
00
신고하기
멋진 한옥과 초가집에서 속리산 풍경을 감상하고 밤에는 평상에 누워 별을 보고.. 아침과 저녁에 맛있고 건강한 식사를 하며 최고의 힐링의 시간을 보냈어요~^^
비**숲 2023. 10. 6.
00
신고하기
해발500m 고도정도 돼는위치로 친구 가족과 조용하게 휴식을 즐기고왔읍니다
a*******n 2023. 9. 1.
00
신고하기","충청북도 보은군 속리산면 속리산로 596","2025-03-18 16:32:28",36.497992,127.792239
77,77,"중원당 (청명주 양조장)> 여행지 | 산업관광:대한민국 구석구석","충북 무형문화재로 지정된 청명주는 재래종 통밀, 찹쌀로 저온에서 약 100일 동안 발효, 숙성시킨 전통 명주이다. 중원당은 4대째 맥을 이어 가고 있으며 술도가에서 체험 프로그램도 진행하고 있다. 전통주 만들기 시연, 교육, 체험을 진행하고 술과는 뗄 수 없는 술잔, 사발 페인팅, 도자기 체험도 진행한다.","문의 및 안내 043-842-5005
홈페이지 http://www.청명주.com
주소 충청북도 충주시 중앙탑면 청금로 112-10
이용시간 09:00~18:00
※ 체험은 전화문의 요망
휴일 매주 토요일, 일요일 / 법정 공휴일
주차 가능
체험 안내 전통주체험 / 도자기체험 / 종합체험
입장료 무료","등록된 댓글이 없습니다.
","충청북도 충주시 중앙탑면 청금로 112-10","2025-03-18 16:32:32",36.997311,127.878817
78,78,"개봉유수지 생태공원> 여행지 :대한민국 구석구석","개봉유수지 생태공원은 유수지의 특성을 고려한 안정적인 생태기반환경 복원으로 조성하였다. 주변 주거지역과 연계한 다양한 서식공간 조성으로 종다양성을 증진하고 목감천의 하천생태축과 연계한 도시생태 네트워크를 구축했다. 공원 내에는 생태습지, 생태놀이터, 장미수국원, 맨발산책로, 잔디광장 등이 조성되어 있어 아이들의 자연학습공간으로도 좋다.","문의 및 안내 서울 구로구 공원녹지과 02-860-2395
주소 서울특별시 구로구 개봉동 195-7
이용시간 상시 개방
휴일 연중무휴
주차 불가능
입장료 무료","등록된 댓글이 없습니다.
","서울특별시 구로구 개봉동 195-7","2025-03-18 16:32:35",37.492244,126.863357
79,79,"설악금호리조트> 여행지 | '열린 관광' 모두의 여행:대한민국 구석구석","설악금호리조트는 자연과 인간의 만남을 창조하는 기업을 표방하며, 그린리조트라는 새로운 패러다임으로 리조트마다 그 지역의 자연환경을 감안한 독특한 테마를 개발하고 있다. 고품격의 시설과 관광서비스를 넘어 자연과 함께하며 참행복을 체험하는 ‘Eco Tourism’, 바로 사람의 마음을 풍요롭게 하고 삶을 재충전하기 위하여 금호리조트가 추구하는 비전이다.
설악금호리조트는 조용한 설악의 품속에 위치하여 자연과 조화를 이루었으며, 우아한 분위기 연출로 조용하고 아늑한 휴식을 즐길 수 있다. 객실은 언제 들어서더라도 깨끗함과 안락함을 느낄 수 있도록 늘 준비되어 있으며 현대적인 감각에 발맞춰 모던하고 심플하게 꾸며져 있다. 부대시설로는 한식당, 양식당, 사우나(체력단련실), 커피숍, 기념품점, 슈퍼마켓, 노래방, PC방, 단란주점, 당구장, 탁구장, 오락실, 연회장 등이 마련되어 있다. 모든 편리함이 갖추어진 최신 설비와 고객의 취향을 만족시켜주는 서비스를 통해 편안하고 안락하게 지내실 수 있도록 모든 편의를 제공하고 있다.
편안한 여행의 즐거움을 마음껏 만끽하고 삶의 여유와 넉넉함을 즐기며 추억으로 간직할 소중한 시간을 만들 수 있는 격조 높은 휴식처가 될 수 있도록 설악금호리조트는 항상 정성이 깃든 최고의 서비스를 제공하고 있다.
내용 더보기","문의 및 안내 033-636-8000
홈페이지 http://www.kumhoresort.co.kr
주소 강원특별자치도 속초시 사당골길 43
주차 가능
입실시간 14:00
퇴실시간 11:00
객실내 취사 여부 가능
식음료장 한식당, 가든그릴, 커피전문점 ‘로스터리’, BHC치킨
객실수 210실
예약안내 033-636-8000
객실유형 휴그린스위트, 스위트디럭스, 휴그린로얄스위트
부대시설 노래하는 비어라운지, 사우나, 체력단련실, 당구&탁구장, CU편의점, 특산품점, 노래연습실, 전자오락실, 셀프바베큐장, 연회장
더보기","등록된 댓글이 없습니다.
","강원특별자치도 속초시 사당골길 43","2025-03-18 16:32:37",38.182187,128.549296
80,80,"할미꽃 한재공원> 여행지 :대한민국 구석구석","남해로 둘러싸인 장흥군 회진면의 한재공원은 국내 최대의 할미꽃 자생군락지로 보송보송한 솜털로 치장한 검붉은 할미꽃이 지천으로 널려있다. 자생 할미꽃은 보통 3월 초순부터 꽃대가 일어서기 시작하고 3월 중순부터는 꽃봉오리가 올라온다. 그리고, 3월 하순부터 4월 중순까지 할미꽃이 지천으로 피어나 장관을 이룬다. 할미꽃은 꽃대가 구부러져 있어 초라한 들꽃 같지만 가까이에서 보면 아름다운 꽃이다. 이른 아침이나 오후의 햇살을 받아 자주색 꽃은 자수정처럼 반짝거리고 솜털 같은 꽃잎 주변의 잔털은 가볍고 부드럽다.
이 지역은 특별 관리 지역으로 할미꽃을 불법으로 채취하면 처벌받으므로 눈으로만 감상해야 한다. 한국 영화의 거장 임권택 감독의 영화 천년학 촬영지로도 유명하며 공원 위로 올라서면 드넓게 펼쳐진 다도해가 훤히 내려다보인다.
내용 더보기","문의 및 안내 장흥군 문화관광과 061-860-5772
홈페이지 http://www.jangheung.go.kr/tour
주소 전라남도 장흥군 회진면 덕산리 산 56
이용시간 상시 개방
휴일 연중무휴
주차 가능
입장료 무료","
한재공원 주소가 잘못된것 같습니다. 현재 네이버에도 이렇게 나오네요.. 실제 주소는 "장흥군 회진면 덕산리 산 56" 입니다.
멍* 2025. 3. 11.
01
신고하기
남해 다도해를 볼수 있는 한재공원. 할미꽃이 필 무렵에 꼭 가봐야겠다. 아름다운 다도해와 할미꽃의 조화 보고싶다.
쭈* 2021. 11. 28.
01
신고하기","전라남도 장흥군 회진면 덕산리 산 56","2025-03-18 16:32:41",34.485614,126.95754
81,81,"아산 용궁댁> 여행지 :대한민국 구석구석","울창한 나무숲으로 둘러싸인 곳에 북향으로 자리 잡은 아산 용궁댁은 순조 25년(1825)에 지었다고 한다. 집의 진입로에는 보호수로 지정된 은행나무 두 그루가 서있고, 바깥마당에는 무지개처럼 휘어진 소나무 줄기가 대문을 대신하고 있다. 안채는 5칸 겹집에 양쪽을 홑집으로 꺾어 덧붙여 ‘ㄷ’ 자 모양을 이루고 있고, ‘一’ 자형의 중문간채가 튼 ‘ㅁ’ 자형을 이루고 그 앞에 ‘ㄱ’ 자형의 사랑채가 있어 전체적으로 ‘日’ 자형의 배치를 하였다. 대청 앞쪽에는 후대에 시설된 듯한 유리문이 있고, 대청의 왼쪽으로 제사에 쓰였던 곳으로 보이는 2칸의 찬방이 있다. 사랑채는 앞면에 툇마루를 두었고, 모두 덧문을 달았는데 이것은 북향집이기 때문에 비바람을 막기 위하여 후대에 설치한 것으로 보인다. 안채와 사랑채를 가로막고 있는 중문간채는 중문을 들어서서 곧바로 안마당을 향해 있지 않고 꺾어 들어가도록 하였다. 특별한 정원시설은 없지만 집안 곳곳에 매화, 소나무, 향나무, 감나무 등을 심어 아름답게 꾸몄다.

※ 위 국가유산은 일반적으로 관람이 가능하나, 소유주 등의 개인적 사정으로 관람이 제한될 수도 있음
내용 닫기","문의 및 안내 041-536-8452
홈페이지 https://tour.chungnam.go.kr/
주소 충청남도 아산시 도고면 도고산로587번길 73-21
이용시간 상시 개방
휴일 연중무휴
주차 가능
지정현황 국가민속문화유산 아산 용궁댁 (1984.12.24 지정)
입장료 무료","등록된 댓글이 없습니다.
","충청남도 아산시 도고면 도고산로587번길 73-21","2025-03-18 16:32:43",36.74064,126.892838
82,82,"고성박물관> 여행지 | '열린 관광' 모두의 여행:대한민국 구석구석","고성박물관의 건립은 1999년~2002년 이루어진 사적 고성 송학동고분군 발굴조사의 성과로부터 본격적으로 시작되었다. 발굴조사를 통해 오랜 역사의 침묵을 깨고 고성 소가야의 찬란했던 문화가 세상 밖으로 드러나게 되었으며, 이를 바탕으로 사적 보존 정책의 일환으로 박물관 건립이 계획되어 2012년 5월 17일 개관하였다. 소가야유물전시관으로 시작해 고성박물관으로 명칭을 하면서 고성 전반의 역사와 문화재를 알리고 있으며, 기획전시를 통해 고성의 역사정보를 상세히 전달하고 있다.
내용 닫기","문의 및 안내 055-670-5821
홈페이지 https://www.goseong.go.kr/tour/index.goseong
주소 경상남도 고성군 고성읍 송학로113번길 50
이용시간 [3월~10월]
- 09:00~18:00
[11월~2월]
- 09:00~17:00
휴일 매주 월요일 (단, 월요일이 공휴일인 경우 화요일 휴관) / 1월 1일 / 명절 당일
주차 가능
이용요금 무료
접근로 출입구까지 경사로가 설치되어 있음
출입통로 주출입구는 경사로가 있어 휠체어 접근 가능함
장애인 주차 안내 장애인 주차장 있음_무장애 편의시설
엘리베이터 엘리베이터 있음
점자 블록 점자블록 있음_시각장애인 편의시설
휠체어 대여가능(1대)
화장실 장애인 화장실 있음
점자 홍보물 촉지안내도 있음
닫기","
신고하기
방문자 후기
일찍부터 운동하시는 분들이 많내요
바**천 2024. 11. 17.
00
신고하기
방문자 후기
가야라는 큰 틀에서 보면 고령에 있는 가야박물관과 전시된 유물들이 비슷하지만 아라가야만의 다른 분위기가 있어 좋습니다. 내부에 작은 미디어아트도 있어서 볼만해요. 문화유산 여권도장도 찍을 수 있어요. 그리고 무료입니다
삵*빠 2024. 11. 1.
00
방문자 후기
시원한 여름에 고성 시내에서 갈 수 있어 주변 놀이터와 함께 아이들에게 볼거리가 풍성해져서 좋았습니다^^
D* 2024. 7. 13.
00
신고하기
신고하기
방문자 후기
지금 가시면 무료에요
화***스 2023. 12. 9.
00","경상남도 고성군 고성읍 송학로113번길 50","2025-03-18 16:32:49",34.979382,128.321046
83,83,"청풍리조트> 여행지 | '열린 관광' 모두의 여행:대한민국 구석구석","금수산과 월악산의 아름다운 능선이 펼쳐지고 청풍호반의 운치를 만끽할 수 있는 곳인 청풍리조트는 아름다운 자연과 어울리는 객실과 레스토랑, 연회장, 레크레이션 및 레저 스포츠 시설, 교육시설 등을 갖추고 도시생활에서 벗어나 고객에게 편안하고 만족스러운 시간을 제공한다.
자연의 아름다움이 물씬 풍기는 청풍리조트 여행의 품격을 높이는 다양한 레저 및 부대시설로 색다른 즐거움을 경험해 볼 수 있다. 청풍호반과 제천 10경의 절경이 어우러진 자연 속의 휴양지인 청풍리조트는 일상에서의 탈피를 꿈꾸며 자연과 더불어 휴양과 각종 레저를 즐길 수 있는 진정한 의미의 웰빙라이프를 제공한다.
내용 닫기","문의 및 안내 043-640-7000
홈페이지 http://www.cheongpungresort.co.kr
주소 충청북도 제천시 청풍면 청풍호로 1798
주차 주차가능
입실시간 15:00
퇴실시간 11:00
객실내 취사 여부 힐하우스 가능
식음료장 레이크 호텔 : 레이크피아(레스토랑), 희래연(한식당), 라상떼(주점), 가든테라스(셀프 바비큐장)
힐 하우스 : 금사연(한식당)
객실수 레이크 호텔 : 180실
힐 하우스(콘도형) : 50실
예약안내 043-640-7000
예약안내 홈페이지 https://www.cheongpungresort.co.kr
객실유형 레이크 호텔 : 스탠다드, 슈페리어, 패밀리, 스위트
힐 하우스(콘도형) : 디럭스, 주니어 스위트
규모 청풍 힐하우스 : 지상 7층/지하 3층
청풍 레이크호텔 : 8층
부대시설 레이크 호텔 : 연회장, 웨딩홀, 비즈니스센터, 수영장, 호숫가 우체국, 편의점, 코인노래방, 야외 체육시설
힐 하우스 : 연회장, 한방사우나, 편의점, 코인세탁실, 북스테이션, 야외 체육시설
접근로 원활한 이동 가능함
출입통로 주출입구 무단차
원활한 이동 가능함
장애인 주차 안내 장애인전용 주차구역 있음
무료주차 가능함
엘리베이터 장애인이용 엘리베이터 있음
객실 장애인전용 객실있음(2개)
화장실 장애인이용 화장실 있음
안내 요원 안내데스크에서 도움 가능
휠체어 휠체어 대여 가능함
유모차 유모차 대여 가능함
보조견 동반 보조견 동반 가능
닫기","
신고하기
친구들과 제천여행 준비할때 제일 고민했던게 숙소였다. 8명이라 인원이 많아 방을 두개정도 예약을 해야했다. 고민끝에 청평리조트 힐하우스로 예약했는데..탁월한선택이었다. 가격도 좋고 연식은 오래되었어도 깨끗하고 따뜻하게 잘지내고왔다.
별* 2024. 11. 1.
00
레이크호텔 이용했는데, 가성비 좋은 호텔입니다. 특히 조식 뷔페가 맛있었고, 호수뷰를 보기 좋아요.
박*옥 2024. 10. 16.
00
신고하기
건물은 오래되었지만 가성비 좋은 숙소입니다.특히 국만연금 가입되어 있다면 제천에서는 청풍리조트가 좋습니다. 아침에 둘레길 산책도 좋았어요.
빨**선 2024. 9. 1.
00
신고하기
신고하기
방문자 후기
수영장 이용 시간이 실내는 17시 30분 실외는 17시 15분이라서 약간 아쉬었네요
! 2024. 7. 30.
00
신고하기
방문자 후기
스탠다드는 호수뷰가 아닙니다. 저렴한 숙소라서 단체 세미나가 많네요. 개인적으로 좋아하는 사우나는 힐하우스 쪽에 있고 숙박하면 50프로 할인인데, 할인된게 8천원 입니다.
우*님 2024. 6. 24.
00","충청북도 제천시 청풍면 청풍호로 1798","2025-03-18 16:32:55",37.01644,128.178364
84,84,"음식문화특화거리(깔깔거리)> 여행지 :대한민국 구석구석","지하철 2호선 구로디지털단지역 인근에 형성 음식 거리이다. 청결하고 간소한 상차림으로 낭비적인 음식문화 개선에 앞장서고 있는 구로구의 우수음식점들이 밀집되어 있다.
깔깔거리의 의미는 음식점은 깔끔하게 음식을 차리고 이용객은 깔끔하게 남기지 않고 먹고 간다고 해서 이 독특한 이름이 붙여지게 되었다고 한다. 이곳의 음식점 중 손님이 안심하고 믿고 먹을 수 있는 음식을 제공하는 음식점으로 구청에서 인증한 깔깔가맹점에서는 깔끔하게 식사를 마친 손님들에게는 음식값의 2%를 할인(포인트 적립)해 준다. 또 손님이 먹고 남긴 음식은 포장 용기에 싸갈 수 있게 하는 등 음식 문화개선을 위해 노력하고 있다.
깔깔거리 내에는 유명한 맛집들도 많고 주변 사무실에서 근무하는 회사원들도 많이 찾아오는 곳으로 저녁 시간대에는 많은 유동 인구로 붐비는 곳이다.
내용 닫기","문의 및 안내 서울 구로구 위생과 02-860-3233
홈페이지 www.guro.go.kr
주소 서울특별시 구로구 디지털로32길 97-21
이용시간 점포 별로 상이함
휴일 점포 별로 상이함
주차 가능
입장료 무료","
배경의 댓글은 현재 가볼래-터 3월호 미션을 완료한 댓글입니다.
주로 구로디지털단지 직장인들이 저녁에 모이는 장소로 가볍게 한 잔 하기 좋은 가게들이 많습니다. 곱창, 모듬전 등의 메뉴가 인기있는 편이예요.
n****r 2025. 3. 4.
00
신고하기
제 생활권에 있는 시장이라 자주 가는데 상인분들도 친절하시고 맛집도 구석구석 많고 군것질거리도 많아요 근처에 오시면 꼭 한번 들러보시길 추천드립니다.
채*현 2023. 2. 7.
00
신고하기","서울특별시 구로구 디지털로32길 97-21","2025-03-18 16:33:00",37.483829,126.900842
85,85,"남한산성행궁> 여행지 :대한민국 구석구석","임금이 서울의 궁궐을 떠나 도성 밖으로 행차하는 경우 임시로 거처하는 곳을 행궁이라 한다. 남한산성 행궁은 전쟁이나 내란 등 유사시 후방의 지원군이 도착할 때까지 한양 도성의 궁궐을 대신할 피난처로 사용하기 위하여 조선 인조 4년(1626)에 건립되었다. 실제로 인조 14년(1636) 병자호란이 발생하자 인조는 남한산성으로 피난하여 47일간 항전하였다. 이후에도 숙종, 영조, 정조, 철종, 고종 등이 여주, 이천 등의 능행길에 머물러 이용하였다. 남한산성 행궁은 1909년까지 잘 남아 있었으나 일제강점기에 일본에 의해 훼손되었다. 1999년부터 발굴 조사를 시작하여 2002년에 상궐에 해당하는 내행전을 준공하고 2004년 행궁 좌전을 준공하였다.

(출처 : 경기도남한산성세계유산센터 홈페이지)
내용 닫기","문의 및 안내 031-746-2811
홈페이지 https://www.gg.go.kr/
주소 경기도 광주시 남한산성면 산성리 935-1
이용시간 [동절기(11월~3월)]
- 10:00~17:00
[하절기(4월~10월)]
- 10:00~18:00
※ 관람 종료 30분 전까지 매표 가능
휴일 매주 월요일
주차 가능
입장료 [개인]
- 일반 2,000원
- 청소년 1,000원
[단체(30인 이상)]
- 일반 1,000원
- 청소년 800원
※ 이용요금은 변동될 수 있으므로 홈페이지 참조 또는 전화 문의 요망
닫기","
18일에 행궁옆에서 수어장대로 이어지는 길을 걸었는데 야산의 수많은 소나무들이 꺽어지고 전도되어 있었습니다. 너무도 아쉽고 향후에는 이런 재해를 예방하기 위한 사전 전지 등의 안전대책이 요구됩니다.
y*****s 2025. 2. 24.
00
신고하기
신고하기
방문자 후기
남한산성은 처음 방문 합니다. 오래전부터 꼭 가보고싶었던 곳인데 직접 와보니 왜 많은 사람들이 남한산성을 찾는지 이해가 됩니다. 수려하고 깊은 산속에 이렇게 멋진 행궁이 있다니 유네스코 세계문화유산이 됢만한 가치가 충분히 있습니다.
a***i 2024. 11. 7.
00
신고하기
방문자 후기
행궁 꼭 들려서 역사적 스토리를 알면 더 욱 즐거워요
S**A 2024. 5. 23.
00
남한산성 행궁과 가장 가까운 주차장은 남문주차장이 가장 가깝습니다. 시간대 맞춰서 가시면 해설사 분이 무료로 해설도 해 주시고요, 관리도 잘 되어 있어 걷기에 정말 좋습니다. 행궁 안에 남한산성과 관련된 역사에 대해 설명이 잘 된 전시공간이 있어 아이들 역사 교육에 도움이 되는 곳이라 추천합니다.
그*팬 2023. 7. 18.
00
신고하기","경기도 광주시 남한산성면 산성리 935-1","2025-03-18 16:33:04",37.478818,127.181504
86,86,"엄마손태백물닭갈비> 여행지 :대한민국 구석구석","엄마손태백물닭갈비는 태백 지역의 향토 음식인 물닭갈비를 파는 식당이다.
물닭갈비는 흔히 아는 춘천식 닭갈비와 다르게 각종 야채와 닭고기를 육수에 넣어 끓여 먹는 음식이다.
물닭갈비는 과거 태백 지역의 광부들이 적은 돈으로 영양식을 먹기 위해 닭고기와 푸성귀를 넣고 양념하여 끓여 먹은 것이 시초가 되었다.
이곳의 메뉴는 물닭갈비 단일메뉴이며, 보통맛과 매운맛 중 선택할 수 있다.
우동이나 쫄면 사리를 추가해서 먹기도 하며, 닭갈비를 다 먹은 후에는 볶음밥을 볶아서 먹을 수 있다.
근처 관광지로는 황지연못이 있다.
내용 닫기","문의 및 안내 033-554-3344
주소 강원특별자치도 태백시 황지연못길 9 (황지동)
영업시간 10:00~22:00
휴일 연중무휴
주차 불가능
대표메뉴 물닭갈비
취급메뉴 우동면사리 / 쫄면사리 / 당면사리 등","
방문자 후기
물닭갈비 너무 맛있어요
달*럼 2025. 3. 9.
00
신고하기
물갈비 처음먹어봤는데 맛있고 고기산이 신기했어요
k****** 2025. 2. 3.
00
신고하기
신고하기
스키장 방문해서 들렀는데 너무 맛있어요!
경* 2024. 12. 11.
00
신고하기
방문자 후기
태백에 오면 물닭갈비 먹고 가세요 맛있어요
멋**쑥 2024. 12. 10.
00
신고하기
방문자 후기
태백에 벌초때마다 가는 곳이 있는데 여기로 단골집을 바꿀가 봐요 ㅎ
바**천 2024. 12. 10.
00
좋아요 맛나요
늘*봄 2024. 11. 23.
00
신고하기","강원특별자치도 태백시 황지연못길 9 (황지동)","2025-03-18 16:33:07",37.172429,128.990075
87,87,"더불어숲 농업회사법인> 여행지 :대한민국 구석구석","더불어숲 농업회사법인은 삼산면 구림리에 위치한 숲을 ‘달콤하고 보드랍다’는 뜻의 ‘달보드레숲’이라는 이름을 붙여 숲의 가치를 나누기 위한 테마 체험공간으로 재탄생시켰다. 달보드레숲은 자연에서 머물고, 먹고, 배우며 즐길 수 있는 공간으로, 소나무숲, 편백숲, 대나무숲 등 다양한 숲을 통해 숲의 감수성을 기르고 지혜를 배울 수 있는 체험활동을 제공한다. 가장 인기 있는 장소는 편백숲으로, 30개의 해먹이 설치되어 자연을 온전히 느끼며 힐링할 수 있다. 또한, 숲에서는 싱잉볼 소리와 같은 자연의 소리를 감상하는 숲치유 콘서트도 열리며, 편백숲 주변에는 부드러운 부엽토로 만든 맨발 걷기 코스가 있어 숲의 생명을 발끝으로 느낄 수 있다. 어린이들을 위한 숲 밧줄 놀이터에서는 그네, 집라인, 밧줄 등을 타며 균형감각을 익히고 안전의식도 고취할 수 있다. 또한 재즈, 대중음악, 작가와의 대화 등 다양한 문화기획을 통해 숲을 매개로 풍부한 체험을 제공한다.
내용 닫기","문의 및 안내 0507-1370-6670
홈페이지 https://blog.naver.com/9foret
주소 전라남도 해남군 삼산면 고산로 767-17
이용시간 08:00~22:00
휴일 연중무휴
주차 가능 (소형 40대 / 대형 5대)
체험 안내 힐링페스타 / 캠핑과 조난 대응 교육 / 팜파티 등
체험가능 연령 10대~70대
시설이용료 90분 체험 20,000원","등록된 댓글이 없습니다.
","전라남도 해남군 삼산면 고산로 767-17","2025-03-18 16:33:10",34.501265,126.611232
88,88,"아르코예술극장> 여행지 | '열린 관광' 모두의 여행:대한민국 구석구석","아르코예술극장은 1981년 개관 이래 새로운 가치와 시각을 제시하는 다양한 공연예술작품을 개발, 지원하고 수준 높은 서비스를 제공하여 예술적 가치창조를 위한 최고의 문화공간으로 자리매김하고 있다. 매년 10만여 명의 공연예술인들과 관객들이 한자리에 모이는 대표적인 공연예술 전문 극장인 아르코예술극장은 자체 기획공연을 비롯한 수준 높은 대관공연을 통해 관객들의 긍정적인 평가를 받고 있다.","문의 및 안내 02-3668-0007
홈페이지 http://theater.arko.or.kr
주소 서울특별시 종로구 대학로8길 7 (동숭동)
이용시간 공연 별로 상이함
휴일 공연 별로 상이함
주차 가능 (약 30대)
주차 요금 [일반요금] 30분 2,000원 / 초과 시 15분당 1,000원
[공연관객] 4시간까지 3,000원 / 초과 시 15분마다 1,000원
이용요금 공연 별로 상이함
접근로 출입구까지 경사로가 설치되어 있음
출입통로 주출입구에 경사로가 완만하게 설치되어 있음 (주입통로 폭 1.2m이상)





더보기","등록된 댓글이 없습니다.
","서울특별시 종로구 대학로8길 7 (동숭동)","2025-03-18 16:33:17",37.580886,127.003329
89,89,"서울돈화문국악당> 여행지 :대한민국 구석구석","창덕궁의 얼굴인 돈화문의 이름을 딴 서울돈화문국악당은 전통문화 지역인 창덕궁 일대의 정체성을 회복하기 위해 창덕궁 맞은편 주유소 부지를 서울시가 매입하여 국악전문 공연장으로 조성하였다. 전통 한옥과 현대 건축 양식이 혼합된 공연장은 자연음향으로 국악을 감상할 수 있는 실내 공연장과 야외공연을 위한 국악마당으로 구성되어 있어 관객들이 연주자와 함께 호흡하며 우리 전통의 멋을 쉽게 경험할 수 있다. 자체 기획‧제작 공연과 민간 공연예술 단체와의 협업을 통해 우리 예술의 멋을 알리는데 기여하고 있다.
내용 닫기","문의 및 안내 02-3210-7001
홈페이지 http://www.sdtt.or.kr
주소 서울특별시 종로구 율곡로 102 (와룡동)
이용시간 09:00~20:00
※ 공연 여부에 따라 운영시간이 상이함
휴일 매주 월요일
주차 가능
이용요금 공연 별로 상이함","등록된 댓글이 없습니다.
","서울특별시 종로구 율곡로 102 (와룡동)","2025-03-18 16:33:20",37.577386,126.990543
90,90,"영해만세시장 (5, 10일)> 여행지 | '열린 관광' 모두의 여행:대한민국 구석구석","1965년에 개설된 ‘영해만세시장’은 경상북도 영덕군에서 가장 규모가 크며 동해안 일대에서도 거래량이 많은 전통시장이다. 시장면적은 약 5,000㎡이며 150여 개의 점포가 시장을 형성하고 있다. 달마다 5, 10, 15, 20, 25, 30일에 장이 서며 시장 바로 앞에 주차장이 있어 편리하게 장을 볼 수 있다. 시장 근처 천혜의 자연경관을 자랑하는 블루로드가 있다.","문의 및 안내 054-733-9251
주소 경상북도 영덕군 영해면 성내리 468-1
이용시간 점포별 상이함
휴일 점포별 상이함
주차 가능
판매 품목 농수산물 / 의류 / 잡화 등
접근로 폭이 좁아 휠체어, 전동 스쿠터 사용자 이용 어려움.
내부 턱 없음.
출입통로 출입통로 형태 : 개방형(상시 오픈형)
출입통로가 넓어 휠체어, 전동 스쿠터 사용자 진입 쉬움.
보조견 동반 동반가능_시각장애인 편의시설
장애인 주차 안내 장애인 전용 주차구역 없음.
시장 부지 내 주차장 있음.

더보기","등록된 댓글이 없습니다.
","경상북도 영덕군 영해면 성내리 468-1","2025-03-18 16:33:27",36.540659,129.407032
91,91,"경찰박물관> 여행지 | '열린 관광' 모두의 여행:대한민국 구석구석","2005년 개관한 경찰박물관은 경찰의 역사를 보존하고, 경찰의 활동을 직접 체험해 볼 수 있는 공간으로 국민의 경찰에 대한 이해를 넓히고 어린이들에게는 경찰에 대한 꿈을 키워가는 교육의 장으로 자리매김하였다. 2021년에 신청사로 이전하여 새로운 모습으로 탈바꿈한 경찰박물관은 최신 트렌드를 반영한 전시와 체험시설을 갖추고 국민과 경찰 사이를 연결하는 소통의 창이 되고자 한다.
3층의 경찰이해·체험실과 4층의 경찰역사실, 두 곳의 전시실이 있다. 경찰이해·체험실은 경찰의 현재 모습을 살펴보고 경찰의 다양한 기능과 역할을 이해해 볼 수 있는 공간이다. 112 신고 체험, 지문 찾기 체험, 경찰드론 조종 체험, 시뮬레이션 사격 체험, 전자금융사기 예방 체험, 교통 수신호 체험 등 최신 전시 기법을 도입한 각종 체험을 통해 경찰의 업무를 직접 해보며 다양한 경찰 장비를 살펴볼 수 있다. 또한, 경찰 근무복을 입고 경찰차 및 경찰 오토바이를 탑승해 보며 경찰관이 되어볼 수도 있다.
경찰역사실은 조선시대부터 현대에 이르기까지 대한민국과 함께해 온 경찰의 역사를 살펴볼 수 있는 공간이다. 유물을 살펴보며 경찰의 역사를 이해하고, 대형 미디어 테이블과 실감형 영상, 투명디스플레이 및 AR 복식 체험 등을 통해 다양한 경찰의 이야기를 만나 볼 수 있다. 또한, 우리에게 잘 알려지지 않은 여러 경찰관의 이야기에 대해 알 수 있으며 순직 경찰관을 검색하고 추모의 메시지를 남길 수 있다.
내용 닫기","문의 및 안내 02-3150-3681
홈페이지 https://www.policemuseum.go.kr/
주소 서울특별시 종로구 송월길 162 (행촌동)
이용시간 09:30 ~17:30 (입장마감 17:00)
휴일 매주 월요일 / 1월 1일 / 설·추석 연휴
※ 단, 월요일이 공휴일인 경우 그 다음날 휴관
주차 불가능
이용요금 무료
체험프로그램 112 신고 체험 / 지문 찾기 체험 / 경찰드론 조종 체험 / 시뮬레이션 사격 체험 / 전자금융사기 예방 체험 / 교통 수신호 체험 등
접근로 출입구까지 턱이 없어 휠체어 접근 가능함
출입통로 주출입구는 턱이 없어 휠체어 접근 가능함(자동문)
엘리베이터 엘리베이터 있음
점자 블록 점자블록 있음(주요시설 앞)_시각장애인 편의시설
안내 요원 안내요원 있음
화장실 장애인 화장실 있음(3층)_무장애 편의시설
점자 홍보물 점자안내판 있음
오디오 가이드 음성안내 버튼 있음(점자안내판)
닫기","
역사박물관 근처에 있을 때 좋아했어서 새로 생긴 곳도 가보았는데 가볍게 보기 좋아요. 아이들이 체험하면서 잘 놀았습니다. 인근 홍난파 가옥, 딜쿠샤, 기상박물관, 경교장 같이 둘러보면 좋아요.
ㅋ*ㅋ 2023. 11. 2.
00
신고하기
경찰차 빠방이 한창 좋아하는 두돌 지난 아기 데리고 가기 딱 좋아요. 주차는 근처 아파트에 하면 되고요. 동화책으로 읽던 자동차를 직접 보고 경함할 수 있으니 아들맘들에게는 최고의 장소입니다
냉*니 2023. 10. 6.
00
신고하기","서울특별시 종로구 송월길 162 (행촌동)","2025-03-18 16:33:32",37.572045,126.962183
92,92,"천지인 전통사상체험관> 여행지 :대한민국 구석구석","천지인 전통사상체험관은 국내 최초로 천, 지, 인을 테마로 한 체험관이다. 천문관은 천상열차분야지도 관측 체험을 하며 전통 별자리를 알아볼 수 있고, 앙부일구 체험을 통해 시간과 절기를 볼 수 있다. 풍수지리관은 한반도의 명당을 알아볼 수 있고, 풍수적 조건에 따라 실내 인테리어를 배치해 볼 수 있다. 인관은 음양오행의 사상을 담은 주역과 태극에 대해 살 수 있고, 주역점과 사상체질을 알아볼 수 있다. 관람객들에게 다양한 체험프로그램 및 전시를 통해 천지인 전통사상의 가치를 재조명하고, 무섬마을의 문화경관과 더불어 자연 속에서 즐기는 휴식 공간을 제공하기 위해 건립되었다.
내용 닫기","문의 및 안내 054-639-4864
홈페이지 http://cji.yeongju.go.kr/
주소 경상북도 영주시 문수면 무섬로180번길 16
이용시간 - 하절기(3월~10월) 9:00~18:00
- 동절기(11월~2월) 9:00~17:00
휴일 매주 월요일 / 1월 1일 / 설날 및 추석 당일
주차 가능 (약 73대)
체험 안내 연, 딱지, 팽이 전통놀이키트 / 무궁화, 태극기 바람개비 만들기 / 칼레이도 사이클 만들기 등
체험가능 연령 전 연령
입장료 [개인]
- 일반 2,000원
- 청소년, 군인 1,500원
-어린이 1,000원
[단체(20인 이상)]
- 일반 1,500원
- 청소년,군인 1,000원
- 어린이 750원
※무료
장애인 / 6세이하 / 65세이상 / 국가유공자에 한함
닫기","등록된 댓글이 없습니다.
","경상북도 영주시 문수면 무섬로180번길 16","2025-03-18 16:33:35",36.730839,128.614734
93,93,"가회민화박물관> 여행지 :대한민국 구석구석","우리 겨레는 반만년이라는 유구한 세월 동안 외래문화를 수용하면서도 전통문화의 주체성과 독자성을 잘 지켜왔다. 그러나 오늘날 산업이 발달하고 생활양식이 급변하면서 우리의 전통문화는 점차 퇴색되어만 가고 있다. 이러한 시점에서 우리 민족의 전통유산인 민화를 체계적으로 연구하고 전시하여 훌륭한 문화유산을 느끼는 일은 매우 중요하다.
가회민화박물관은 우리의 소중한 문화유산을 일깨우기 위해 선조들의 삶과 지혜가 담겨 있는 민화와 부적을 좀 더 깊이 있게 연구하여 그 소중함을 일깨우고자 하는 데 설립 목적을 두고 있다. 2002년에 문을 연 가회민화박물관에서 전시하고 있는 민화는 우리의 삶과 닮아 있는 그림이며, 무병장수(無病長壽), 부귀다남(富貴多男), 부귀공명(富貴功名) 등 인간의 소박한 바람이 담겨 있다. 한편 벽사적 의미를 담고 있는 민화를 통해 사람들은 그려진 소재의 주술적인 힘이 여러 가지 재앙으로부터 보호해 주고 소원도 이루어준다고 믿었다.
내용 닫기","문의 및 안내 02-741-0466
홈페이지 공식 홈페이지 http://www.gahoemuseum.org
네이버 블로그 https://blog.naver.com/dbs1769
주소 서울특별시 종로구 북촌로 52 (가회동)
이용시간 [관람시간]
- 3월~11월 10:00~18:00
- 12월~2월 10:00~17:00
※ 관람 시 종료 40분 전까지 입장
[체험시간]
- 10:00~16:00
※ 체험 시 종료 1시간 전까지 입장
휴일 매주 월요일
주차 불가능
이용요금 5,000원
체험프로그램 나무패널 그리기 / 에코백 그리기 / 액자 그리기 / 텀블러 만들기 / 부채 그리기 등
닫기","등록된 댓글이 없습니다.
","서울특별시 종로구 북촌로 52 (가회동)","2025-03-18 16:33:39",37.581411,126.985144
94,94,"영상강가든펜션> 여행지 :대한민국 구석구석","영상강가든펜션은 충북 단양에 위치한 한정식 식당이다.
고추장, 된장, 간장 등을 직접 담그며 조미료 사용 대신, 효소를 이용한 반찬을 만들어 건강한 밥상을 제공한다.
예약이 필요한 마늘상황오리백숙부터 마늘고추장 삼겹살, 생삼겹살, 돼지갈비, 한우등심 등 고기 메뉴와 산채 더덕정식, 산채비빔밥, 올갱이 해장국 등의 식사 메뉴도 준비되어 있다.
근처 관광지로는 구인사, 온달관광지가 있다.
내용 닫기","문의 및 안내 043-423-0573
주소 충청북도 단양군 영춘면 남천계곡로 41
영업시간 08:30~21:00
휴일 매달 둘째, 넷째 화요일
주차 가능 (20대)
좌석수 총 150석
대표메뉴 마늘상황오리백숙
취급메뉴 산채 더덕정식 / 산채 비빔밥 / 올갱이 해장국 / 청국장 / 된장백반 등","등록된 댓글이 없습니다.
","충청북도 단양군 영춘면 남천계곡로 41","2025-03-18 16:33:42",37.061807,128.496847
95,95,"강문화전시관> 여행지 | '열린 관광' 모두의 여행:대한민국 구석구석","예천의 삼강문화단지 내에 조성된 강문화전시관은 지상3층 연면적 4,874㎡ 규모의 전시관으로 예천의 삼강을 기반으로 강문화의 소개와 생태문화, 민속문화 등 다양한 자원을 소개하고 있는 곳이다. 삼강이 만나 흐르는 낙동강과 세계 강의 역사와 예천의 역사에 대해서도 깊이 알아볼 수 있다. 전시관 내부에는 상설전시실과 영상관, 어린이 실내놀이터,카페 카와티,북카페, 옥상 전망대로 구성되어 있으며, 상설전시실의 전시 연출은 크게 낙동강의 자연과 예천의 역사, 문화, 사람의 다큐멘터리 존(zone)으로 구성되어 있다.
내용 더보기","문의 및 안내 054-650-6799
홈페이지 https://www.ycg.kr/
주소 경상북도 예천군 풍양면 삼강리길 53-23
이용시간 - 4월~10월 10:00~17:30
- 11월~3월 10:00~17:00
휴일 매주 월요일 / 1월 1일 / 설날 및 추석 당일 / 근로자의 날 / 12월 31일
이용요금 [일반]
- 대인 3,000원
- 소인 / 청소년 2,000원

[예천군민]
- 대인 1,500원
- 소인 / 청소년 1,000원

[경로 우대] 2,000원

[무료]
- 만 2세 이하 / 장애인(1~3급 장애인 보호자 1인 포함)
- 국가유공자 / 삼강리 주민 / 다자녀가정 (3인 이상)
- 단체 인솔자 (내국인 20명 당 1명 / 외국인 10명 당 1명)
규모 지하 1층, 지상 3층, 연면적 4,874㎡
접근로 출입구까지 턱이 없어 휠체어 접근 가능함
출입통로 주출입구는 턱이 없어 휠체어 접근 가능함(자동문)
장애인 주차 안내 장애인 주차장 있음_무장애 편의시설
엘리베이터 엘리베이터 있음
점자 블록 점자블록 있음(주요시설 앞)_시각장애인 편의시설
휠체어 대여가능
수유실 수유실 있음(1층)
유모차 대여가능
안내 요원 안내요원 있음
닫기","
분위기 있는 곳이에요. 꼭 가보고 싶네요
푸*뫼 2021. 11. 15.
01
신고하기
회룡포를 끼고있는 곳에 옆에 캠핑장도 있어서 보고 즐기고 숙박하기도 좋은 곳이랍니다 추천 ~
라* 2021. 11. 11.
01
신고하기","경상북도 예천군 풍양면 삼강리길 53-23","2025-03-18 16:33:47",36.563561,128.304166
96,96,"아오바바> 여행지 :대한민국 구석구석","충북 제천시 덕산마을에 위치하고 있는 아오바바는 다문화카페아오바바협동조합에서 운영하는 작고 아담한 베트남 현지식 식당이다. 아오바바는 베트남 결혼 이주 여성들의 자립과 안정적인 정착을 돕는다.
대표 메뉴는 쌀국수이며 반세어, 반미 샌드위치, 카페쉬어, 월남쌈 등 베트남 현지식 가정 백반과 베트남 커피 등의 음료를 판매하고 있다.
작고 아담한 아오바바에서 베트남 현지식을 맛보고, 커피를 마시며 휴식을 만끽할 수 있다.
내용 닫기","문의 및 안내 043-644-2560
주소 충청북도 제천시 덕산면 약초로3안길 9 아오바바
영업시간 10:00~19:00
휴일 매주 화요일
주차 가능
대표메뉴 베트남쌀국수
취급메뉴 반세어 / 짜여 / 바바김밥 / 비빔쌀국수 등","등록된 댓글이 없습니다.
","충청북도 제천시 덕산면 약초로3안길 9 아오바바","2025-03-18 16:33:50",36.908452,128.167444
97,97,"공근혜갤러리> 여행지 | '열린 관광' 모두의 여행:대한민국 구석구석","2005년 개관한 이래 세계적인 사진작가들을 국내에 본격적으로 소개하며 한국 사진계에 큰 영향력을 끼친 화랑이다. 2010년 삼청동 청와대 옆으로 신축 이전하면서 회화, 조각, 비디오, 설치 등 다양한 현대미술을 수용하는 갤러리로 영역을 확장하였다. 21세기 현대 미술의 흐름을 보여주는 다양한 작품들을 국내에 선보이고 있다. 또한, 국내 작가의 활발한 해외 활동을 돕는 등 한국 갤러리로서의 중요한 역할을 해나가고 있다.

◎ 한류의 매력을 만나는 여행 정보 - 드라마 <재벌집 막내아들>
<재벌집 막내아들>의 모현민이 운영하는 갤러리의 실제 배경지인 ‘공근혜 갤러리’는 국내 젊은 작가부터 해외 유명 작가까지 다양한 전시를 개최하는 화랑이다. K-DRAMA, K-POP에 이어 이제는 K-ART까지 한류의 중심이 된 지금, 서울의 화랑에서만 볼 수 있는 전시를 관람해 보는 것을 추천한다.
내용 닫기","문의 및 안내 02-738-7776
홈페이지 https://konggallery.com/
주소 서울특별시 종로구 삼청로7길 38 (삼청동)
이용시간 10:30~17:30
휴일 매주 일요일~월요일
주차 가능
주차 요금 무료
이용요금 전시 별로 상이함
접근로 경사로 및 단차 있음
출입통로 여닫이문","
미술관 제가체육육을전공했거든요그래서한가고싶어요
리*드 2024. 8. 25.
00
신고하기
신고하기
청와대에서 가장 가까운 갤러리. 춘추문 바로 옆. 코너 빌딩. 재벌집 막내 아들 촬영지
K******. 2023. 5. 25.
00","서울특별시 종로구 삼청로7길 38 (삼청동)","2025-03-18 16:33:54",37.584019,126.979657
98,98,"남촌식당> 여행지 :대한민국 구석구석","남촌식당은 충북 괴산에 위치한 한식 전문점이다.
토종닭볶음탕, 소곱창전골, 도가니수육 등의 한식 메뉴와 점심특선메뉴인 제육볶음, 김치찌개, 청국장이 준비되어 있다.
총 80석의 홀과 룸이 있어 단체 모임 식당으로 이용할 수 있다.","문의 및 안내 043-832-3018
주소 충청북도 괴산군 괴산읍 읍내로19길 6 1층
영업시간 11:00~20:30
휴일 매주 일요일
대표메뉴 토종닭볶음탕
취급메뉴 소곱창전골 / 도가니수육 / 갈비찌개 / 짜글이 / 오삼불고기 등","등록된 댓글이 없습니다.
","충청북도 괴산군 괴산읍 읍내로19길 6 1층","2025-03-18 16:33:54",36.811106,127.796267
99,99,"동해안카페> 여행지 :대한민국 구석구석","동해안카페는 경상북도 영덕군의 영해 전통시장 입구에 위치하고 있다. 대표 메뉴는 영덕의 특산물인 시금치를 이용한 시금치 호두과자이다. 시금치 호두과자는 깨끗하게 세척한 신선한 시금치와 담백한 팥, 고소한 호두가 들어있으며 시금치의 쓴맛과 향이 나지 않아 누구나 거부감 없이 즐길 수 있다. 여름에는 시그니처 메뉴인 아이스크림 라떼와 눈꽃팥빙수, 겨울은 진한 수제 대추차와 수제 생강차를 판매하며 이외에도 말렌카 케이크, 커피콩 빵, 수제 쿠키 등 다양한 디저트를 맛볼 수 있다. 고래불 해수욕장이 근처에 있어 영덕 바다로 드라이브를 즐기러 갔다가 방문하기 좋은 곳이다.
내용 닫기","문의 및 안내 010-2819-3607
홈페이지 https://www.instagram.com/dong_sea_23/
주소 경상북도 영덕군 영해면 예주시장6길 24-1 1층
영업시간 09:00~22:00
휴일 연중무휴
주차 가능 (중형 3대 / 소형 1대)
요금 (무료)
대표메뉴 시금치호두과자
취급메뉴 아이스크림 라떼 / 눈꽃 팥빙수 / 말렌카 케이크 / 커피 / 생과일 주스 등","
신고하기
방문자 후기
시금치붕어빵 먹으러 왔어요 사잠님 짱 친절하셔욤~ 직접 담그신 대추차 한잔 하러 오세요
멋**쑥 2024. 11. 20.
00","경상북도 영덕군 영해면 예주시장6길 24-1 1층","2025-03-18 16:33:57",36.541509,129.407556
100,100,"천진암 성지> 여행지 | '열린 관광' 모두의 여행:대한민국 구석구석","천진암성지는 우리나라 천주교 창립 선조들의(이벽, 정약종, 권철신, 권일신, 이승훈) 유해를 모신 한국천주교의 발상지라는 역사적 의미가 있는 장소이다. 성지에는 성모마리아 상, 천진암 대성당 터, 성모 성당 등 둘러볼 곳이 많이 있다. 36만여 평 성역에 3만여 평의 대성당 건립 터에서는 매년 수 만 명의 신도들이 모여 한국 천주교회 창립 기념행사를 거행한다.","문의 및 안내 031-764-5953
홈페이지 https://chonjinamsacred.modoo.at/
주소 경기도 광주시 퇴촌면 천진암로 1203
이용시간 10:00~16:00
휴일 연중무휴
주차 가능
입장료 무료
접근로 출입구까지 경사로가 설치되어 있음_무장애 편의시설
출입통로 주출입구는 경사로가 있어 휠체어 접근 가능함
화장실 장애인 화장실 있음","등록된 댓글이 없습니다.
","경기도 광주시 퇴촌면 천진암로 1203","2025-03-18 16:33:59",37.425528,127.376412
101,101,"석파정 서울미술관> 여행지 | '열린 관광' 모두의 여행:대한민국 구석구석","서울 종로구 부암동에 있는 사립미술관으로 흥선대원군의 별서인 석파정을 함께 관리하고 있다. 지난 2012년에 개관한 석파정 서울미술관은 현대미술을 주제로 한 다양한 기획전시를 선보인다. 이탈리아 현대 조각계를 대표하는 세계적인 아이콘 노벨로 피노티(Novello Finotti)를 비롯해 해외 유명작가들의 작품을 국내에 소개하며 화제를 모았다. 그뿐만 아니라 이중섭의 <황소>를 비롯해 천경자와 나혜석, 박수근, 신사임당 등의 작품을 다수 소장하고 있어 정기적으로 마련되는 소장전도 매번 큰 호응을 얻고 있다. 아이들의 눈높이에 맞춘 감상프로그램과 다양한 창작 활동도 활발하게 운영된다. 통합입장권으로 미술관 전시와 석파정을 모두 관람할 수 있으며, 석파정 앞마당에서 바라보는 부암동 일대 전경도 아름답다.
내용 닫기","문의 및 안내 02-395-0100
홈페이지 https://seoulmuseum.org
주소 서울특별시 종로구 창의문로11길 4-1 (부암동)
이용시간 10:00~18:00 (입장마감 17:00)
휴일 매주 월요일~화요일
주차 가능
주차 요금 [평일] 2시간 무료 / 이후 10분당 1,000원
[주말] 1시간 30분 무료 / 이후 10분당 1,000원
이용요금 - 성인 20,000원
- 학생(만 13세~18세) 15,000원
- 어린이(만 12세 이하) 13,000원
- 우대(만 65세 이상 / 국가유공자 및 유가족 / 군인 본인 / 장애인) 13,000원
※ 무료 : 36개월 미만 무료(증명 자료 지참 필수)
※ 우대 대상자 신분증 및 증명 자료 지참 필수
체험프로그램 도슨트 전시해설 프로그램
출입통로 여닫이문
장애인 주차 안내 지하에 2면 있음
엘리베이터 엘리베이터 있음
점자 블록 점자블록 있음
화장실 장애인 화장실 있음
영유아가족
기타상세 기저귀교환대 있음
오디오 가이드 음성안내서비스 있음
매표소 매표소 있음 (상판 높이 90cm 이하 / 깊이 45cm 이상)
닫기","
몇년전 가을, 석파정을 방문 했습니다. 살짝 낙엽이 진 가운데 운치있게 자리잡은 전각들과 오래된 나무들이 자아내는 고아한 풍경은 도심속의 편안한 쉼을 누릴 수 있게 해주었어요. 근처에 맛집도 많고 부암동 특유의 분위기와 더불어 잠시 시간여행을 온 듯한 정취에 듬뿍 취해서 가을 한나절을 거닐었네요~ 가끔씩 다시 한번 방문하고 싶은 아끼는 장소입니다~
하**리 2024. 12. 20.
00
신고하기
CJ원이랑 H.point에서 입장 할인 쿠폰 종종 뿌리니깐 확인하시면 좋아요ㅎㅎㅎ 여기 입장권이 비싸거든요...
양* 2024. 12. 2.
00
신고하기
석파정 경치보고 미술관도 보기 좋았어요
S**n 2024. 1. 3.
00
신고하기
부암동에 놀러갔을 때 함께 묶어서 가보기 좋은 곳입니다. 생각보다 전시가 알차고 그 주변에 볼거리나 놀거리가 많아서 좋습니다.
J*********K 2023. 12. 1.
00
신고하기
다양한 작품도 만나 볼 수 있고 여러가지 프로그램도 있어서 좋았어요 다음에 또 방문하려고요 근처 가시는 분들은 방문해 보셔도 좋을 것 같아요^^
k*********u 2023. 11. 22.
00
신고하기","서울특별시 종로구 창의문로11길 4-1 (부암동)","2025-03-18 16:34:04",37.594809,126.962745
102,102,"춘천집> 여행지 :대한민국 구석구석","청도 한재마을에서 재배하는 무농약 미나리와 수육을 함께 맛볼 수 있는 음식점이다. 한재마을에서 유일하게 수육으로만 20여 년간 영업 중인 식당으로, 12월 초부터 4월 중순까지 쉬는 날 없이 점심시간에만 영업하고 4월 말이면 문을 닫아 12월에나 다시 문을 연다.
한재미나리가 가장 연하고 맛있을 때만 영업을 하는 주인장은 5월부터는 산으로 들로 다니며 산나물을 캐다가 장아찌를 만들어 둔다. 연근, 돼지감자, 생강, 마늘, 달래, 깻잎, 취나물, 감, 토마토, 양파, 다시마, 양배추 등 수십 가지장아찌를 담가 그때그때 밥상에 함께 내어 미나리와 함께 풍족한 한상이 차려진다.
내용 닫기","문의 및 안내 054-373-4730
주소 경상북도 청도군 청도읍 한재로 380
영업시간 11:00~22:00
휴일 4월 말~12월 초
※ 방문 전 전화 문의
주차 가능
대표메뉴 생미나리
취급메뉴 수육 / 보리밥","등록된 댓글이 없습니다.
","경상북도 청도군 청도읍 한재로 380","2025-03-18 16:34:06",35.591454,128.731156
103,103,"인천 구월시장> 여행지 | '열린 관광' 모두의 여행:대한민국 구석구석","인천광역시 남동구에 위치한 구월시장은 지역 주민들과 방문객들에게 사랑받는 전통적인 시장이다. 이곳은 다양한 상점들이 모여 있어 신선한 농산물, 해산물, 가공식품 등 다양한 상품을 합리적인 가격에 구매할 수 있다. 또한, 구월시장은 근처의 상업시설과도 연계되어 있어 쇼핑과 먹거리를 동시에 즐길 수 있는 편리한 장소이다. 시장의 특유의 정겨운 분위기와 활기찬 상인들의 모습은 방문객들에게 따뜻한 인상을 남긴다. 구월시장은 전통 시장의 매력을 느낄 수 있는 곳으로, 지역 문화와 역사를 체험할 수 있는 중요한 장소이다. 이곳은 오랜 시간 동안 지역 사회의 중심지로서의 역할을 해왔다.
내용 닫기","문의 및 안내 032-469-2525
홈페이지 https://guwolmarket.com/
주소 인천광역시 남동구 호구포로790번길 21-13
이용시간 ※ 점포별 상이함
휴일 ※ 점포별 상이함
주차 가능
요금 (최초 30분 1,000원 / 이후 15분 당 500원씩 추가 요금 발생)
판매 품목 농수산물 및 잡화 등
접근로 출입구까지 단차가 없어 휠체어 접근 가능함
출입통로 주출입구는 단차가 없어 휠체어 접근 가능함
장애인 주차 안내 장애인 전용 주차구역 있음_무장애 편의시설
화장실 장애인 전용 화장실 있음
지체장애 기타 상세 모래내시장 공영주차장, 시장 앞 상가 퍼스트하임 건물 내 장애인 시설 이용 가능, 인천지하철 모래내시장역 장애인 시설 이용 가능
닫기","등록된 댓글이 없습니다.
","인천광역시 남동구 호구포로790번길 21-13","2025-03-18 16:34:10",37.453671,126.720396
104,104,"순이네식당> 여행지 :대한민국 구석구석","순이네식당은 영동 전통시장에 위치한 2대째 이어온 30년 전통의 순댓국 전문점이다.
식사메뉴로는 순대국밥을 비롯하여 머리국밥, 새끼보로 만든 암뽕탕 등이 있고, 안주메뉴로는 머리고기, 미니족발, 순대 등이 있다.
국내산 고기, 김치, 쌀, 부산물만을 사용하며, 예약 및 포장이 가능하다.","문의 및 안내 043-743-5685
주소 충청북도 영동군 영동읍 영동시장3길 10-1
영업시간 - 평일 08:00~20:00
- 토요일 및 공휴일 08:00~19:00
휴일 매주 일요일 (단, 장날은 영업)
대표메뉴 순대국밥
취급메뉴 머리국밥 / 암뽕탕 / 머리고기 / 미니족발 / 순대 등","등록된 댓글이 없습니다.
","충청북도 영동군 영동읍 영동시장3길 10-1","2025-03-18 16:34:14",36.175512,127.776137
105,105,"자전거생태공원> 여행지 :대한민국 구석구석","경기도 광주시 오포읍에 위치한 자전거공원이다. 경안천 천변에 조성되어 자전거를 처음 접하는 이들이 연습할 수 있는 자전거 연습장과 교육할 수 있는 야외 교육장이 있다. 운동할 수 있는 배드민턴장과 농구장, 반려견과 산책할 수 있는 산책로를 갖추고 있으며 휴식 공간과 쉼터도 있다. 단, 자전거 공원답게 차량을 주차할 수 있는 주차장은 없다. 대형견과 중소형견이 구분되어 놀 수 있는 반려견 놀이터가 있고 안전을 위해 이중 철제문을 설치했다. 쾌적한 환경을 위해 배변 봉투도 준비해 두었다.
내용 닫기","문의 및 안내 031-762-3010
주소 경기도 광주시 오포읍 마루들길 20
이용시간 상시 개방
휴일 연중무휴","등록된 댓글이 없습니다.
","경기도 광주시 오포읍 마루들길 20","2025-03-18 16:34:21",37.390405,127.25185
106,106,"논현포대> 여행지 :대한민국 구석구석","인천광역시 남동구에 있는 조선 후기에 축조된 포대로 1982년 3월 2일 인천광역시 유형문화재로 지정되었다. 병인 · 신미양요를 거치면서 경기 연안의 군비 강화 필요성을 절감한 정부가 해안을 통해 들어오는 외세를 사전에 방어하기 위해 어영대장 신정희와 강화유수 이경하에게 명하여 군사시설을 확충토록 함으로써 1879년 (조선 고종 16년) 축조되었다. 축조 당시에는 당시의 지명을 따서 호구 포대라고 명명하였으나 현재는 논현포대라는 이름으로 부르고 있으며, 대포를 올려놓은 대좌인 포좌가 두 개 남아 옛 모습을 전해주고 있다. 인천 연안은 강화의 바닷길을 통해 한양으로 가는 길목이었기 때문에 당시 많은 포대가 있었으나, 현재는 논현포대만 남아있다.
내용 닫기","문의 및 안내 032-440-4053
홈페이지 https://www.khs.go.kr/main.html
주소 인천광역시 남동구 호구포로 203-31 (논현동)
이용시간 상시 개방
휴일 연중무휴
주차 가능
요금 (무료)
지정현황 인천광역시 유형문화유산 논현포대 (1982.03.02 지정)
입장료 무료","등록된 댓글이 없습니다.
","인천광역시 남동구 호구포로 203-31 (논현동)","2025-03-18 16:34:25",37.40201,126.707199
107,107,"샘사이트> 여행지 :대한민국 구석구석","세계문화유산인 부석사와 소수서원을 가까이 두고 있으며 전체 6,000여 평의 대형 정원을 앞마당으로 사용 가능하다. 넓은 정원 그리고 책과 음악이 있는 힐링 숙소인 샘 사이트는 정원과 책이 있는 2-3명의 독채 정원 별장인 특실과, 300미터 떨어져 있는 일반실 통나무 별장이 있다. 별도의 바비큐 장소인 스크린 하우스가 있고 잔디밭에서의 골프 등 체육활동도 가능하다.","문의 및 안내 054-635-5735
홈페이지 https://www.samsite.kr/
주소 경상북도 영주시 부석면 영부로117번길 76-7
수용인원 특실 2~4명 / 일반실 4~10명
입실시간 15:00
퇴실시간 11:00
객실수 3실 ( 일반실 2실 / 특실 1실)
바비큐장여부 있음
캠프파이어 여부 있음
스포츠 시설 여부 있음","등록된 댓글이 없습니다.
","경상북도 영주시 부석면 영부로117번길 76-7","2025-03-18 16:34:27",36.999942,128.653822
108,108,"할매식당> 여행지 :대한민국 구석구석","‘할매식당’은 게장정식으로 유명한 한식당으로 여러 방송 출연을 한 맛집이다. 주인 할머니께서 직접 주방을 맡고 있어 할매식당이라는 이름이 붙었다. 쉬는 때가 종종 있고, 재료가 떨어지면 영업을 마치기 때문에 미리 전화로 확인하고 찾는 것이 좋다. 정식을 주문하면 생선구이와 잡채, 생선 전, 생선조림, 생선탕 등의 밑반찬이 나오는데 특히 생선 요리들이 인기 있다.","문의 및 안내 054-247-9521
주소 경상북도 포항시 북구 새마을로 29
영업시간 10:30~21:00
휴일 매주 월요일
주차 불가능
대표메뉴 갈치 정식
취급메뉴 게장 정식","등록된 댓글이 없습니다.
","경상북도 포항시 북구 새마을로 29","2025-03-18 16:34:29",36.038515,129.356663
109,109,"미소로> 여행지 :대한민국 구석구석","미소로는 인천광역시 남동구 만수동에 있는 샤부샤부 전문점으로 샤부샤부를 비롯하여 만두전골, 버섯국수전골, 소고기된장찌개 등 다양한 메뉴가 있다. 샤부샤부만큼이나 유명한 메뉴인 모리소바로 손님들이 문전성시를 이룬다. 생면으로 된 소바의 맛은 쫄깃, 탱글 그 자체로 국제요리대회 금상을 수상한 면 장인이 만들어준다는 사실을 증명해 낸다. 내부는 아늑한 분위기를 풍기고 좌석이 여유롭게 배치되어 있어 편안하게 식사를 즐길 수 있다.
내용 닫기","문의 및 안내 032-473-8800
주소 인천광역시 남동구 백범로 109
영업시간 11:00~21:00
휴일 연중무휴
주차 가능
요금 (무료)
대표메뉴 샤브샤브
취급메뉴 모리소바 / 만두전골 / 된장찌개 등","
여기 가지 마세요.불친절에다가 세계 음식대회 우승이라는데 어느대회인지 어떤음식으로 우승인지 언제 어느 나라 어떤 대회에서 우승했는지.제가 느낀 밋으르는 그저 동네 평범한 가게 맛인데 소바는 무한리필이라고 해놓고 소바시키지 않은 사람에게 소바 조금 줬다고 리필 않해주고 앞글에도 이런글이 있던데 .여행가서 짜증나기만 함
R****O 2023. 8. 16.
00
신고하기","인천광역시 남동구 백범로 109","2025-03-18 16:34:33",37.45393,126.734445
110,110,"컬러풀뮤지엄(COLORPOOL MUSEUM)> 여행지 | '열린 관광' 모두의 여행:대한민국 구석구석","컬러풀뮤지엄은 오감을 통해 컬러를 만나는 아트플레이스이다. 컬러를 주제로 한 플레이그라운드이다. 모든 연령과 계층이 함께 교감하며 창의력을 키우는 크리에이티브팩토리다. 컬러풀뮤지엄에서 관람자는 아티스트가 된다. 컬러를 활용한 다양한 작품 속에 직접 들어가 자신이 주인공이 되는 저마다의 새로운 작품을 완성하게 된다. 컬러와 플레이하며 컬러의 색을 보고, 향을 느끼고, 듣는 퍼포먼스가 컬러풀뮤지엄이 지향하는 참여형 예술활동의 가치이다. 우리가 각각의 개성을 가지고 있듯, 컬러도 각각 고유의 에너지와 성격을 가지고 있다. 컬러풀뮤지엄에서 작품을 완성하는 동안 갖가지 컬러들은 당신에게 엄청난 에너지와 비타민을 전달할 것이다.
컬러풀뮤지엄에서 창작활동이 당신의 삶에 건강한 활력과 새로운 영감을 주길 바란다. 어린 자녀와 부모가, 할아버지 할머니와 손주가, 동성의 친구들이, 사랑하는 연인들이, 직장동료들이, 윌리웡카 초콜릿 왕국을 그리워하는 모든 이들이 함께 교감하고 소통하며 친밀함을 증진시키는 매직플레이스로 컬러풀뮤지엄이 기억되기를 소망한다. 2년에 걸쳐 우리가 살고 있는 도시 곳곳에서, 생활환경 곳곳에서 마주하는 생명력 있는 색(Color)과 향(Scent)을 모았다. 컬러의 호기심과 즐거움을 찾고자 놀라운 탤런트를 가진 아티스트, 플래너, 일러스트레이터, 디자이너, 메이커, 봉사활동가들이 탐험의 여정을 함께 했다.
내용 더보기","문의 및 안내 02-6954-2872
홈페이지 공식 홈페이지 http://www.colorpoolmuseum.com
공식 인스타그램 https://www.instagram.com/colorpoolmuseum
주소 서울특별시 종로구 인사동길 49 (관훈동) 6층
이용시간 10:00~20:00 (입장마감 19:00)
휴일 연중무휴
주차 가능 (소형 약 100대 / 대형 20대)
주차 요금 30분 무료 / 이후 10분당 1,000원
이용요금 - 성인(19~64세) 15,000원
- 청소년(13세 이상) 15,000원
- 어린이(24개월~12세) 12,000원
더보기","등록된 댓글이 없습니다.
","서울특별시 종로구 인사동길 49 (관훈동) 6층","2025-03-18 16:34:35",37.574412,126.983044
111,111,"사랑산식당> 여행지 :대한민국 구석구석","사랑산식당은 사랑산 등산로 입구에 위치하며 마을 법인 건물로 주로 주말에 등산객 대상으로 식당을 운영하고 있다.
메뉴는 국내산 콩으로 두부를 직접 만들어서 준비하는 손두부 전골과 모 두부, 마을에서 생산된 감자를 베이스로 닭볶음탕, 사랑산에서 채취한 자연산 버섯인 솔버섯전이 있다.
예약제로만 운영되므로 방문 전 미리 전화 문의를 해야 한다.
내용 닫기","문의 및 안내 010-2221-0414
홈페이지 https://blog.naver.com/sarangsan59
주소 충청북도 괴산군 청천면 사기막길 59
영업시간 10:00~18:00
휴일 예약에 따라 변동
주차 가능 (소형 5대)
요금 (무료)
대표메뉴 손두부 전골
취급메뉴 자연산 버섯전 / 감자전 / 김치전 / 모두부 등","등록된 댓글이 없습니다.
","충청북도 괴산군 청천면 사기막길 59","2025-03-18 16:34:38",36.701003,127.843616
112,112,"거조사> 여행지 :대한민국 구석구석","은해사에서 신녕면 쪽으로 8㎞ 정도 가다 보면 거조사를 만난다. 거조사라는 이름은 팔공산 동쪽 기슭에 위치하여, 아미타불이 항상 머문다는 뜻이다. 원효대사가 거조암을 창건한 뒤 진평왕 13년에 혜림법사와 법화화상이 영산전을 건립하여 오백나한을 모시게 되면서 영험한 나한 기도도량으로 유명하다. ‘거조사 영산전’은 1962년 국보로 지정되었고, 2021년 3월 은해사 부속 암자인 거조암에서 거조사로 명칭이 바뀌었다. 우리나라 목조건축물은 고려시대 이전의 것은 없으며, 남아있는 고려시대의 목조건축물로 안동 봉정사 극락전, 강릉 객사문, 영주 부석사 무량수전, 예산 수덕사 대웅전, 부석사 조사당 그리고 이곳 거조암 영산전 6곳뿐이라는 점에서 중요하게 평가받고 있다.

(사진 출처: 새 영천 알리미단 정동찬 기자)
내용 닫기","문의 및 안내 054-335-1369
주소 경상북도 영천시 청통면 거조길 400-67
이용시간 상시 개방
주차 가능
지정현황 국보 영천 거조사 영산전 (1962.12.20 지정)","등록된 댓글이 없습니다.
","경상북도 영천시 청통면 거조길 400-67","2025-03-18 16:34:43",36.020031,128.765066
113,113,"늘솔길공원양떼목장> 여행지 | '열린 관광' 모두의 여행:대한민국 구석구석","늘솔길 공원은 인천시가 친환경 공원 잔디를 관리할 목적으로 2014년 7마리의 면양을 들여오면서 시작되었다. 공원에 양떼들을 개방하자 시민들은 큰 호응을 보냈고 지금은 양의 숫자가 총 30마리 가까이 늘면서 명실공히 양떼목장이 되었다. 늘 솔길 공원은 편백숲, 메타세쿼이아 숲과 은행나무숲, 계수나무숲 등의 숲길과 숲 속 휴식처들이 잘 조성되어 있다. 유아숲 체험원도 있고 저수지도 있어 시민들이 건강과 휴식을 위해 많이 찾는 공원이다. 소래 도서관에서 350m 거리이고 공원 주차장에서 200m 거리에 위치해 있다.
내용 더보기","문의 및 안내 032-453-2857
홈페이지 https://www.namdong.go.kr/main/area/physical/farm.jsp
주소 인천광역시 남동구 앵고개로815번길 59 (논현동)
이용시간 10:00~16:30
※ 우천 시 관람 불가
휴일 연중무휴
체험 안내 유아숲체험장
입장료 무료
접근로 주 출입구 경사로 완만함
화장실 슬라이딩문 있음
휠체어가 충분히 들어갈 공간 있음
손잡이, 비상벨, 점자블록 있음
점자 블록 화장실 입구 앞
편백숲 무장애 나눔길 입구 앞
영유아가족
기타상세 여자 화장실 내 기저귀 교환대 있음
유아용 변기 있음
유아용 세면대 있음
지체장애 기타 상세 화장실 옆 전동 휠체어 급속 충전기 있음
닫기","
삭제된 댓글입니다.
양들이 제법 많이 있어요~ 애들이 좀 꼬질하긴한데 풀도 잘 먹고 순했어요 주변에 나무도 많고 걷기 좋아요
K***y 2024. 3. 4.
00
신고하기
늘솔길공원양떼목장 좋아요 늘 솔길 공원은 편백숲, 메타세쿼이아 숲과 은행나무숲, 계수나무숲 등의 숲길과 숲속 휴식처들이 잘 조성되어 있어서 휴식을 취하기 정말 좋습니다
z*d 2024. 2. 15.
00
신고하기
시민들이 건강과 휴식을 위해 많이 찾는 공원으로 가족과 힐링하기 좋습니다 추천합니다
d*s 2024. 2. 15.
00
신고하기
인천 늘솔길공원 주차장은 3개이지만, 양떼목장을 보고자 한다면 늘솔길주차장1이 가깝습니다.주차비, 입장료 모두 무료였습니다.먹이를 주지 말라는 주의 사항이 있어 그런지 먹이 주기 체험용 건초는 준비되어 있지 않았습니다.쉼터와 양을 배경으로 한 포토존이 잘 조성되어 있었고요,그늘막 쉼터에서는 취사나 주문배달은 금지되어 있었습니다. 양떼목장 가까이에 숲놀이터도 있어서 아이들이 양도 보고 놀이터에서 신나게 놀 수 있어 좋았습니다.
나* 2024. 1. 13.
00
신고하기","인천광역시 남동구 앵고개로815번길 59 (논현동)","2025-03-18 16:34:48",37.396011,126.722735
114,114,"송도키친> 여행지 :대한민국 구석구석","눈부신 송도 바다 전망이 파노라마 뷰로 펼쳐지는 레스토랑이며, 부산의 바다를 느낄 수 있는 송도키친의 시그니처 메뉴 ‘홍합 스튜’부터 제철 재료를 이용해 만들어 내는 파스타, 바삭한 도우와 진한 풍미의 피자, 육즙이 살아있는 스테이크까지 다양한 다이닝을 맛볼 수 있는 장소이다.
시원하게 불어오는 바닷바람과 노을 지는 붉은 하늘, 피부로 느껴지는 선선한 온도와 지글지글 바베큐가 익어가는 소리까지 오감만족 ‘바베큐 피스트’를 맛보며 송도 해수욕장이 한눈에 보이는 파노라마 뷰를 즐길 수 있다.
참숯에 직화로 오래도록 구워내는 ‘바베큐 피스트’는 독특한 스모키 한 맛과 향이 베여 풍부한 육즙과 풍미를 선사하고, 부산의 매력을 느낄 수 있는 전복과 새우 등의 해산물들은 다양한 취향을 저격한다. 함께 구워지는 야채들과 사이드 디쉬로 맛의 조화까지 느낄 수 있다.
내용 더보기","문의 및 안내 051-260-0050
홈페이지 https://www.songdokitchen.com/
주소 부산광역시 서구 송도해변로 113 (암남동) 페어필드 바이 메리어트 부산 송도 비치 22층
영업시간 12:00~22:00 (준비시간 14:30~17:00 / 마지막 주문 21:30)
휴일 연중무휴
주차 가능 (무료)
대표메뉴 한우 안심 스테이크 정식
취급메뉴 부라타 치즈 샐러드 / 프랑스식 매콤 홍합 스튜 / 홍합 감바스 등","등록된 댓글이 없습니다.
","부산광역시 서구 송도해변로 113 (암남동) 페어필드 바이 메리어트 부산 송도 비치 22층","2025-03-18 16:34:51",35.077709,129.019282
115,115,"간석자유시장> 여행지 | '열린 관광' 모두의 여행:대한민국 구석구석","1970년에 개장한 간석자유시장은 미추홀구와 남동구가 만나는 간석오거리 인근에 있는 상가 주택 건물형의 중형 전통시장이다. 골목형 시장과 지붕 아케이드를 설치한 시장이 합쳐져 있으며 약 130여 개 점포가 영업 중이다. 유동인구가 많아 언제나 사람들로 붐비는 시장으로 다양한 먹거리와 생활필수품들을 판매하고 있다. 시장 내에 TV 프로그램 <생방송투데이>에 소개된 매운 닭강정이 인기가 많으며, 그 외 족발, 떡볶이, 홍두깨칼국수 등 인기 맛집들도 많다. 인천 1호선 간석오거리역에서 도보 7분 거리다.
내용 더보기","문의 및 안내 032-434-7778
홈페이지 https://cafe.daum.net/ganseoksangin
주소 인천광역시 남동구 백범로 312-1 (간석동)
이용시간 ※ 점포별 상이함
휴일 ※ 점포별 상이함
주차 가능
요금 (무료)
판매 품목 농산물, 축산물, 해산물, 패션 잡화, 귀금속, 방앗간 등
접근로 출입구까지 턱이 없어 휠체어 접근 가능함
출입통로 주출입구는 턱이 없어 휠체어 접근 가능함_무장애 편의시설
보조견 동반 동반가능_시각장애인 편의시설
닫기","등록된 댓글이 없습니다.
","인천광역시 남동구 백범로 312-1 (간석동)","2025-03-18 16:34:55",37.46387,126.715322
116,116,"박노수미술관> 여행지 :대한민국 구석구석","2013년 타계한 고 박노수 화백이 40여 년간 거주하던 가옥에 만들어진 박노수미술관은 서울시 1종 등록미술관으로 지정된 종로구립 미술관이다. 박노수 화백의 기증작품과 컬렉션(고미술품, 수석, 고가구) 등 총 천여 점의 풍부한 예술품을 바탕으로 2013년 9월에 설립되었다.
박노수미술관 건축물은 1937년경 절충식 기법으로 지어진 가옥이다. 주로 한식으로 지어졌으며 1층은 온돌과 마루, 2층은 마루방 구조이고, 3개의 벽난로가 설치되어 있다. 현관은 벽돌 포치로 아늑한 느낌을 주며, 지붕은 서까래를 노출한 박공지붕으로 되어 있어 장식적인 요소와 단순함이 어우러져 독특한 분위기를 자아내고 있다. 문화재적 가치를 인정받아 1991년에 서울특별시 문화유산자료로 지정되었다.
박노수미술관은 품격 있는 소장품을 바탕으로 매해 기획전시를 개최하고 정원음악회, 명사초청 특강, 어린이·청소년 예술교육프로그램 등을 기획하는 등 시민들에게 문화향유 기회를 제공하고 있다.
내용 닫기","문의 및 안내 02-2148-4171
홈페이지 https://www.jfac.or.kr
주소 서울특별시 종로구 옥인1길 34 (옥인동)
이용시간 10:00~18:00 (입장마감 17:30)
휴일 매주 월요일 / 1월 1일 / 설·추석 연휴
주차 불가능
이용요금 [개인]
- 어른 3,000원
- 청소년 1,800원
- 어린이 1,200원
[단체(20명 이상)]
- 어른 1,800원
- 청소년 1,200원
- 어린이 600원
할인 정보 50% 감면 : 종로구에 주소를 둔 관람객 / 한복착용자
닫기","등록된 댓글이 없습니다.
","서울특별시 종로구 옥인1길 34 (옥인동)","2025-03-18 16:35:00",37.581311,126.966795
117,117,"인천대공원> 여행지 | '열린 관광' 모두의 여행:대한민국 구석구석","인천대공원은 인천 남동구 장수동에 위치한 공원이다. 자연을 만끽할 수 있는 즐거움이 있고 여유롭게 힐링할 수 있어 연간 400만 명의 시민들이 찾는 수도권의 대표적인 휴양공원이다. 주요 시설로 수목원, 습지원, 숲학교, 캠핑장, 휴게음식점, 공연시설 등을 갖추고 있다. 체험은 산림치유프로그램, 목재문화체험, 어린이동물원 등을 운영한다. 축구장, 풋살장은 미리 예약하면 이용할 수 있다. 다양한 체험과 쾌적한 휴식처를 제공하는 생명의 숲에서 행복한 시간을 보내보자.
내용 더보기","문의 및 안내 032-440-5815
홈페이지 https://www.incheon.go.kr
주소 인천광역시 남동구 무네미로 236
이용시간 - 하절기 05:00~23:00
- 동절기 05:00~22:00
휴일 연중무휴
주차 가능
요금 (3,000원)
입장료 무료
접근로 출입구까지 턱이 없어 휠체어 접근 가능함
출입통로 주출입구는 턱이 없어 휠체어 접근 가능함
보조견 동반 동반가능
더보기","등록된 댓글이 없습니다.
","인천광역시 남동구 무네미로 236","2025-03-18 16:35:03",37.457679,126.749281
118,118,"태백호텔> 여행지 :대한민국 구석구석","해발고도 720m에 위치한 태백호텔은 고풍스러운 외관 및 유럽풍의 품격 있는 내부 인테리어를 갖춘 가족호텔이다. 민족의 영산인 태백산 국립공원 입구 청정지역에 위치하여 수려한 자연경관과 맑은 공기가 어우러진 곳이며, 특히 고원지대의 특징인 열대야 없는 시원한 여름철을 만끽할 수 있다. 또한 태백호텔은 다양한 편의시설을 제공한다. 고급 레스토랑에서의 특별한 음식, 돔형 워터파크, 커피&스낵, 베이커리 카페, 패션갤러리, 편의점, 미용실, 세미나실, 대연회장, 야외캠핑장 그리고 편리한 주차장 등을 갖추고 있어 숙박객들은 호텔 경내에서 필요한 모든 시설을 이용할 수 있다.
내용 더보기","문의 및 안내 033-550-5800
홈페이지 https://taebaekhotel.com/
https://blog.naver.com/taebaek1202
https://www.instagram.com/taebaekhotel/
주소 강원특별자치도 태백시 태백산로 4761 (소도동)
주차 가능
수용인원 250명
입실시간 - 비수기 주중 15:00
- 주말/성수기/연휴 16:00
퇴실시간 11:00
식음료장 레스토랑 / 베어커리 카페 / 커피&스낵
픽업서비스 불가능
객실수 84실
더보기","등록된 댓글이 없습니다.
","강원특별자치도 태백시 태백산로 4761 (소도동)","2025-03-18 16:35:07",37.132483,128.960241
119,119,"청도농산물프라자> 여행지 | '열린 관광' 모두의 여행:대한민국 구석구석","내용 더보기",더보기,"등록된 댓글이 없습니다.
",,"2025-03-18 16:35:10",NULL,NULL
120,120,"새우타워 전망대> 여행지 | '열린 관광' 모두의 여행:대한민국 구석구석","내용 더보기",더보기,"등록된 댓글이 없습니다.
",,"2025-03-18 16:35:13",NULL,NULL
121,121,"인천항 갑문홍보관> 여행지 | 산업관광:대한민국 구석구석","인천항은 우리나라의 대표 항만시설 중 하나로써, 중국과 수도권 물류의 교류거점 역할을 담당하고 있다. 갑문이 있는 항구에는 5만 톤급의 대형선박도 입출항이 가능한 수출입 화물 전용부두가 운영되고 있다.
인천항 갑문홍보관은 인천항과 갑문의 발전역사와 미래비전을 제시하고 있으며, 갑문홍보영상, 갑문구동시뮬레이션, 각종 체험프로그램 등으로 구성되어 있다. 또, 인천항 갑문의 전경과 선박들이 갑문을 통항하는 모습을 감상할 수 있는 야외 공원 조성되어 있으며, 갑문과 내항의 전경 감상하고 원경을 통해서 원거리 경관 조망 가능한 전망대 등도 자리하고 있다.
내용 닫기","문의 및 안내 032-770-4524, 4512
홈페이지 https://www.icpa.or.kr/
주소 인천광역시 중구 월미로 376 (북성동1가)
이용시간 09:00~18:00 (입장 마감 17:30)
휴일 주말 / 공휴일 / 공사창립기념일(7월 11일) / 근로자의 날(5월 1일)
주차 가능
체험 안내 나도선장
체험가능 연령 전 연령 가능
입장료 무료
접근로 출입구까지 턱이 없어 휠체어 접근 가능함
출입통로 주출입구는 턱이 없어 휠체어 접근 가능함
장애인 주차 안내 장애인 주차장 있음_무장애 편의시설
화장실 장애인 화장실 있음(1층)
엘리베이터 엘리베이터 있음
점자 블록 점자블록 있음_시각장애인 편의시설
닫기","등록된 댓글이 없습니다.
","인천광역시 중구 월미로 376 (북성동1가)","2025-03-18 16:35:24",37.467151,126.604044
122,122,"국립고궁박물관> 여행지 | '열린 관광' 모두의 여행:대한민국 구석구석","1992년 궁중유물전시관으로 설립되었다. 조선시대와 대한제국기의 격조 높은 왕실유물을 전시하여 조선왕조에 대한 올바른 이해와 역사관을 정립하고자 조선왕조 정궁인 경복궁과 연계한 문화 공간으로 조성되어 광복 60주년이던 2005년 8월 15일에 국립고궁박물관으로 명칭을 변경하였고, 2007년 11월에 전면 개관하였다. 조선시대 최고 수준의 문화와 정신이 집약되어 있는 왕실 유물의 과학적이고 체계적인 보존과 복원을 통해 다양하고 시의성 있는 왕실 문화 전시를 기획하고, 왕실 소장품을 꾸준히 확충하여 전시 유물을 확대해나가고 있다. 또한 왕실 문화를 주제로 한 다양한 교육 프로그램을 운영하고, 국내‧외의 왕실 문화 기관과의 교류 활성화에도 많은 노력을 하고 있다. 이를 통해 품격 있는 왕실 문화유산의 의미를 관람객에게 전달하며 조선 왕실과 대한제국 황실의 가치를 전달하고자 한다.
내용 더보기","문의 및 안내 02-3701-7500
홈페이지 http://www.gogung.go.kr
주소 서울특별시 종로구 효자로 12 (세종로)
이용시간 10:00~18:00
※ 단, 수요일 / 토요일 10:00~21:00
휴일 1월 1일 / 설·추석 당일
주차 가능
이용요금 무료
체험프로그램 ※ 일정 및 연령 별로 진행하는 프로그램이 상이하므로 자세한 사항은 홈페이지 참조
출입통로 경사로를 이용하여 휠체체어로 출입가능
장애인 주차 안내 장애인전용 주차구역 있음 (2개)_무장애 편의시설

더보기","
댓글 더보기","서울특별시 종로구 효자로 12 (세종로)","2025-03-18 16:35:28",37.576953,126.974232
123,123,"소래포구 > 여행지 | '열린 관광' 모두의 여행|한국관광100선:대한민국 구석구석","소래포구는 인천 남동구에 위치해 있으며, 수도권에 가장 쉽게 바다를 느낄 수 있는 여행지 중 하나이다. 소래포구는 아픈 과거를 가지고 있고 또한 그 아픈 과거가 만들어낸 관광지다. 1930년 후반 화약의 원료인 양질의 소금을 이 지역에서 수탈하기 위해 철도를 건설하면서 소래포구의 발전사가 시작되었다. 해방 후에는 실향민들이 모여들어 무동력선 한 두 척으로 새우를 잡고 젓갈을 만들어 수인선 열차를 타고 인천, 수원, 부평, 서울 등지로 새벽부터 새우젓을 이고, 지고 나가 팔면서 소래사람들의 삶은 꾸려졌다. 어시장에는 새우와 젓갈 그리고 꽃게로 유명하다. 신선한 해산물과 상인들의 푸짐한 덤, 그리고 고기잡이 어선을 따라서 파란 하늘에 포물선을 그리는 갈매기 소리는 진한 여운으로 남는다. 특히 대하나 꽃게 철이 되면 축제를 열 정도로 그 싱싱함과 맛이 일품이고 바다내음과 싱싱한 해산물이 필요할 땐 소래포구를 찾게 된다. 새로 단장한 어시장은 지하 1층부터 지상 2층에 이르는 규모에, 300여 개 횟집을 비롯해 젓갈 가게 등 약 340곳의 상점이 모여 있다. 특히 2층은 어시장에서 구입한 생선을 회로 맛볼 수 있는 식당이고, 육아 카페 등 편의 시설도 있다. 최근 출현한 새우타워 전망대는 높이 21m로, 소수의 인원이 오붓하게 경치를 감상하기에 좋다.
내용 닫기","문의 및 안내 032-431-2213
홈페이지 http://sorae-pogu.co.kr/
주소 인천광역시 남동구 포구로 2-6
이용시간 상시 개방
휴일 연중무휴
주차 가능
요금 (무료)
입장료 무료
접근로 출입구까지 턱이 없어 휠체어 접근 가능함
출입통로 주출입구는 턱이 없어 휠체어 접근 가능함
장애인 주차 안내 장애인 주차장 있음_무장애 편의시설
화장실 장애인 화장실 있음
엘리베이터 엘리베이터 있음
점자 블록 점자블록 있음(화장실, 엘리베이터)_시각장애인 편의시설
지체장애 기타 상세 소래포구어시장, 회센터, 공중화장실, 공영주차장 이용 가능
닫기","
배경의 댓글은 현재 가볼래-터 3월호 미션을 완료한 댓글입니다.
주말에 바람쐬러가기 좋아요. 젓갈 쇼핑도하고 새우튀김도 사먹고~ 일년에 두세번은 꼭 방문합니다.
돌***마 2025. 3. 14.
00
신고하기
가까운 바닷가라 너무 좋아요! 그냥 구경하러갔다가 칼국수랑 새우젓 사왔어요~가볍게 나들이하기에좋습니다!
긍**이 2025. 2. 22.
00
신고하기
대하가 철이라 친구들이랑 같이 대하먹으러 갓어요! 엄청 실하고 맛잇네용~ 대하먹으러 고고~
꽁* 2024. 10. 2.
00
신고하기
서울하고 가까워서 가족들과 구경갔다왔는데 바다와 어시장 구경하는 즐거움이 있어요. 아이들이 너무좋아했네요. 그리고 식당도많아서 맛있는거 많이먹고 올때 새우젓하고 게 사왔었는데 신선하고 맛있었어요. 다음에 또 가고싶네요
파*맘 2024. 8. 19.
00
신고하기
수도권에서 바다도 보고 가까운 어시장중 하나라서 가끔가는데 사실 비싸기도 하지만 사람이 무척 많아요 회먹기 오기보단 젓갈이나 새우튀김 같은거 먹고 와요 크기는 무척 커서 다 구경하려면 꽤 시간 걸리고 조개잡이 할수 있는곳도 있어요
L*e 2024. 8. 19.
00
신고하기
우와 얼마전 다녀온 소래포구네요. 저는 수인분당선을 타고 소래포구에 갔더니 편하더라구요. 바다바람 느끼고 생선구이 먹고 새우젓도 사왔어요. 예전에 친정엄마가 소래포구에서 새우젓 등 각종 젓갈 사왔던게 생각났어요. 소래포구는 좋은 기억 저장소에요. 가을엔 대하구이 먹으러 갈래요
떠*고 2024. 8. 19.
00
신고하기
생선구이 백반을 먹고 새우타워도 볼 수 있어 좋아요. 다음에 방문해서 싱신한 회를 먹을 거예요.
y***** 2024. 3. 11.
00
신고하기
댓글 더보기","인천광역시 남동구 포구로 2-6","2025-03-18 16:35:34",37.398844,126.740034
124,124,"태화산(경기)> 여행지 :대한민국 구석구석","도척면 추곡리에 위치한 태화산(664m)은 상당히 뾰족한 봉우리를 가진 아담한 산이다. 인근에 곤지암 소머리국밥촌이 있고 낚시터 저수지도 많아 방문객들이 늘고있다. 정상에서 남쪽 방향 산자락에는 고려 충속왕12년에 일연선사가 창건 하였다는 백련암이 자리잡고 있다. 특히 대웅전 아래에는 전설이 깃든 '장군수'가 있어 등산시 식수로 이용할 수 있다. 울창한 숲 사이로 난 능선 오솔길을 올라가면 바위 전망대가 나온다. 내려다보면 계곡이 시원하게 펼쳐지고 계곡 너머로 백마봉으로 이어지는 능선이 길고 장쾌해 가슴이 탁 트인다. 태화산은 어느 쪽 코스를 잡더라도 3시간 정도면 무리없이 오를 수 있다.

(출처 : 광주시 문화관광 홈페이지)
내용 더보기","문의 및 안내 031-760-2634
홈페이지 http://www.gjcity.go.kr/tour/main.do
주소 경기도 광주시 도척면 추곡리
이용시간 상시 개방
휴일 연중무휴
주차 가능
체험가능 연령 전 연령
입장료 무료","등록된 댓글이 없습니다.
","경기도 광주시 도척면 추곡리","2025-03-18 16:35:37",37.279143,127.291287
125,125,"낙동강역사이야기관> 여행지 :대한민국 구석구석","낙동강 역사이야기관은 경북 상주시 낙동면에 자리 잡고 있다. 낙동강과 관련된 다양한 역사 문화 콘텐츠를 체험함으로써 문화자원에 대한 소중함을 인식할 수 있는 교육과 문화의 공간이다. 주요 시설로 어린이 체험관, 4D 영상관, 생활문화관, 나룻배 체험관, 경제교류관 등이 있고 과거 번성했던 낙동 나루도 재현해 두었다. 4D 영상도 무료 관람이 가능하고 나룻배 체험관에서는 노를 직접 저어 볼 수 있어 아이들에게는 낙동강의 역사를 속속들이 알 수 있는 좋은 교육의 장이다.
내용 더보기","문의 및 안내 054-532-6380
주소 경상북도 상주시 낙동면 낙동1길 116
이용시간 09:30~17:30 (입장 마감 16:30)
휴일 매주 월요일 / 1월 1일 / 설·추석 연휴
주차 가능
주차 요금 무료
이용요금 무료
체험프로그램 4D영상 관람 / 나룻배 체험관","등록된 댓글이 없습니다.
","경상북도 상주시 낙동면 낙동1길 116","2025-03-18 16:35:39",36.366392,128.308746
126,126,"인천 차이나타운> 여행지 | '열린 관광' 모두의 여행|야간관광 밤밤곡곡|한국관광100선:대한민국 구석구석","인천 차이나타운은 1883년 인천항이 개항되고 1884년 제물포지역이 청나라의 치외법권 (治外法權, extraterritoriality) 지역으로 지정되면서 형성된 곳이다. 120년이 넘는 역사 동안 화교 고유의 문화와 풍습을 간직하고 있는 곳으로, 붉은색으로 치장된 골목 구석구석을 둘러볼 때마다 마치 중국으로 여행을 온듯한 기분이다. 과거에는 중국에서 수입된 물품들을 파는 상점들이 대부분이었으나, 현재는 중국 음식점들이 많다. 현재 이 거리를 지키고 있는 한국 내 거주 중국인들은 초기 정착민들의 2세나 3세가 이어 운영하고 있기 때문에 1세들이 지키고 있던 전통문화를 많이 지키지 못하고 있지만 중국의 맛만은 고수하고 있다. 남녀노소 사랑하는 짜장면이 탄생된 곳이기도 하며, 하얀 짜장과 양꼬치, 공갈빵, 화덕만두 등 다양한 먹거리들이 많다.
내용 더보기","문의 및 안내
인천역관광안내소 032-777-1330
인천 문화관광과 032-760-6479
홈페이지 https://itour.incheon.go.kr
주소 인천광역시 중구 차이나타운로59번길 20
주차 가능
보조견 동반 보조견 동반 가능함
장애인 주차 안내 장애인전용 주차구역 있음(29개)_무장애 편의시설
화장실 장애인 화장실 있음
주민센터에 공용화장실 있음(평일09:00~21:00 / 주말 공휴일 09:00~19:00)
휠체어 휠체어 대여가능(1대/계항동 행정복지센터 평일 09:00 ~ 18:00)
안내 요원 안내요원 있음(차이나타운 종합안내소)
유도안내 설비 이동동선에 따라 안내설비가 설치되어 있음
닫기","
배경의 댓글은 현재 가볼래-터 3월호 미션을 완료한 댓글입니다.
주말에 가면 사람에 치일 수 있으니 한번쯤은 여유롭게 평일에 방문하는 것을 추천드립니다. 유명한 맛집이나 카페들은 검색만 해도 잘 나오는 편이라 취향에 맞게 가시면 될 듯 싶습니다
E* 2025. 3. 14.
00
신고하기
동화마을~차이나타운~개항장거리까지 걸아다니면서 구경하면 정말 좋아요!! 개인적으로 차이나타운에서 홍두병이 맛있습니다
장*란 2025. 3. 9.
00
신고하기
댓글 더보기","인천광역시 중구 차이나타운로59번길 20","2025-03-18 16:35:52",37.4739,126.619217
127,127,"산천쭈꾸미 본점 도림동> 여행지 :대한민국 구석구석","산천쭈꾸미 본점 도림동은 불향이 가득한 쭈꾸미볶음 맛집이다. 통통하고 쫄깃한 쭈꾸미가 푸짐하게 들어가 있다. 메인메뉴를 주문하면 기본으로 콩나물무침과 무생채, 묵사발이 차려진다. 세트메뉴도 다양하게 준비되어 있는데, 겉은 바삭하고 속은 촉촉한 수제 도토리전 세트, 치즈의 고소함이 살아있는 고르곤졸라피자세트, 매운 음식과 환상의 궁합을 자랑하는 까르보떡볶이세트, 어른과 아이까지 모두 즐길 수 있는 등심돈까스세트, 황해도식 되지비탕세트 중 하나를 선택하여 쭈꾸미볶음과 함께 먹을 수 있다. 또, 낙지와 곱창, 새우가 어우러진 전골요리인 낙곱새도 단품과 세트 메뉴로 판매하고 있다.
내용 닫기","문의 및 안내 0507-1343-5292
주소 인천광역시 남동구 비류대로764번길 190
영업시간 - 11:00~21:30
- 준비 시간 15:30~16:30
- 마지막 주문 21:20
휴일 연중무휴
주차 가능
요금(무료)
대표메뉴 불향쭈꾸미볶음
취급메뉴 낙곱새 / 수제돈까스 / 왕새우튀김 / 고르곤졸라피자 등","등록된 댓글이 없습니다.
","인천광역시 남동구 비류대로764번길 190","2025-03-18 16:36:02",37.415476,126.725759
128,128,"김천 녹색미래과학관> 여행지 | 산업관광:대한민국 구석구석","‘놀다 보면 과학 아이디어가 술술!’
김천 녹색미래과학관은 지속가능한 미래를 꿈꾸는 창의과학 놀이터이다. 생활과 자연의 에머지를 생각하고 무한한 상상의 나래를 현실로 만들어가는 아이들을 위한 체험과학 실습장이다. 4D풀돔영상 관람, 주말 과학체험부스 등 다양한 프로그램을 운영하고 있다.","문의 및 안내 054-429-1600
홈페이지 http://gcsm.gc.go.kr
주소 경상북도 김천시 혁신6로 31
이용시간 09:30~18:00 (매표 마감 17:00)
휴일 매주 월요일 / 1월 1일 / 설날·추석 당일
주차 가능
체험 안내 [상설전시관]
- 기후변화관 / 그린네어지관 / 녹색미래관 / 야외체험시설
[교육 프로그램]
- 개인 및 단체 과학교육프로그램 홈페이지 및 전화 사전 접수
[체험 프로그램]
- 주말 과학체험부스 등 기간별 체험프로그램 상이
입장료 [상설전시관]
- 어른 3,000원
- 청소년 · 군인 2,000원
- 초등학생 1,500원
[4D풀돔영상관]
- 어른 2,000원
- 청소년 · 군인 1,500원
- 미취학 · 초등학생 1,000원

더보기","
댓글 더보기","경상북도 김천시 혁신6로 31","2025-03-18 16:36:06",36.124708,128.184864
129,129,"거잠포선착장> 여행지 :대한민국 구석구석","거잠포 선착장은 영종도에서 무의도로 연결된 인천 공항선 용유역 가까이에 위치해 있다. 영종도와 잠진도를 거쳐 무의도까지 드라이브 코스로도 좋은 이곳은 서해안에서 일출을 보기 좋은 명소로 알려져 있다. 거잠포 해변에서 바라보는 매도랑과 주변 작은 무인 섬이 아름다운 경치를 더해 준다. 선착장 옆, 인천국제공항 남쪽 방조제는 해안도로 드라이브 코스로도 좋다.","문의 및 안내 인천종합 관광안내소 032-832-3031
주소 인천광역시 중구 잠진도길 11 (운서동)
이용시간 상시 개방
휴일 연중무휴
주차 가능(간이주차)","등록된 댓글이 없습니다.
","인천광역시 중구 잠진도길 11 (운서동)","2025-03-18 16:36:09",37.422045,126.425399
130,130,"소래습지생태공원> 여행지 | '열린 관광' 모두의 여행:대한민국 구석구석","소래습지생태공원은 갯벌, 갯골과 폐염전 지역을 다양한 생물 군락지 및 철새 도래지로 복원시키기 위한 공원 조성 사업을 2009년 5월 완료했다. 습지 내 각종 해양생물을 관찰하고, 천일염을 생산했던 시설물과 자료를 볼 수 있는 전시관이 있으며, 직접 천일염 생산 및 습지 내 사는 다양한 동·식물을 탐구해 볼 수 있는 자연학습장과 광활한 갈대 및 풍차, 산책로, 쉼터 등이 마련되어 있어 시민의 편안한 휴식공간으로 활용되고 있다.
내용 더보기","문의 및 안내 032-435-7076
홈페이지 https://www.incheon.go.kr/
주소 인천광역시 남동구 소래로154번길 77
이용시간 - 공원 04:00~23:00
- 산책로 09:30~17:30
- 생태전시관 10:00~18:00
※ 이용요금은 변동될 수 있으므로 홈페이지 참고
휴일 매주 월요일 / 1월 1일
주차 가능
요금 (최초 30분 300원 / 이후 15분 당 150원 추가)
입장료 무료
접근로 출입구까지 턱이 없어 휠체어 접근 가능함
출입통로 주출입구는 턱이 없어 휠체어 접근 가능함
장애인 주차 안내 장애인 주차장 있음_무장애 편의시설
화장실 장애인 화장실 있음(주차장 입구, 생태공원 내부)
닫기","
소래포구 하면 어시장만 구경하다 오곤 했는데, 이번에 습지 생태공원을 갔다오고나서 새로운 소래포구의 모습을 보게 되어 즐거웠네요. 바닷가와 갯벌 주위로 이어진 데크길과 공간마다 쉴곳이 마련되어 있어 가족과함께 걷기에 쉬어가기에 너무 좋았습니다.
m********** 2025. 2. 13.
00
신고하기
친구들이랑 새해 일출 보러 갔던 곳이에요 일출뿐 아니라 근처에 소래포구도 가까워 맛있는것도 먹을수 있어요
범*비 2025. 1. 6.
00
신고하기
너무 추운날 가서 많이 걷기 힘들었는데 날씨 좋은 계절에 가면 좋을 것 같아요~
최*정 2024. 12. 6.
00
신고하기
강쥐랑 산책하기 좋았어요
K******오 2024. 11. 6.
00
신고하기
신고하기
방문자 후기
습지내에서의 둘레길도 좋고 경치들이 힐링이 됩니다
달**랑 2024. 10. 5.
00
지금처럼 선선해지는 날씨가 가기 딱 좋아요. 소래포구에서 밥먹고 산책삼아 갔는데 식물도 많고 산책로도 잘 해놨더라고요. 해가 지려는 시간에 갔는데, 하늘이 점점 붉게 바뀌고 어두워지는 시간에 풀벌레 소리만 들리니 참 좋았어요.
유* 2024. 9. 16.
00
신고하기
워낙 넓은 부지에 펼쳐져있어 여름은 피해야 할 것 같고 자연풍경이 잘되어 있어 구경하기 좋아요
D* 2024. 8. 28.
00
신고하기
댓글 더보기","인천광역시 남동구 소래로154번길 77","2025-03-18 16:36:14",37.407352,126.74632
131,131,"국립인천해양박물관> 여행지 :대한민국 구석구석","인천 중구 월미도에 위치한 국립인천해양박물관은 수도권 최초의 해양문화시설로 2024년 12월 11일에 개관했다. ‘바다를 만나다, 미래를 마주하다’라는 주제로 개관식이 진행되었으며, 주요 시설로는 어린이박물관, 디지털 실감 영상실, 해양교류사실, 해운항만실, 해양문화실, 기획전시실 등이 있다.
‘교류의 바다, 연결의 시작’이라는 주제로 선사시대부터 현재까지의 해양 교류 역사와 해운·항만의 발전, 해양 관련 문화 예술을 전시하고 있고 특히 실감영상실에서는 조선 시대 해양 항해를 재현한 ‘항해조천도’를 감상할 수 있다. 바다의 역사와 문화를 직접 체험하고 해양의 중요성을 일깨우는 교육의 장으로서 큰 역할을 할 곳이다.
내용 더보기","문의 및 안내 032-620-1095
홈페이지 https://www.inmm.or.kr/
주소 인천광역시 중구 월미로 294 (북성동1가)
이용시간 10:00~18:00 (입장 마감 17:30)
휴일 매주 월요일 / 매년 1월 1일 / 설·추석 당일
주차 가능
주차 요금 유료 (30분 이내 출차 시, 무료)
이용요금 무료 (단, 특별 전시는 유료로 진행)","등록된 댓글이 없습니다.
","인천광역시 중구 월미로 294 (북성동1가)","2025-03-18 16:36:16",37.470175,126.595957
132,132,"남동25시야구센터> 여행지 :대한민국 구석구석","남동25시야구센터는 인천광역시에 남동구 수산동에 있는 경식구 프리미엄 야구배팅장으로 365일 24시간 무인 운영 중이다. 예약이나 대관이 없어 언제든지 이용할 수 있다. 야구를 좋아하는 누구나 시간, 공간, 날씨에 구애받지 않고 저렴한 가격으로 이용할 수 있는 실내 시설로 리틀, 주니어, 경험이 없는 아이들, 여성들도 많이 찾고 있다. 대형 휴게 공간과 피칭 공간도 마련되어 있다.","문의 및 안내 070-8834-8300
홈페이지 https://www.instagram.com/namdong_25baseball
주소 인천광역시 남동구 경신로60번길 22 (수산동)
이용시간 상시 개방
휴일 연중무휴
주차 가능
요금 (무료)
이용요금 2,000원","등록된 댓글이 없습니다.
","인천광역시 남동구 경신로60번길 22 (수산동)","2025-03-18 16:36:22",37.443497,126.726884
133,133,"희와래 커피로스터스> 여행지 :대한민국 구석구석","희와래 HEEWARAE는 인천 강화군 불은면 신현리에 있다. 강화군에 처음 생긴 비건 카페로서 동물성 재료를 사용하지 않고, 100% 식물성 재료와 강화도 지역의 재료를 사용하여 동물, 로컬 그리고 지구를 지킬 수 있는 비건 디저트를 만들고 소개하고 있는 곳이다.
세계문화유산 강화도 고인돌을 캐릭터화한 디자인 쿠키를 제작하여 판매하고 있으며, 직접 로스팅 한 스페셜티 커피도 맛볼 수 있다. 아동 청소년, 장애인, 성인 등 지역민과 관광객 대상으로 비건 베이킹 프로그램, 문화 예술 프로그램을 운영하며 인천 웰니스 관광지로서 확장해 나가고 있다.
내용 닫기","문의 및 안내 032-937-2534
홈페이지 https://www.instagram.com/heewarae_official
주소 인천광역시 강화군 불은면 덕진로178번길 25-29
영업시간 - 평일 11:00~19:00
- 주말/공휴일 11:00~20:00
휴일 매주 화요일~수요일 (단, 공휴일은 제외)
주차 가능
대표메뉴 비건 강화쑥 르뱅쿠키
취급메뉴 브루잉커피 / 강화여름밤스무디볼 / 강화쑥카푸치노 / 강화속노랑고구마크럼블 / 초코 바나나 타르트 등
닫기","등록된 댓글이 없습니다.
","인천광역시 강화군 불은면 덕진로178번길 25-29","2025-03-18 16:36:26",37.65766,126.508972
134,134,"청운문학도서관> 여행지 | '열린 관광' 모두의 여행:대한민국 구석구석","청운문학도서관은 한옥의 고즈넉한 맛이 풍기는 문화특화 도서관이다. 독서와 사색, 휴식의 공간을 제공하고 주민을 위한 다양한 독서·문화예술프로그램을 운영하고 있다. 시, 소설, 수필 위주의 다양한 문학도서를 소장하고 있다. 또한 청운까치서당, 아빠와 함께하는 1박 2일 독서캠프 등 아이들을 위한 문화체험 프로그램을 진행하며 교육을 위한 최적의 장소로 각광받고 있다.
건물은 인왕산의 경사 지형과 자연경관을 고려하여 설계되었다. 숭례문 복원에 사용된 지붕기와와 같은 방식으로 제작된 수제 기와를 사용하고, 돈의문 뉴타운 지역에서 철거된 한옥기와 3천여 장을 재사용한 의미 있는 건축물이다.
인근 윤동주문학관, 시인의 언덕 등과 함께 문학 인프라의 중심으로 다양한 연계 프로그램을 지원한다.
내용 닫기","문의 및 안내 070-4680-4032
홈페이지 https://www.jfac.or.kr
주소 서울특별시 종로구 자하문로36길 40 (청운동)
이용시간 - 평일 10:00~21:00
- 주말 및 공휴일 10:00~19:00
휴일 매주 월요일 / 1월 1일 / 설·추석 연휴
주차 불가능
이용요금 무료
접근로 출입구까지 턱이 없어 휠체어 접근 가능함
출입통로 주출입구는 턱이 없어 휠체어 접근 가능함(자동문)
장애인 주차 안내 장애인 주차장 있음(1대)_무장애 편의시설
엘리베이터 엘리베이터 있음
점자 블록 점자블록 있음(주출입구)_시각장애인 편의시설
닫기","
배경의 댓글은 현재 가볼래-터 3월호 미션을 완료한 댓글입니다.
고즈넉해서 책 읽기도 좋고, 주변 산책하기도 좋은 곳이에요 한옥의 멋이 자연과 잘 어우러져서 좋았어요
포* 2025. 3. 17.
00
신고하기
댓글 더보기","서울특별시 종로구 자하문로36길 40 (청운동)","2025-03-18 16:36:31",37.590085,126.965983
135,135,"예단포둘레길> 여행지 :대한민국 구석구석","‘예단포둘레길’은 인천 영종도에 위치한 둘레길이다. 예단포선착장에서부터 시작하는 코스로 산 위로 둘레길이 만들어져 있어 탁 트인 서해바다가 보인다. 이곳은 제주도 올레길을 걷는 듯한 느낌이 들기도 한다. 짧은 코스에 길 중간중간에 쉬어갈 수 있는 벤치도 배치되어 있어 남녀노소 부담 없이 걷기 좋다. 주차는 예단포선착장에 무료로 가능하여 여유로운 시간을 보낼 수 있다.","문의 및 안내 032-832-3031
주소 인천광역시 중구 예단포1로 2-10 (운북동)
이용시간 상시 개방
휴일 연중무휴
주차 가능
요금 (무료)","
해가질 무렵 주변을 걷다가 우연찮게 들러본 곳. 작지만 멀리 바다가 아름답게 보이고 사진찍기에도 좋은 곳입니다. 주변 걷기에도 좋고, 끝나고 을왕리 쪽에 칼국수 먹으러 가는 것도 추천합니다.
한*인 2025. 2. 12.
00
신고하기
댓글 더보기","인천광역시 중구 예단포1로 2-10 (운북동)","2025-03-18 16:36:38",37.5313,126.502064
136,136,"석하한정식> 여행지 :대한민국 구석구석","‘석하한정식’은 경북 경주시에 위치한 한정식 식당이다. 매장 외부는 현대식 기외집으로 메뉴와 조화를 잘 이루는 고풍스러운 분위기를 풍긴다. 매장 내부는 좌식과 입식 테이블이 구성되어 있어 취향껏 원하는 자리에 앉을 수 있다. 메뉴는 점심특선부터 여러 코스메뉴가 준비되어 있다. 이곳은 전용 주차장이 마련되어 있어 주차 걱정 없이 편안하게 식사가 가능하다.","문의 및 안내 054-774-2050
주소 경상북도 경주시 흥무로 51-14
영업시간 12:00~21:30 (준비 시간 15:00~16:30)
휴일 연중무휴
주차 가능
요금 (무료)
대표메뉴 석하특선
취급메뉴 굴비정식 / 석하정삼품 / 석하정이품 / 석하정일품 / 특선","등록된 댓글이 없습니다.
","경상북도 경주시 흥무로 51-14","2025-03-18 16:36:41",35.840843,129.196408
137,137,"계양경기장 계양체육관> 여행지 | '열린 관광' 모두의 여행:대한민국 구석구석","계양체육관은 배구 전문 실내경기장으로 V-리그의 인천 대한항공 점보스가 홈구장으로 사용 중이다. 때에 따라 배구 외에 배드민턴이나 공수도 등의 경기에도 활용된다. 시설 내에는 경기장, 관람석, 대기실 등이 있고 휴게공간도 잘 갖추어져 있다.","문의 및 안내 032-456-2260
홈페이지 www.insiseol.or.kr
주소 인천광역시 계양구 봉오대로 855
이용시간 ※ 경기별로 상이하므로 홈페이지 참고
휴일 ※ 경기별로 상이하므로 홈페이지 참고
이용요금 ※ 경기별로 상이하므로 홈페이지 참고
접근로 출입구까지 단차가 없어 휠체어 접근 가능함
장애인 주차 안내 장애인 전용 주차구역 있음_무장애 편의시설
출입통로 주출입구는 단차가 없어 휠체어 접근 가능함
엘리베이터 엘리베이터 있음
점자 블록 점자블록 있음( 화장실, 엘리베이터)_시각장애인 편의시설
관람석 장애인 전용 관람석 있음
더보기","등록된 댓글이 없습니다.
","인천광역시 계양구 봉오대로 855","2025-03-18 16:36:51",37.533312,126.744142
138,138,"술지움 공유양조벤처센터> 여행지 | 산업관광:대한민국 구석구석","공유양조벤처센터 술지움은 농식품부 농촌신활력플러스사업 일환으로 맥주, 증류주, 과실수, 탁약주를 사전 시뮬레이션 해볼 수 있는 양조 시설이 구비된 제조장을 통하여 양조 분야 예비 창업인을 육성하는 곳이다. 주류 관련 다양한 체험과 교육을 통하여 술 산업의 저변 확대와 관광객을 유치하여 지역 경제를 활성화하기 위해 설립되었다.","문의 및 안내 031-582-4780
홈페이지 공식홈페이지 https://www.sooljium.com/
공식인스타그램 https://www.instagram.com/sooljiumgp/
주소 경기도 가평군 상면 청군로 248
이용시간 10:00 / 14:00
※ 1일 2회 운영
휴일 매주 일요일 ~월요일
주차 가능 (소형 약 20대 / 대형 2대)
체험 안내 막걸리 체험 / 증류주 체험 / 뱅쇼 체험 / 모주 체험 등
시설이용료 체험비 30,000원
※ 가평 군민 20% 할인
더보기","등록된 댓글이 없습니다.
","경기도 가평군 상면 청군로 248","2025-03-18 16:37:00",37.754915,127.407638
139,139,"북촌문화센터> 여행지 :대한민국 구석구석","국내외 방문객들에게 북촌의 역사와 가치, 북촌의 의미, 그리고 우리의 전통문화를 알리기 위해 2002년 10월에 개관하여 운영되고 있다. 북촌문화센터는 1921년 지어진 국가등록문화유산 ‘서울 계동 근대 한옥’으로 구 민형기 가옥으로 알려졌다가 최근에 민형기의 부인인 유진경 가옥으로 고증이 진행되고 있다. 북촌 내에서는 흔히 ‘민재무관댁’ 또는 ‘계동마님댁’으로 불리었다고 한다. 원래 안채, 바깥채, 앞행랑채, 뒷행랑채, 사당 등으로 구성되어 있었지만, 한옥 개보수 기준 조례에 의거해 최대한 한옥 원형을 보존하고 복원하는데 중점을 두어 개보수되어 현재는 ‘북촌가꾸기 사업’의 일환으로 주민커뮤니티 및 방문객 안내센터 역할을 하고 있다.
홍보 전시관은 원래 뒷행랑채였던 공간으로 현재는 북촌의 역사와 가치를 홍보하는 자료를 전시하고 있다. 북촌 보존의 중요성을 알리는 영상물을 상영하고, 북촌 내의 문화재와 북촌에서 진행되는 전통문화체험 등 북촌에 대한 다양한 정보를 얻을 수 있다. 홍보전시관 앞쪽으로 위치한 안채는 사무실과 회의실 및 전통문화강좌의 강의실로 사용되고 있으며, 주민들이 쉬어갈 수 있는 사랑방도 멋스럽게 마련되었다. 안채 뒤로 마련된 아담한 정자는 원래 사당이었던 것을 휴식공간으로 제공해 단아한 한옥의 정취를 느끼며 차 한 잔 나누는 여유를 느낄 수 있는 곳이다. 정자를 돌아 안쪽으로 자리한 별당은 주민들을 위한 사랑방으로 운영되고 있으며, 대청마루는 전통문화를 향유할 수 있는 기회를 제공하기 위한 체험프로그램의 장소로 사용하고 있다.
내용 더보기","문의 및 안내 02-741-1033
홈페이지 서울한옥포털 https://hanok.seoul.go.kr
공식 인스타그램 https://www.instagram.com/bukchon_culture_center/
주소 서울특별시 종로구 계동길 37 (계동)
이용시간 - 화요일 / 목요일~금요일 09:00~18:00
- 수요일 09:00~20:00
- 토요일~일요일 09:00~17:00
휴일 매주 월요일
주차 불가능
이용요금 무료
※ 단, 체험료 별도
체험프로그램 북촌문화강좌
더보기","
배경의 댓글은 현재 가볼래-터 3월호 미션을 완료한 댓글입니다.
신고하기
북촌문화센터에서 열리는 정월대보름의 북촌도락 <안연무양> 행사에 다녀왔습니다. 처용 목판화 찍기, 설위설경오리기, 정월절식으로 볏섬만두 빚기, 전별연 등의 체험과 절기 풍습을 주제로한 전시도 보며 즐거운 주말을 보내고 왔습니다. 한옥을 느낄 수 있는 장소라 그냥 방운해도 좋고 상설 전시나 행사들이 있을때 알아보고 방문해도 좋을것 같아요~
딸*칩 2025. 3. 7.
00
북촌문화센터에는 행사를 많이해요 무료 체험행사도많이하니 기회 놓치면 후회하실거예요 역시나 우리것이 일류입니다
m***m 2025. 2. 21.
00
신고하기
댓글 더보기","서울특별시 종로구 계동길 37 (계동)","2025-03-18 16:37:03",37.578986,126.986669
140,140,"영주 금성대군 신단> 여행지 :대한민국 구석구석","영주 금성대군 신단은 사적 제491호로 지정되어 있으며, 조선 세조 때 단종임금의 복위(復位)를 도모하다가 무참히 화를 입은 금성대군(錦城大君:이름 瑜, 세종임금의 여섯째 아들, 단종의 숙부, 수양대군의 넷째동생)과 순흥부사 이보흠(李甫欽) 및 그 일에 연루되어 순절한 의사들을 제사 드리는 곳이다. 조선 세조 원년(1455) 단종임금으로부터 왕위를 빼앗은 수양대군 일파는 금성대군에게 모반의 누명을 씌워 삭령(朔寧)으로 유배시켰다가 다시 광주(廣州)로 이배(移配)시켰었다. 이듬 해 성삼문 (成三問), 박팽년(朴彭年) 등 사육신이 상왕 복위운동에 실패하여 참혹하게 희생되자 그 일에 연루되었다 하여, 금성 대군은 다시 이곳 순흥으로 유배, 위리안치(圍籬安置)되었다. 금성 대군은 당시 순흥부사 이보흠과 의기가 통하여 단종복위를 위한 격문을 짓게 하여 은밀히 순흥고을로 모여들게 하였다.

군비를 모으고, 무기를 장만하고, 군사를 조련하여 영월에 유배되어 있던 단종임금 복위를 꾀하는 거사가 무르익어가던 세조 3년(1457) 가을 어느날 밀의를 엿들은 순흥부의 한 관노의 밀고에 의하여, 관군의 습격을 받은 순흥 고을은 온통 불더미에 피바다를 이루는 도륙을 당하면서 폐부 (廢府)되고 말았다. 그로부터 200여년이 지난 숙종 9년(1683)에 순흥은 명예가 회복되고, 이어 숙종45년(1719) 고을사람 이기륭(李基隆)이 부사 이명희(李命熙)에게 알려, 단소(壇所)를 설치하게 된 것이다. 금성대군 신단이 지금의 모습을 갖추게 된 것은, 영조 18년(1742) 경상감사 심성희(沈聖熙)의 소청에 의하였으며, 단소를 정비하고 중앙에 금성대군 위(位), 오른쪽 편에 부사 이보흠 위(位), 왼편에 무명 의사 위(位)를 모시고 순의비(殉義碑)를 세웠다.

* 금성대군 신단(사적 제491호)

이 곳은 조선 세조2년 (1456)에 성삼문 등 사육신의 단종복위운동에 연루되어 순흥에 위리안치되어 있던 세종 여섯째아들 금성대군이 순흥부 이보흠 및 향중 유림과 더불어 단종의 복위를 도모하다 실패하여 순절하자 그들의 넋을 기리기 위하여 마련된 제단이다.단종복위운동이 실패되자 순흥부는 폐부되었다. 그 후 숙종 9년(1683) 순흥부가 복원되고 순절 의사들이 신원 되자 동와 45년(1719)에 부사 이명희(이명희)가 단소를 설치하였으며, 영조18년(1742) 경상감사 심성희가 단소를 정비하고 위를 모시고 순의비를 세워 매년 봄·가을로 향사를 지내오고 있다.
내용 닫기","문의 및 안내 054-634-3310
홈페이지 영주시 문화관광 https://www.yeongju.go.kr/open_content/tour/index.do
국가유산청 https://www.heritage.go.kr
주소 경상북도 영주시 순흥면 소백로2767번길 28
지정현황 사적 영주 금성대군 신단 (2007.12.31 지정)","등록된 댓글이 없습니다.
","경상북도 영주시 순흥면 소백로2767번길 28","2025-03-18 16:37:08",36.927674,128.575919
141,141,"백마권역마을> 여행지 :대한민국 구석구석","백마권역마을은 백마산과 백마저수지의 정기가 서린 마을. ‘물’과 ‘생명’의 소중함을 일깨워주는 각종 체험프로그램을 진행하고 있다. 숙박, 물놀이, 생태체험, 먹거리체험 등 다양한 서비스를 제공하며 단체 체험행사 외에도 매년 1월 정기적으로 『백마권역 겨울놀이축제』를 개최하여 교류의 장을 마련하고 있다. 백마권역은 도시민의 건전한 여가생활 창출과 지역사회의 활력증진을 위하여 활동을 하는 곳이다. 청정지역 괴산의 싱그러운 정취와 백마산과 백마저수자의 힘찬 기운, 백마권역의 생동감 있는 체험현장을 만나보시기 바란다.
내용 닫기","문의 및 안내 043-836-9911
홈페이지 http://www.ok100ma.kr
주소 충청북도 괴산군 사리면 사리로 517 (사리면)
이용시간 상시 개방
휴일 연중무휴
주차 가능
체험 안내 음식 체험 프로그램 / 농촌 프로그램 / 천연비누 공예 프로그램 등
입장료 무료","등록된 댓글이 없습니다.
","충청북도 괴산군 사리면 사리로 517 (사리면)","2025-03-18 16:37:23",36.838809,127.651042
142,142,"계양산장미원> 여행지 | '열린 관광' 모두의 여행:대한민국 구석구석","인천광역시 계양구 계산동 계양산 일대에 조성된 대규모 장미 공원으로 면적 4,667㎡에 장미 67종 11,366주와 금낭화 등 야생화도 13종 12,000여 본에 달하는 꽃을 심어 놓았다. 벽천분수와 물레방아, 원두막과 수로 등 시설물도 다양하게 설치하여 여유 있게 산책하면서 마음껏 꽃밭을 감상할 수 있도록 마련하였다. 입구에 51면을 갖춘 주차장이 있고 대중 버스와의 연결도 수월하다.","문의 및 안내 032-832-3031
홈페이지 itour.incheon.go.kr
주소 인천광역시 계양구 경명대로955번길 18
이용시간 상시 개방
휴일 연중무휴
주차 가능
요금 (무료)
입장료 무료
접근로 출입구까지 턱이 없어 휠체어 접근 가능함
출입통로 주출입구는 턱이 없어 휠체어 접근 가능함
보조견 동반 동반가능_시각장애인 편의시설
화장실 장애인 화장실 있음_무장애 편의시설
지체장애 기타 상세 무장애나눔길 있음
더보기","
댓글 더보기","인천광역시 계양구 경명대로955번길 18","2025-03-18 16:37:34",37.546718,126.712544
143,143,"효성공원> 여행지 :대한민국 구석구석","인천광역시 계양구 새벌로에 위치한 효성공원은 주변에 아파트가 있어 주민들이 많이 이용하는 공원으로 ‘JC공원’이라고도 불린다. 어린이 놀이터, 인조잔디축구장, 농구장 등이 있고, 여러 운동기구와 발 지압장이 마련되어 있다. 나무숲 사이로는 산책로가 잘 조성되어 있으며 휴식을 위한 정자와 벤치가 설치되어 있다. 특히 이곳의 인조잔디축구장은 시설이 잘되어 있고 타 축구장보다 이용요금도 저렴해서 축구 동호인들이 선호하는 시설 중의 한 곳이다. 계양구청이 구내 여러 공원과 지역 주민들을 위해 실시하는 운동사업의 일환으로 효성공원에서는 매주 순환 운동 교실을 운영하고 있다.
내용 더보기","문의 및 안내 032-262-7743
홈페이지 https://www.gyeyang.go.kr/
주소 인천광역시 계양구 새벌로111번길 7
이용시간 상시 개방
휴일 연중무휴
주차 가능
요금 (무료)","등록된 댓글이 없습니다.
","인천광역시 계양구 새벌로111번길 7","2025-03-18 16:37:37",37.526729,126.715607
144,144,"강변공원> 여행지 :대한민국 구석구석","강변공원은 김천을 대표하는 산책로이자 휴식 공간이다. 이곳은 20,000㎡의 면적에 주차장, 놀이마당, 다목적광장, 배드민턴장 등 각종 편의시설이 마련되어 있다. 김천 시민들로부터 기증받은 수목류와 돌을 이용해 조경 시설을 만들었다. 강변공원은 가을철에 접어들면 핑크뮬리가 장관을 이룬다. 이 덕분에 김천 시민은 물론 전국 각지에서 찾아온 관광객으로 인산인해를 이룬다.","문의 및 안내 054-420-6448
주소 경상북도 김천시 강변공원길 169 (교동)
이용시간 상시 개방
주차 가능 (약 소형 30대)","등록된 댓글이 없습니다.
","경상북도 김천시 강변공원길 169 (교동)","2025-03-18 16:37:43",36.12889,128.090522
145,145,"다보성 갤러리> 여행지 :대한민국 구석구석","다보성 갤러리는 1983년에 문을 연 이래 수준 높은 다수의 고미술품과 귀중한 사료를 수집하여 국립 박물관을 비롯하여 시립, 공립, 각 대학 박물관, 사립박물관 등에 공급시키는 일에 힘써왔다. 외국으로 흘러 나갈 뻔했던 최상급 문화재도 지켰으며 일본 등지로 팔려 가는 귀중한 북한 문화재들을 치열한 경쟁 끝에 국내로 들여오기도 하면서 우리 문화유산 지킴이 역할을 해 왔다.
다보성 갤러리는 우리 선조들이 실제 생활에서 쓰던 작고 소중한 소품들을 모아 매년 전시한다. 지필묵연의 문방사우를 비롯하여 개구리 모양의 작은 연적, 원앙의 모양을 조각한 향로뚜껑, 신라시대 토우와 조선시대 백자인형 등 아기자기한 소품들이 전시된다.
내용 더보기","문의 및 안내 02-730-7566
홈페이지 http://daboseong.com/
주소 서울특별시 종로구 삼일대로 457 (경운동)
이용시간 09:00~18:00
※ 토요일 09:00~16:00 (특별전 기간에만 운영)
휴일 매주 토요일~일요일 / 공휴일
※ 기획전 및 특별전의 경우 토요일 개관
주차 불가능
이용요금 무료","등록된 댓글이 없습니다.
","서울특별시 종로구 삼일대로 457 (경운동)","2025-03-18 16:37:46",37.575245,126.986619
146,146,"북촌박물관> 여행지 :대한민국 구석구석","북촌박물관은 우리의 문화자산을 인문학적 접근을 통해 과거와 소통하고, 바람직한 미래를 열어 가는데 이바지하고자 시작되었다. 북촌박물관은 역사의 흐름 속에서 알게 모르게 우리의 생활 속에 이어져 온 유·무형의 문화자산을 전시하고 옛것이 지닌 미의식의 가치를 오늘의 생활에 연결시키고자 한다. 이를 위해 북촌박물관은 고미술품은 물론, 전통의 가치가 새롭게 해석되고 재현된 현대미술 및 공예품의 전시를 통해 그 속에 깃든 ‘총체적인 삶의 아우라로서의 우리 문화’를 재조명한다. 또한, 우리 문화의 전통적 가치를 공유하는 많은 이들이 풍속도의 한 장면처럼 모이고, 그 모임을 의미 있는 형태로 기록하여 널리 알리는 통로 역할을 수행하며, 전통의 바탕 위에서 오늘을 살고 있는 우리 삶의 가치를 되돌아보고, 체험하는 온고지신(溫故知新)의 장을 마련하고 한다.
내용 닫기","문의 및 안내 02-766-8402
홈페이지 공식 홈페이지 https://bukchonmuseum.modoo.at/
공식 인스타그램 https://www.instagram.com/bukchonmuseum
주소 서울특별시 종로구 북촌로 39 (가회동)
이용시간 10:00~18:00
휴일 매주 일요일~월요일 / 설·추석 연휴
주차 불가능
이용요금 - 성인 3,000원
- 청소년 / 65세 이상 2,000원
- 국가유공자 / 장애인 1,500원
※ 무료 : 미취학 아동
체험프로그램 목가구의 비밀을 찾아라!
닫기","등록된 댓글이 없습니다.
","서울특별시 종로구 북촌로 39 (가회동)","2025-03-18 16:37:52",37.580394,126.984906
147,147,"상상플랫폼> 여행지 | '열린 관광' 모두의 여행:대한민국 구석구석","인천의 개항장과 월미로 일대는 1883년, 개항의 역사를 통해 외국으로부터 바닷길과 우리나라 육지를 잇는 ‘조선의 관문’ 역할을 해왔다. 상상플랫폼은 차이나타운, 개항장과 인접한 아시아 최대의 곡물창고였다. 전 지역으로 곡물을 공급하던 옛 곡물창고의 구조를 간직하고, 현대적인 감각을 더하여 인천에 문화와 예술을 공급하는 새로운 공간으로 거듭나게 되었다. 이곳 상상플랫폼은 과거 인천이 세계와 조선을 연결하였듯 인천의 바다와 원도심을 연결하며, 인천의 과거와 미래를 연결하는 복합문화관광시설로서의 역할을 할 것이다.
내용 닫기","문의 및 안내 032-765-0730
홈페이지 https://sangsangplatform.or.kr
주소 인천광역시 중구 월미로 33 (북성동1가)
이용시간 09:00~18:00 (업장별 상이함)
휴일 연중무휴
주차 가능
주차 요금 무료
이용요금 [입장료]
- 무료 (업장별 상이함)
장애인 주차 안내 장애인 주차장 있음
엘리베이터 엘리베이터 있음
점자 블록 화장실 출입구 앞에 점자블록 있음
안내 요원 안내요원 있음
화장실 장애인 화장실 있음
1층: 2개 / 2층: 1개 / 3층: 1개 / 4층: 1개
손잡이, 등받이, 자동물내림, 비상 호출벨, 영유아 거치대
점자 홍보물 화장실 출입구 앞에 점자표지판 있음, 촉지도식 점자 안내판 있음
영유아가족
기타상세 화장실 내 기저귀 교환대 있음
오디오 가이드 음성 안내 서비스 있음
닫기","
배경의 댓글은 현재 가볼래-터 3월호 미션을 완료한 댓글입니다.
자회사에서 지역기반 문화 신사업으로 개관하여 운좋게 추첨을 통해 받은 VIP초대장으로 아이들 데리고 다녔왔습니다. 모나리자를 미디어 아트로 새롭게 경험 할 수 있고 알렉스카츠, NBA 위대한 75인 전시도 좋았습니다. 주차장이 엄~청 넓어서 공연도 하더라구요. 항구와 접해있어서 막내 초딩 딸이 배인줄 몰랐다고 할 정도로 쉽게 볼수 없는 초대형 선박들도 볼수 있습니다. 비밀이지만 가장 큰 꿀팁은 주차 전쟁인 차이나타운이 걸어서도 가까워서 여기에 주차하시고 공화춘, 신승반점등 맛난 중국 음식도 즐겨보시는것도 추천합니다.
디*****민 2025. 3. 17.
00
신고하기
인천역과 차이나타운이 가까워서 접근성과 연계관광지가 좋은 곳입니다. 아직 완전히 갖춰진 느낌은 아니지만 넓은 공간에서 다양한 행사가 진행되는 점도 좋네요. 가보실 예정이라면 미리 어떤 행사가 있나 검색해 보고 가시길 추천합니다.
황**********) 2025. 3. 4.
00
신고하기
인천역에서 걸어갈 수 있는 큰 전시장이 있어서 좋아요~ 빈티지마켓 다녀왔습니다. 볼거리 먹거리 꽤 있었는데 규모 더 키워서 분기에 한 번씩 열어주면 좋겠네요~~~ 건물 내부는 깔끔해요. 앉을 자리는 많이 없는데 내부에 카페가 있습니다.
서*******리 2025. 3. 4.
00
신고하기
신고하기
2월 마지막주 토,일 / 3월01일~3월03일 빈티지마켓 다녀왔어요. 경매도 하고 먹거리도 있고... 사람도 엄청 많았어요. 5월쯤에 또 할수도 있다고 하네요. 따뜻한 5월엔 야외행사가 되지않을까 기대되요
N****I 2025. 3. 4.
00
넓은 공간에 각종 전시회가 있어서 볼거리가 많고 윗층에는 카페와 식당이 있어서 너무 좋았어요. 카페에서 바라보는 풍경이 멋있어서 좋은 기억으로 남았습니다. 가족과 함께 하기 좋아요.
하**름 2025. 2. 13.
00
신고하기
신고하기
크리스마스 분위기 물씬~ 해가지면 추워져 해가 있을때만 야외에서 놀아요. 아직은 좀 썰렁하다는 느낌이 들지만 점점 좋아지겠죠. 봄에는 좀 더 다양한 행사들이 있을것 같아 기다려 지네요
N****I 2025. 1. 6.
00
신고하기
크리스마스를 앞두고 다양한 행사가 펼쳐진 상상플랫폼. 인천 중구의 새로운 관광 명소로 떠오르고 있죠. 바로 앞에 바다가 펼쳐져 시원한 바다뷰도 감상할 수 있어 좋아요.
s**a 2024. 12. 22.
00
댓글 더보기","인천광역시 중구 월미로 33 (북성동1가)","2025-03-18 16:37:58",37.476067,126.614643
148,148,"추억의 달동네> 여행지 :대한민국 구석구석","불국사와 멀지 않은 곳에 아버지, 어머니 대의 역사를 담은 근대사 박물관 추억의 달동네가 있다. 추억의 달동네에서는 1970~80년대의 생활상을 재현해 놓은 콘텐츠를 접할 수 있다. 지금은 쓰지 않는 낡은 라디오, 그것을 고치는 전파상, 골목 점방, 초등학교 아닌 국민학교 교실까지, 근래 반세기 우리네 생활상을 그대로 옮겨 두었다. 추억의 간식 달고나 체험, 추억의 교복체험 등 다양한 체험프로그램도 마련되어 있다.","문의 및 안내 054-748-5002
홈페이지 http://www.daldongnae.co.kr/
주소 경상북도 경주시 보불로 216-8 (하동)
이용시간 - 봄, 가을, 겨울 09:00~19:00 (입장 마감 18:00)
- 여름 09:00~20:00 (입장 마감 19:00)
휴일 연중무휴
주차 가능
주차 요금 무료
이용요금 [개인]
- 성인 7,500원
- 경로 / 장애인 / 국가유공자 6,500원
- 청소년 6,000원
- 어린이 5,000원

[단체 (20인 이상)]
- 성인 6,000원
- 경로 / 장애인 / 국가유공자 5,000원
- 청소년 4,500원
- 어린이 3,000원


더보기","
배경의 댓글은 현재 가볼래-터 3월호 미션을 완료한 댓글입니다.
신고하기
불국사 가는도중에 추억의 달동네를 둘러보고 왔다. 1970~80년대의 생활상을 재현해 놓은 곳으로 레트로 감성이 듬뿍한 추억의 물건들이 전시되어 있어 아이들 한테 보여주면서 옛풍경을 자연스럽게 접하는 것이 참 좋았다.
백*경 2025. 3. 13.
00
댓글 더보기","경상북도 경주시 보불로 216-8 (하동)","2025-03-18 16:38:09",35.803558,129.312061
149,149,"계명산 자연휴양림> 여행지 | '열린 관광' 모두의 여행:대한민국 구석구석","소백산맥의 지맥인 계명산의 북동면에 있으며 휴양림 전면에는 충주호가 바라다 보이며 경치가 매우 아름답다. 휴양림 규모는 작지만 깨끗하고 외국의 어느 작은 마을에 온 듯한 착각을 일으킨다. 하층식생으로 잡관목이 주로 생육하고 있으며 남서 방향으로 주위의 경관이 양호한 수림대를 형성하고 있어 산림욕을 즐길 수 있는 최적지이며 가을이면 단풍도 감상할 수 있다. 주변에 수안보온천, 속리산, 단양팔경, 충주호를 연결하는 관광벨트 내의 중앙부에 위치하고 있어 관광 휴양과 연계할 수 있다. 산림 속에 통나무집이 있어 도심 속에서 맛볼 수 없는 새로운 정취를 자아낸다.
내용 닫기","문의 및 안내 043-830-9350
홈페이지 https://www.foresttrip.go.kr
주소 충청북도 충주시 충주호수로 1170
이용시간 [숙박시설]
- 15:00~익일11:00
휴일 연중무휴
주차 가능
입장료 무료
시설이용료 - 숲속의집 50,000원~140,000원
- 가족호텔 70,000원~220,000원
- 세미나실 50,000원~100,000원
접근로 치유센터 무단차
장애인 주차 안내 장애인 전용 주차구역 있음(1대,치유의숲)_무장애 편의시설
화장실 장애인 전용 화장실 있음
점자 블록 점자블록 있음(치유센터)_시각장애인 편의시설
지체장애 기타 상세 데크로드 조성 됨(465m)
닫기","
신고하기
너무 좋아요. 눈이 온 산과 충주호가 내려다 보여요. 정말 멋져요. 담에는 숲속의집 예약하고 다시 올꺼예요.
박*진 2025. 2. 15.
00
계명산 자연휴양림 잣나무집에서 1박을 했습니다. 와이프가 커텐을 젖히면서 '우와~~'하고 탄성을 내밷었습니다. 창밖에 충주호 전망이 보이고 시설도 깨끗하고 충주 가시면 꼭 여기 묵어보세요. 예약은 쉽지 않지만 산책로도 있고 즐거운 가족과의 여행이었습니다.
솔*람 2024. 10. 21.
00
신고하기
계명산자연휴양림 숲속의집에서 묵었는데 새로 지어서 편백나무향 가득하고 너무너무 좋아요! 충주호를 바라볼 수 있고 깨끗한 시설에 충주 가시면 꼭 여기 묵어보시기를 추천해요. 숲나들이 예약이 쉽지 않지만 함께한 가족들 모두 정말 좋아했어요. 산책로도 있고 자연과 함께하는 좋은 곳이어요~
송*정 2024. 1. 8.
00
신고하기","충청북도 충주시 충주호수로 1170","2025-03-18 16:38:18",36.978516,127.995644
150,150,"계양경기장> 여행지 | '열린 관광' 모두의 여행:대한민국 구석구석","계양경기장은 249,107.3㎡ 규모의 대지에 조성된 경기장으로 국제 벨로드롬 경기장, 계양체육관, 아시아드양궁장, 다목적운동장이 있다. 독특한 건축 외관으로 계양구의 새로운 랜드마크로 자리한다. 축구장, 농구장, 인라인스케이트장, 배드민턴장을 비롯해 9종의 운동기구를 갖추어 전 분야의 체육을 다양하게 즐길 수 있다. 편의시설과 휴게시설은 물론 느티나무 외 20여 종이 넘는 교목과 철쭉 등 관목, 맥운동 등 초화를 심은 공원이 조성됐고 대규모의 잔디가 펼쳐졌다.
내용 닫기","문의 및 안내 032-456-2260
홈페이지 https://www.insiseol.or.kr
주소 인천광역시 계양구 봉오대로 855
이용시간 ※ 시설별 상이하므로 홈페이지 참고
휴일 ※ 시설별 상이하므로 홈페이지 참고
주차 가능
요금 (무료)
이용요금 ※ 시설별 상이하므로 홈페이지 참고
접근로 출입구까지 단차가 없어 휠체어 접근 가능함
장애인 주차 안내 장애인 전용 주차구역 있음_무장애 편의시설
출입통로 주출입구는 단차가 없어 휠체어 접근 가능함
엘리베이터 엘리베이터 있음
점자 블록 점자블록 있음(화장실,엘리베이터)_시각장애인 편의시설
닫기","등록된 댓글이 없습니다.
","인천광역시 계양구 봉오대로 855","2025-03-18 16:38:25",37.533312,126.744142
151,151,"계산국민체육센터> 여행지 | '열린 관광' 모두의 여행:대한민국 구석구석","인천광역시에서 운영하는 계산국민체육센터는 지상 3층, 지하 1층 건물에 주민과 방문객을 위한 체육공간을 마련하고 있다. 수영장을 비롯해 헬스장, 댄스스포츠, 실내체육관, 요가실, 조깅전용트랙을 갖추었다. 다양한 유아 체육교육을 진행하는 유아교실이 각 층마다 마련되어 남녀노소 건강한 생활 체육을 즐길 수 있다. 각 공간은 스포츠, 공연이벤트, 문화행사, 공공행사 등을 진행할 수 있는 공간 대관 신청도 가능하다. 매달 다채로운 이벤트도 상시 진행하며 주민들에게 체육공간과 함께 문화의 장을 마련한다.
내용 더보기","문의 및 안내 032-456-2670
홈페이지 https://www.insiseol.or.kr/
주소 인천광역시 계양구 주부토로 580
이용시간 ※ 프로그램별 상이하므로 홈페이지 참고
휴일 ※ 프로그램별 상이하므로 홈페이지 참고
주차 가능
요금 (무료)
이용요금 ※ 프로그램별 상이하므로 홈페이지 참고
접근로 폭이 넓어 휠체어, 전동 스쿠터 사용자 이용 쉬움.
내부 턱 없음.
장애인 주차 안내 장애인 전용 주차구역 주차 대수 : 4대(계산국민체육센터주차장)
주변 휠체어 이용자 등이 이용할 수 있는 여유공간 없음.
문화시설까지의 거리 : 바로 앞
출입통로 출입통로 형태 : 센서식 자동문
출입통로가 넓어 휠체어, 전동 스쿠터 사용자 진입 쉬움.
엘리베이터 장애인용 엘리베이터 있음
점자 블록 점자블록 있음(종합안내도,화장실,엘리베이터)_시각장애인 편의시설
지체장애 기타 상세 실내수영장에 경사로가 있어 경사로를 이용하여 수영장 안 접근가능
점자 홍보물 점자안내판 있음(엘리베이터 앞)
닫기","등록된 댓글이 없습니다.
","인천광역시 계양구 주부토로 580","2025-03-18 16:38:30",37.545819,126.728893
152,152,"르 스페이스> 여행지 :대한민국 구석구석","인스파이어 리조트에 위치한 실감콘텐츠 전시관 구축 및 콘텐츠를 제작 및 투자하는 현대 퓨처넷이 선보이는 프리미엄 미디어 전시 브랜드이다.
르 스페이스(Le Space)는 Lumiere(빛), Experience(경험), 그리고 Space(공간)을 결합한 단어로 '환상적인 빛과 감각적 사운드의 완벽한 몰입 경험을 선상하는 공간' 이라는 의미를 담고 있다.
지상과 하늘을 이어주는 섬 영종도에서 시공간을 넘나드는 포털을 통해 새로운 만남을 느껴볼 수 있다.
내용 닫기","문의 및 안내 1533-3660
홈페이지 https://www.lespace.co.kr/
주소 인천광역시 중구 공항문화로 127 (운서동) 인터그레이티드 리조트 1층
이용시간 10:00~21:00 (입장 마감 20:10)
휴일 연중무휴
주차 가능
주차 요금 무료
이용요금 - 대인 28,000원
- 소인 20,000원
- 유아(36개월 미만) 무료
성수기 대인 33,000원/ 소인 25,000원
※ (성수기: 1월/ 7월/ 8월/12월)
할인 정보 특별 할인(만 65세이상/국가유공자/군인/장애인) 20,000원
※ 신분증 or 증빙서류 지참 필수
닫기","
인스파이어 간 김에 방문했는데 가격이 조금 비싸단…느낌이 있습니다만 화려해서 즐거웠습니다.
시* 2025. 2. 13.
00
신고하기
방문자 후기
인스파이어 입구에서부터 아름다운 양식, 그리고 고래쇼. 멋집니다. 그리고 샹드리에쇼.
빅* 2024. 11. 3.
00
신고하기
신고하기
어른들과 아이들에게 꿈과 아름다운 환상을 주는 곳
y***** 2024. 9. 23.
00
신고하기
오랫만에 3자매부부 나들이를 이곳에서 나이를 초월하여 누구나에게 신선한 아름다움을 주는 곳이다
y***** 2024. 9. 23.
00
특별할인 기간이라고 네이버에서 예약 후 다녀왔어요. 한번은 가봐도 되는 곳이네요. 입장료가 할인 안 할때는 좀 비싼감이 드네요. 큰 기대를 가지고 가면 좀 실망할듯 해요~
빨**선 2024. 9. 9.
00
신고하기","인천광역시 중구 공항문화로 127 (운서동) 인터그레이티드 리조트 1층","2025-03-18 16:38:35",37.465639,126.389326
153,153,"달기약수탕 (청송 국가지질공원)> 여행지 :대한민국 구석구석","달기약수탕은 지금으로부터 약 130년 전 수로공사를 하던 중 발견되었다. 톡톡 튀는 맛을 내는 탄산을 비롯하여 다양한 물질들이 녹아 있어 예로부터 위장병, 부인병, 안질과 같은 질병 치료에 효과가 있다고 알려져 왔다.
옛 지명이 청송군 부내면 달기동이라 달기약수라 불리게 되었다. 상탕, 중탕 원탕 등 5~6곳에 약수가 나며 인근에 30여 군에 식당가가 형성되어 성업 중이다. 약수가 신비롭다고 해서 매년 음력 3월 말에는 ‘달기약수령천제’를 올려 약수전에 감사하는 행사가 있다.
내용 닫기","문의 및 안내 054-873-2387
홈페이지 https://csgeop.cs.go.kr/
주소 경상북도 청송군 청송읍 약수길 16
이용시간 상시 개방
휴일 연중무휴
주차 가능
입장료 무료","
신고하기
달기약수라는 이름 하에 여러 약수터가 있지만 원탕을 추천함... 그리고 실제로 원탕이 메인인 듯... 그런데 예전에 비해 톡쏘는 느낌이 좀 덜한 것은 나만의 느낌일까? 그래도 한잔 시원하게 들이킨 후의 그 기분은 그 때나 지금이나...
요**빠 2024. 12. 21.
00
청송갈때마다 꼭 방문하는곳입니다. 달기약수터의 탄산약수 먹으면 몸도 마음도 건강해지는 느낌입니다. 공기가 좋아서 주변에 가볍게 산책할수도 있고 달기약숫물로 지은 백숙도 맛볼수 있어 너무 좋아요~~~
송* 2024. 9. 19.
00
신고하기
방문자 후기
철분의 비릿한맛 약수물로 백숙이나 밥을지으면 좋다고하지요
劉***蘭 2024. 9. 4.
00
신고하기
청송 종종 가는데 달기약수터 톡톡 탄산 터지는 약수 마시면 건강해지는 기분이에요!! 바로 옆에 닭백숙까지 먹으면 몸보신 청송여행 가능합니다^_^
I* 2024. 8. 6.
00
신고하기
시원하게 약수 한모금 하면서 닭백숙까지 먹으면 정말 좋은곳이에요~
단***을 2022. 3. 3.
00
신고하기","경상북도 청송군 청송읍 약수길 16","2025-03-18 16:38:39",36.438356,129.083613
154,154,"메이드림> 여행지 :대한민국 구석구석","메이드림(MADE林)은 오래된 교회를 리모델링한 복합문화공간으로 로스팅 세계챔피언과 국내 최고의 파티쉐가 만든 커피와 빵을 매일 갓 만들어 제공한다.
5성급 호텔의 쉐프들이 만들어내는 신선하고 품격 높은 다이닝 또한 일품이다.
층마다 다른 공간 구성과 스테인드글라스가 주는 다채로움을 즐길 수 있다.
외부 별관에 사진을 찍기 좋은 전시공간이 있으며, 사슴 먹이 체험도 할 수 있다.
토요일 저녁에는 정기적으로 재즈공연이 펼쳐진다.
내용 닫기","문의 및 안내 0507-1351-1904
홈페이지 https://www.instagram.com/madelim_official
주소 인천광역시 중구 용유서로479번길 42 (을왕동)
영업시간 10:00~20:30 (마지막 주문 19:30)
휴일 연중무휴
주차 가능 (약 소형 100대, 대형20대)
대표메뉴 돌, 흙빵
취급메뉴 모히또 크림 라떼 / 모히또 커피 / 서해바다 키조개구이와 크램차우더 피자 / 대파 크림 베이글 등","
신고하기
커피나 빵 가격은 제법 비싼 편이나 꾸며진 모습과 사진이 그 값을 하네요.
달**랑 2024. 9. 21.
00","인천광역시 중구 용유서로479번길 42 (을왕동)","2025-03-18 16:38:43",37.463422,126.369441
155,155,"서산동문동오층석탑 및 당간지주 > 여행지 :대한민국 구석구석","이 유물들은 고려 말에 큰 사찰이 있어서 대사동이란 동명까지 붙은 곳에 위치하고 있는 일명 대사동탑이라는 삼층석탑과 당간지주다. 현재 석탑의 총높이는 5m이며, 이중기단과 탑신과 옥개석을 갖추고 있다. 각층 탑신에는 우주가 모각되어 있으며, 옥개석은 4단 받침에 전각의 반전이 있는 개석이다. 상륜부는 남아있지 않다. 또한 이 탑과 같은 장소에 있는 당간지주는 탑과 같은 시대에 조성된 것으로 추정되는데 두 지주가 마주 서 있으나, 기단석의 매몰과 유실로 상태를 확인할 수 없다. 또한 두 지주의 높이가 각기 달라, 한쪽은 3.96m이고 다른 한쪽은 3.81m이다. 정상부가 파손돼 없어져, 총높이가 동일하지 않게 된 것으로 보인다.
내용 닫기","문의 및 안내 서산 문화예술과 문화재팀 041-660-2247
홈페이지 https://www.heritage.go.kr/
주소 충청남도 서산시 탑동2로 15 (동문동)
이용시간 상시 개방
휴일 연중무휴
지정현황 충청남도 유형문화유산 서산동문동오층석탑 (2008.04.10. 지정)
충청남도 유형문화유산 서산동문동당간지주 (2008.04.10. 지정)","등록된 댓글이 없습니다.
","충청남도 서산시 탑동2로 15 (동문동)","2025-03-18 16:38:51",36.786969,126.454214
156,156,"중왕리수로> 여행지 :대한민국 구석구석","서산시 중왕리수로는 아름다운 자연경관과 역사적 가치를 지닌 수로이다. 이 수로는 조선시대에 농업용수 공급을 위해 건설되었으며, 지역 주민들의 삶에 중요한 역할을 해왔다. 중왕리수로는 맑은 물과 함께 다양한 생태계를 형성하고 있어 생물 다양성이 풍부하다. 또한, 주변에는 산책로와 자전거 도로가 조성되어 있어 시민들이 여가를 즐기기에 적합한 장소이다. 서산시 중왕리수로는 자연과 역사가 어우러진 소중한 공간이다.
내용 닫기","문의 및 안내 지곡면사무소 041-662-9001
주소 충청남도 서산시 지곡면 닷개길 (지곡면)
이용시간 상시 개방
휴일 연중무휴
주차 가능
이용요금 무료","등록된 댓글이 없습니다.
","충청남도 서산시 지곡면 닷개길 (지곡면)","2025-03-18 16:38:56",36.8669,126.41119
157,157,"경인아라뱃길귤현나루> 여행지 :대한민국 구석구석","귤현 나루는 시원하게 뻗은 한강 물줄기를 사이에 두고 있는 귤현 나루 북측과 남측을 계양대교가 이어주고 있는 곳으로, 나무 데크 산책로와 자전거길을 잘 갖추고 있는 자연 친화적인 힐링 장소이다. 계양대교 전망 엘리베이터를 이용해 연결 다리를 건너 북측과 남측을 왕래할 수 있으며, 카페, 편의점, 화장실, 자전거 대여소 등 편의시설을 이용할 수 있다. 넓은 김포 들판과 수향루가 가까이 있으며 전통미를 보여주는 수향원과 생태습지를 체험할 수 있는 두리 생태공원이 있다. 특히 높이가 50m인 귤현 타워 전망대는 아라뱃길과 인천을 한눈에 조망할 수 있어 시민들의 휴식처와 드라이브 코스, 데이트 코스로 사랑받고 있다. 평일뿐 아니라 주말에는 자전거 라이딩을 나온 사람들로 붐빈다. 코레일 공항철도 계양역 도보 15분 거리에 있다.
내용 더보기","문의 및 안내 1899-3650
홈페이지 https://www.kwater.or.kr/
주소 인천광역시 계양구 정서진로 1247 (귤현동)
이용시간 상시 개방
휴일 연중무휴
주차 가능
요금 (무료)
입장료 무료","
아라뱃길을 이름은 아라온으로 바꾸고 꽃이랑 조명등을 잘해놓았어요 그리고 수향원쪽 황어광장쪽에 푸드트럭 여러대가 있어요.
봄*이 2024. 5. 23.
00
신고하기","인천광역시 계양구 정서진로 1247 (귤현동)","2025-03-18 16:39:02",37.572774,126.740816
158,158,"카페 산(CAFE SANN)> 여행지 | '열린 관광' 모두의 여행:대한민국 구석구석","카페 산은 패러글라이딩 체험이 가능한 뷰 맛집 카페이다. 넓은 규모를 자랑하는 이곳은 1층, 1.5층, 2층 라운지와 가든으로 이루어져 있고 마늘 바게트, 크루아상, 우유크림빵 등 매일 아침에 구워 신선한 베이커리 메뉴와 음료를 함께 즐길 수 있어 좋다.
카페 2층에서는 아름다운 경치를 감상하며 평화로운 휴식을 취할 수 있고 패러글라이딩 체험을 하는 사람들도 눈앞에서 볼 수 있다. 바라보기만 해도 힐링되는 단양의 가을 풍경을 바라보며 커피 한 잔의 여유를 만끽할 수 있다.
내용 더보기","문의 및 안내 0507-1353-0868
홈페이지 공식 홈페이지 https://www.sann.co.kr/
공식 인스타그램 https://www.instagram.com/cafe_sann/
주소 충청북도 단양군 가곡면 두산길 196-86 (가곡면)
영업시간 - 매장 09:30~19:00 (마지막 주문 18:30)
- 1.5층, 2층 09:30~18:30
휴일 연중무휴
주차 가능
요금 (무료)
대표메뉴 콜드브루 크림
취급메뉴 카페라테 / 카모마일 / 몽블랑 데니쉬 등
출입통로 주출입구는 턱이 없어 휠체어 접근 가능함(수동문)
접근로 출입구까지 턱이 없어 휠체어 접근 가능함
지체장애 기타 상세 의자식 테이블 있음_무장애 편의시설
닫기","
올라가기까지 길이 좀 길다 싶지만 도착하면 보람이 있다 생각이 드는 곳. 패러글라이딩에 관심이 있다면 일단 한번 가보시는 것을 추천합니다. 보는 것만으로도 꽤 신나요.
M****o 2025. 2. 18.
00
신고하기
올라가는 길도 좋고 정상에서의 풍경도 환상적. 위 카페에서 커피 한잔 마시면서 패러글라이딩 즐기는 사람들 구경하는 것도 재밌어요
솔* 2025. 1. 1.
00
신고하기
아들 중학교 졸업기념으로 ~단양으로 여행왔어여!! 기억에 남는 순간을 만들어 주고 싶어서 패러글라이딩 체험도 하고 맛있는 빵에 뻥뚫인 광경이 힐링도 되고 기억에 남는 크리스마스가 될거 같아여
타*네 2024. 12. 25.
00
신고하기
신고하기
탁 트인 공간이 기분을 좋게 합니다. 빵과 음료를 먹고 마시면 기분이 더 좋습니다. 단, 가격은 호불호가 있습니다.
k**t 2024. 12. 20.
00
뻥 뚫려서 기분이 좋음, 글라이딩 안하고 까페만 갔는데 주차장까지 올라가기가 힘들어서 그렇지 올라가면 남들 패러글라이딩 하는거 보는거 잼남
s******* 2024. 12. 19.
00
신고하기
카페산은 두번 방문하였습니다. 9월과 11월에 방문 하였는데 갈때마다 다른 풍경에 놀랐습니다. 카페산의 다양한 빵과 커피 한잔을 함께하여 완벽한 여행이 된것 같았습니다. 카페 옆에 패러글라이딩 하는 사람들이 있어 보는 재미도 있습니다. 단양 방문시 추천드립니다!
사***참 2024. 12. 2.
00
신고하기
카페 산에 오름부터 기대를 주는 곳에요 오르면 산 정상이 기분을 좋게하고 커피 베이커리 분위기 인증샷 인생샷 참으로 맛집이다. 페러글라이딩 이륙 비행을 눈앞에서 직관을 할 수 있는 점도 카페 산의 매력이다. 단양에 가면 필수 방문지가 카페 산이다
k******* 2024. 11. 20.
00
신고하기
댓글 더보기","충청북도 단양군 가곡면 두산길 196-86 (가곡면)","2025-03-18 16:39:07",36.994471,128.394383
159,159,"CK뉴욕바닷가재> 여행지 :대한민국 구석구석","인천 용종동의 CK 뉴욕바닷가재에서는 비교적 저렴한 가격에 다양한 바닷가재 요리를 맛볼 수 있다. 메뉴는 랍스터 양념구이, 버터구이, 찜, 회 이렇게 세 가지 메뉴로 구성되어 있어 입맛에 맞는 조리 방식을 고르면 된다. 사전에 예약할 시 룸에서 개별 식사도 가능하다. 가족과 특별한 날 방문하기 좋은 식당이다. 주문 시 기본 상차림으로 마늘빵과 피클, 동치미, 식전죽, 샐러드 등이 준비가 된다. 랍스터를 다 먹고 나면 식사를 요청하면 되는데 볶음밥과 미역국이 제공이 된다. 그리고 밥을 다 먹고 나면 커피/녹차/매실차 중 음료 선택이 가능하고 손세척용 레몬과 방울토마토까지 후식으로 제공이 된다.
내용 더보기","문의 및 안내 032-543-8448
주소 인천광역시 계양구 용마루1길 23
영업시간 11:00~21:00 (준비 시간 15:00~16:00)
휴일 매주 월요일
※ 12월은 휴무일 없이 운영
주차 가능
요금 (무료)
대표메뉴 바닷가재 양념구이
취급메뉴 바닷가재 매운 양념구이 / 바닷가재 버터구이 / 바닷가재 찜 / 바닷가재 회 등","등록된 댓글이 없습니다.
","인천광역시 계양구 용마루1길 23","2025-03-18 16:39:09",37.543761,126.744342
160,160,"동양염전베이커리카페> 여행지 | '열린 관광' 모두의 여행:대한민국 구석구석","동양염전베이커리카페는 인천 최대 규모의 풍부한 관광 인프라를 겸비한 카페로, 250여 종의 다양한 베이커리로 가득 차 있다.
매일 신선한 재료로 정성껏 구워낸 빵과 디저트를 제공하며, 넓고 아늑한 공간에서 향긋한 커피와 함께 다채로운 맛을 즐길 수 있다. 또한 파스타, 뇨끼, 필라프 등 다양한 식사 메뉴도 준비되어 있어 더욱 풍성한 식사 경험을 제공한다.
인천 최대규모 베이커리존(285평형)&스튜디오&갤러리존(210평형) 복합문화공간카페로 무궁화호 기차촬영세트, 워터가든, 동백나무 꽃길 등 다양한 외부 부대시설을 보유하고 있다.
내용 더보기","문의 및 안내 032-751-0901
주소 인천광역시 중구 용유서로 32 (남북동) 제1동 1층(남북동)
영업시간 [평일]
10:00~19:00
- 마지막 주문 18:30
[주말]
10:00~21:00
- 마지막 주문 20:30
휴일 연중무휴
주차 가능(대형 야외 주차장 150대)
대표메뉴 대추차
취급메뉴 소금커피 / 소금라떼 / 뱅쇼 등
출입통로 주출입구에 휠체어 통과 가능(자동문)
접근로 휠체어가 올라갈 수 있는 경사로가 설치되어 있음
장애인 주차 안내 장애인전용 별도 주차칸 있음
닫기","
방문자 후기
인천 을왕리 나들이 대형카페 라서 역시 사람 많아요 공간은 넓은데 주말엔 자리가 없네요 빵 맛있고 커피도 좋아요
김*희 2024. 12. 8.
00
신고하기
신고하기
규모가 크고 빵 종류가 많아서 좋아요! 입구에서 인증샷 찍으면 인생샷나오고 단체 방문했는데 단체석이 많아서 부담없이 앉아서 푹 쉬고 왔습니다. 영종도 왔으면 동양염전 꼭 방문해보세요
김*은 2024. 10. 4.
00
카페도 크고 빵종류도 많아요
김*숙 2024. 8. 8.
00
신고하기","인천광역시 중구 용유서로 32 (남북동) 제1동 1층(남북동)","2025-03-18 16:39:15",37.4442,126.403301
161,161,"윤동주문학관> 여행지 :대한민국 구석구석","시인 윤동주는 연희전문학교 문과 재학시절, 종로구 누상동에 있는 소설가 김송(金松, 1909~1988)의 집에서 문우(文友) 정병욱과 함께 하숙생활을 하면서 종종 인왕산에 올라 자연 속에서 시정(詩情)을 다듬었다고 전해진다. <별 헤는 밤>, <자화상>, <또 다른 고향> 등 시인의 대표작들이 이 시기에 만들어졌다.
윤동주문학관은 한국인이 사랑하는 민족 저항 시인 윤동주의 발자취와 세상을 향한 그의 시선을 기억하고자 2012년 세워졌다. 인왕산 자락에 버려져 있던 청운수도가압장과 물탱크를 의미 있게 리모델링한 곳이다. 2012년 대한민국 공공건축상, 2014년 서울시 건축상을 수상하고, 2015년에는 현충시설로 지정되면서 공간의 가치와 더불어 그 의미도 주목받고 있다.
내용 닫기","문의 및 안내 070-4531-4176
홈페이지 https://www.jfac.or.kr/
주소 서울특별시 종로구 창의문로 119 (청운동)
이용시간 10:00~18:00(입장마감 17:30)
※ 매일 30분간(13:30~14:00) 청소 및 소독 시간
휴일 매주 월요일 / 1월 1일 / 설·추석 당일
주차 가능
이용요금 무료","
며칠 전 노벨문학상을 수상한 자랑스러운 한강 작가가 연세대 재학 시절 윤동주 문학상을 받았었대요. 연희전문학교 시절 민족저항시인 윤동주 시인께서 별헤는밤, 자화상 등 시를 지으셨는데, 육필 원고와 사진 등이 전시되어 있어요. 2전시실 열린공간과 3전시실 닫힌공간으로 이어지는 윤동주문학관의 감탄할만한 구조를 통해, 문학적 감흥과 시인의 숭고한 생애에 대한 역사적 의미를 극대화해 만날 수 있습니다.
송*정 2024. 12. 13.
00
신고하기
매년 이 즈음 가족들과 함께 윤동주문학관을 방문합니다. 멀지 않은 곳에 있어 방문할 때마다 윤동주 시인의 생애를 통해 많은 생각을 하게 됩니다. 특히 아이들에게 살아있는 교육의 현장이라 의미가 있는 곳입니다.
영* 2024. 8. 22.
00
신고하기
다양한 나라에서 출판된 시인의 시집, 육필원고를 볼 수 있어요. 한 켠에는 시인의 생애에 대한 영상물을 상영하는 장소가 있는데 시간을 잠시 내셔서 꼭 보셨으면 좋겠습니다.
엘 2024. 8. 19.
00
신고하기
한양의 기운을 가득 담은 북악산 아래 위치한 윤동주 문학관. 부암동을 올라가는 길에 새하얀 건물이 한눈에 들어온다. 바로 윤동주 문학관이다. ‘별헤는 밤’이나 ‘서시’는 윤동주의 유산이다. 총 세 개의 전시관으로 구성되어 있고, 각기 다른 전시실은 시인 윤동주의 발자취를 느낄 수 있는 공간이다. 규모가 작아부암동이나 북악산을 갈 때 들리기 좋은 곳이다.
전*준 2024. 8. 19.
00
신고하기
부암동에 가면 자주 들리는 곳이예요. 부암동 자체도 동네가 시끌거리진 않지만, 좀 더 언덕에 있다보니 더 고즈넉한 느낌이 많이 듭니다. 생각이 많아지는 곳, 적극 추천입니다!
루*뤼 2024. 8. 19.
00
신고하기","서울특별시 종로구 창의문로 119 (청운동)","2025-03-18 16:39:20",37.592084,126.967045
162,162,"주산지(청송 국가지질공원)> 여행지 | '열린 관광' 모두의 여행|한국관광100선:대한민국 구석구석","주산지는 1720년 8월 조선조 경종 원년에 착공하여 그 이듬해 10월에 준공한 저수지다. 길이는 200m이고 평균수심이 약 8m인 주산지는 준공 이후 현재까지 아무리 오랜 가뭄에도 물이 말라 밑바닥이 드러난 적이 한 번도 없다. 주산지에는 뜨거운 화산재가 엉겨 붙어 만들어진 용결 응회암이라는 치밀하고 단단한 암석이 아래에 있고, 그 위로 비용결 응회암과 퇴적암이 쌓여 전체적으로 큰 그릇과 같은 지형을 이루고 있다.

비가 오면 비응결 응회암과 퇴적암층에서 스펀지처럼 물을 머금고 있다가 조금씩 물을 흘려보내기 때문에 이처럼 풍부한 수량을 유지할 수 있었다. 특히 주산지에는 150여 년이나 묵은 왕버들이 자생하고 있는데, 그 풍치가 아름다워 많은 관광객들이 찾고 있는 명소다. 암석, 물, 나무가 어우러져 사계절 다른 풍광을 선보이는 주산지는 2013년 국가지정문화재 명승으로 지정될 정도로 가치가 매우 높은 자연유산이다.

(출처 : 청송 국가지질공원)
내용 닫기","문의 및 안내 054-873-0019
홈페이지 https://csgeop.cs.go.kr/
주소 경상북도 청송군 주왕산면 주산지리
이용시간 상시 개방
휴일 연중무휴
주차 가능
지정현황 명승 청송 주산지 일원 (2013.03.21 지정)
입장료 무료
접근로 휠체어 사용자가 손쉽게 이용 가능(원만한 경사로 및 휠체어 구간 표시) 이동 경로 폭 : 약 5m
출입통로 휠체어, 전동 스쿠터 이동 가능 바닥표면이 포장도로임.
장애인 주차 안내 장애인 전용 주차구역 주차 가능 : 2대 주변 휠체어 이용자 등이 이용할 수 있는 여유공간 있음 관광지 주출입구와의 거리 : 바로 앞
화장실 장애인 화장실 있음
휠체어 휠체어 대여 위치 : 주차장 앞
대중 교통 정보지 주변까지 대중교통 이용 가능 : 주산지 정류장 저상버스 없음.
닫기","
신고하기
주왕산 혹은 청송을 방문한다면 꼭 들르는 곳... 주차장도 넓은 편이고 호수로 올라가는 길의 풍경도 참 좋더라는... 물속에 뿌리가 잠긴 오랜 버드나무도 신비롭지만 특히 가을 단풍철의 풍경은 단연 압권... 다만 우리 어머니같은 노약자들과 장애우들을 위한 전기차를 운행하면 어떨까 하는 생각이...
요**빠 2024. 12. 21.
00
신고하기
지금 물이 너무 말라서 아쉽지만 남아 있는 부분은 하늘과 같네요! 나무가 많이 고사되서 아쉽기도 해요! 아름다운 곳인 만큼 앞으로도 관리 잘해서 모두가 구석구석 누릴 수 있도록!
s******. 2024. 11. 25.
00
평소에도 이쁘지만 가을되면 진짜 최고인 곳~! 물에 반사되는 나무가 진짜 아직도 기억에 남아요 .. 힐링여행지로 추천드려요!
곤* 2024. 11. 6.
00
신고하기
자연속에서 힐링을 누리고 싶다면 한번쯤 방문해도 좋은 곳이에요. 99칸의 전통한옥인 송소고택도 아주 좋았고 톡쏘는 맛의 달기약수도 마셔보고 주위에 웰빙맛집도 많아서 아주 건강한 여행지로 추천드립니다.
해**이 2024. 10. 16.
00
신고하기
예전에 사진 찍으러 서너번 갔었어요. 물 속에서 나무가 썩지 않고 오랫동안 살아가는게 정말 신비스러웠죠. 물과 나무 사이로 눈부신 새벽의 햇살이 비추던 그 순간을 기억합니다. 다시 보고싶네요
빨**선 2024. 9. 13.
00
신고하기
댓글 더보기","경상북도 청송군 주왕산면 주산지리","2025-03-18 16:39:27",36.3567,129.159696
163,163,"계양꽃마루> 여행지 | '열린 관광' 모두의 여행:대한민국 구석구석","인천광역시 계양구에 위치한 계양꽃마루에서는 가을의 대표적인 꽃인 ‘코스모스’로 가득한 꽃밭을 볼 수 있다. 코스모스 꽃밭은 황화코스모스와 분홍빛의 혼합코스모스로 매년 9~10월 중이 가장 예쁘다. 가을의 풀벌레 소리를 들으며, 코스모스가 피어있는 산책로를 따라 가족 단위로 함께 와도 좋은 여행지이다. 또한 5~6월에는 노랗게 물든 유채꽃밭을 볼 수 있다. 계양꽃마루 이용 시 꽃밭 출입 및 훼손은 금지하고 있다.","문의 및 안내 032-450-5653
홈페이지 https://www.gyeyang.go.kr/
주소 인천광역시 계양구 서운동 106-1번 일원 (계양경기장 양궁장 뒤) (서운동)
이용시간 상시 개방
휴일 연중무휴
주차 가능
요금 (무료)
입장료 무료
접근로 출입구까지 턱이 없어 휠체어 접근 가능함
출입통로 주출입구는 턱이 없어 휠체어 접근 가능함
장애인 주차 안내 장애인 주차장 있음_무장애 편의시설","
댓글 더보기","인천광역시 계양구 서운동 106-1번 일원 (계양경기장 양궁장 뒤) (서운동)","2025-03-18 16:39:35",37.535445,126.747879
164,164,"계양공원> 여행지 | '열린 관광' 모두의 여행:대한민국 구석구석","인천광역시 계양산 자락에 있는 계양공원은 규모가 큰 산지형 공원으로 휴게시설, 체육시설 등 다양한 편익시설이 마련되어 있으며, 특히, 장미원은 36종 11,360주의 장미가 식재되어 있어 봄철 명소로 자리 잡고 있다. 아울러, 인천의 대표적인 계양산과 계양공원 산책로가 연결되어 도심에서 자연을 느끼고자 하는 시민들에게 많은 사랑을 받고 있는 공원이다.","문의 및 안내 032-549-6393
홈페이지 https://www.incheon.go.kr/park/index
주소 인천광역시 계양구 계양산로75번길 26 계양공원관리소
이용시간 상시 개방
휴일 연중무휴
주차 가능
요금 (무료)
입장료 무료
접근로 출입구까지 단차가 없어 휠체어 접근 가능함
출입통로 주출입구는 단차가 없어 휠체어 접근 가능함
장애인 주차 안내 장애인 전용 주차구역 있음_무장애 편의시설
화장실 장애인 전용 화장실 있음(비상벨 있음)
더보기","등록된 댓글이 없습니다.
","인천광역시 계양구 계양산로75번길 26 계양공원관리소","2025-03-18 16:39:45",37.550118,126.723368
165,165,"하트해변> 여행지 :대한민국 구석구석","집 뒤편에서 절벽 아래를 내려다보면 잘게 부서지는 하얀 파도가 둥그런 반원의 띠를 두르며 끊임없이 그려내는 하트해변을 발견할 수 있다. 그래서인지 멀리 내려다보이는 바다와 바위가 두렵고 아찔하기보다 낭만적이다.
울진의 하트해변은 2004년 SBS에서 주말 특별기획 드라마로 방영된 <폭풍 속으로> 촬영지이기도 하다. 드라마의 세트장 뒤에 하트 모양의 해변이 있다.
내용 닫기","문의 및 안내 054-789-6861
주소 경상북도 울진군 죽변면 등대길 74-14
이용시간 상시 개방
휴일 연중무휴","
신고하기
죽변항 하트해변 길을 따라 산책 정말 최고입니다. 해안스카이레일이 있는데, 대략 소요시간 40분 정도 걸리는거 같아요. 꼭 타보시길 권합니다. 4인에 28,000원정도일텐데 후회 안하실거예요
심*자 2024. 12. 30.
00
신고하기
하트해변 신기하고 아름다웠습니다! 용의 꿈길 산책로도 있어서 걸으면서 경치 감상하니 힐링이었어요
산****로 2024. 10. 21.
00
신랑과 여름휴가를 울진으로 갓었는데 제일 기억에 남는곳이 여기 폭풍속으로 촬영지 입니다 더웟지만 높은곳에 우뚝 서잇어서 죽변항에서 대게 먹고 하트해변도 볼수잇는 폭풍속으로 촬영지를 가게되었는데 드라마세트장도 예쁘고 정말 해변은 하트모양이라 신기했습니다
s***a 2023. 9. 2.
00
신고하기
신고하기
방문자 후기
최**더 2023. 8. 8.
00","경상북도 울진군 죽변면 등대길 74-14","2025-03-18 16:39:51",37.0591,129.428464
166,166,"푸투라서울> 여행지 | '열린 관광' 모두의 여행:대한민국 구석구석","푸투라 서울의 ‘Futura’는 ‘미래’를 뜻하는 라틴어이다. 사대부들의 생활공간이자 그들의 지적 유산이 깃든 북촌 가회동의 유구한 역사 위에서 미래를 향한 다각적인 시선을 담아낸다. 푸투라 서울은 과거에서 현재 그리고 미래를 유연하게 넘나들며 개인과 지역 사회, 나아가 글로벌 예술 커뮤니티를 위한 진보적이고 다채로운 예술 경험을 제공하고자 한다.
푸투라 서울의 본질은 ‘푸투라 서체’의 탄생 배경에서 찾을 수 있다. 인간 이성의 합리적 판단을 중시한 20세기 모더니즘, 이를 견인했던 바우하우스는 기하학적 규칙성과 명확성을 지닌 푸투라 서체를 인간 이성의 합리적 판단을 촉진하는 조형 언어로 여겼다. 그 후 푸투라 서체는 모던의 간결함과 세련됨을 대변하는 양식적 역할에 그치지 않고, ‘오늘과 내일의 서체’로 불리며 당대인들에게 미래적 풍경을 사유하는 힘을 불어넣어 왔다. 이처럼 푸투라 서울 또한 전통과 동시대 예술을 동력 삼아 미래를 향한 세계의 시선을 조명하는데 중추적 역할을 하고자 한다. 아울러 특징짓기 어려운 장르와 매체, 개념을 발굴하며 획득한 예술 경험을 전시나 각종 연계 프로그램으로 연결해 관람객들과 유기적으로 소통할 것이다. 더불어 작가에게는 그들의 섬세한 관찰력과 실험 정신이 공간적, 상업적 요청에 희석되지 않도록 노력을 기울일 것이다. 푸투라 서울에 들어선 순간, 관람객의 일상 속 친숙한 주제들이 미래를 향한 창조적 사고와 통찰로 이어지기를 희망한다.

건물 1층 후원이 자연을 연결하는 공간이라면 2층 전시 공간의 긴 창은 북촌의 현재를 보여주는 공간이다. 가로 24m 긴 창을 하단에 배치해 북촌의 외부 경관을 공간 내부로 끌어들여 1층의 후원과 차별성을 꾀했다. 중정은 전통 한옥의 안마당을 현대적으로 재해석했다. 3면의 높은 벽으로 둘러싸인 중정의 천장은 하늘로 열린 구조로 설계되어 있다. 천창을 통해 쏟아지는 빛을 통해 시간의 변화를 담아내는 전시 공간이다.
‘백 개의 시’ 전시 공간은 푸투라 서울의 하이라이트 전시 공간으로 전시 하나를 한 편의 시로 여기고 100개의 시를 써 내려가는 마음으로 준비한 공간이다. 길이 20m, 폭 11m, 높이 10.8m로 만들어져 공간감에 압도된다. 특히 천창으로 비치는 빛과 푸른 하늘은 공간에 서정성을 불어넣는다. 사선으로 내려오는 벽면의 빛 그림자는 시간과 자연의 변화를 직관적으로 이해하게 만든다. 자연과 시간의 변화를 담은 공간에서 백 개의 시는 백 개의 전시로 변주되어 관람객들과 함께할 예정이다.
내용 닫기","문의 및 안내 02-3676-1000
홈페이지 https://futuraseoul.org/
주소 서울특별시 종로구 북촌로 61 (가회동)
이용시간 - 화요일~금요일 09:30~18:00
- 토요일 09:30~21:00
- 일요일 09:30~18:00
휴일 매주 월요일 / 1월 1일 / 설·추석 당일
주차 불가능
이용요금 무료
※ 단, 전시별로 상이할 수 있으므로 자세한 사항은 홈페이지 참조
할인 정보
체험프로그램 도슨트 프로그램
출입통로 수동문
엘리베이터 엘리베이터 있음
점자 블록 점자블록 있음(엘리베이터 앞)
안내 요원 안내데스크 있음(1층)
닫기","
전시도 인상적이었지만, 북촌이라는 공간과 잘 어울리는 건축을 경험하는 것도 좋았어요. 전시보고 꼭 루프탑도 올라가서 북촌 풍경을 즐겨보세요.
m* 2024. 12. 5.
00
신고하기","서울특별시 종로구 북촌로 61 (가회동)","2025-03-18 16:39:55",37.582244,126.984744
167,167,"게으른악어> 여행지 | '열린 관광' 모두의 여행:대한민국 구석구석","게으른 악어는 충주호와 월악산을 조망하며 커피를 마실 수 있는 카페다. 이곳은 반려견 가족에게 환영받는 곳인데 목줄을 착용한 반려견과 함께 출입할 수 있다. 단, 2021년 8월 현재 애견놀이터 운영이 종료돼 반려견과 함께 방문한 사람들은 카페 야외 공간만 이용할 수 있다. 카페에서는 아메리카노를 비롯해 카페라테, 카푸치노 등 여러 가지 음료를 맛볼 수 있다. 음식으로는 소시지와 베이컨 등이 나오는 브런치 에그 등이 있다.
내용 더보기","문의 및 안내 043-724-9009
홈페이지 http://instagram.com/lazy._.caiman
주소 충청북도 충주시 살미면 월악로 927
영업시간 - 평일 10:00~18:00
- 주말 09:00~19:00
휴일 연중무휴
주차 가능
대표메뉴 아메리카노
취급메뉴 브런치에그세트 / 누텔라 오레오 / 3단 아이스크림크로플 등
출입통로 주출입구는 경사로가 있어 휠체어 접근 가능함(자동문)
접근로 출입구까지 경사로가 설치되어 있음
지체장애 기타 상세 의자식 테이블 있음
장애인 주차 안내 장애인 주차장 있음_무장애 편의시설
닫기","
신고하기
카페 이용외에 특별한 전망도 없어 아쉬웠음. 전망대 오르는길도 일부 데크계단 외는 흙길이라 불편했음. 다만 주차공간 조성은 여유가 있었고 진출입로 공사는 잘되고 있었음.
y*****s 2025. 3. 4.
00
신고하기
악어봉을 가기 위해 게으른악어에 주차 후 내리니 마침 등산로 정비중이라 갈 수가 없었어요. 카페에 들어가 다른 등산로가 있나 물어보니 없대서 게으른악어에서 물이 많이 빠진 상태의 악어섬과 충주호, 누운 여인의 모습을 한 월악산 영봉을 즐겼어요.
거* 2024. 7. 1.
00
신고하기
까페 주변풍경이 충주호가 보이고 좋아요 길건너 악어봉 등산길이 정비되면 더 자주올거같아요
전*조 2023. 12. 5.
00","충청북도 충주시 살미면 월악로 927","2025-03-18 16:40:02",36.923548,128.048029
168,168,"계양산성박물관> 여행지 | '열린 관광' 모두의 여행:대한민국 구석구석","계양 산성박물관은 계양산성을 비롯한 우리나라 산성의 발달사와 계양의 역사와 문화를 한눈에 살펴볼 수 있도록 건립된 국내 최초의 산성 전문 박물관이다. 박물관의 상설전시실에서는 ‘역사의 테’라는 주제 아래 시대 흐름에 따라 변화된 전국 산성의 종류와 분포 현황을 알 수 있는 ‘우리나라 산성의 발달사’와 ‘계양산성의 유적과 유물’에 대한 자료를 2개의 전시실에 나누어 전시하고 있다. 기획전시실에서는 선사시대 이래 계양의 역사를 체감할 수 있는 특별전시가 준비되어 있다. 아울러 성인과 학생, 어린이 등 다양한 연령층이 참여할 수 있는 역사 문화 강좌와 체험교실, 유적 답사, 문화행사 등 다채로운 프로그램도 마련되어 있다.
내용 닫기","문의 및 안내 032-552-8313~4
홈페이지 https://museum.gyeyang.go.kr/
주소 인천광역시 계양구 계양산로 101 (계산동)
이용시간 09:00~18:00 (입장마감 17:30)
휴일 매주 월요일 / 1월 1일 / 설·추석 당일
주차 가능
요금 (1시간 무료)
이용요금 [개인]
- 성인 1,000원
- 군경 500원
[단체(20인 이상)]
- 성인 800원
- 군경 500원
※ 어린이, 청소년, 65세 이상 : 무료
체험프로그램 올망졸망 산성놀이 / 박학다식, 고고학하기 / 역사문화체험 교실 등
접근로 출입구까지 턱이 없어 휠체어 접근 가능함
출입통로 주출입구는 턱이 없어 휠체어 접근 가능함(자동문)
장애인 주차 안내 장애인 주차장 있음(1대)_무장애 편의시설
엘리베이터 엘리베이터 있음
점자 블록 점자블록 있음(주요시설 앞)_시각장애인 편의시설
휠체어 대여가능(1대)
유모차 대여가능(1대)
안내 요원 안내요원 있음
화장실 장애인 화장실 있음(지하1층)
점자 홍보물 점자안내판 있음
보조견 동반 동반가능
닫기","
아들과 함께 가보고 싶네요
동**빠 2021. 10. 12.
01
신고하기","인천광역시 계양구 계양산로 101 (계산동)","2025-03-18 16:40:07",37.547735,126.727481
169,169,"광천장 (4, 9일)> 여행지 | '열린 관광' 모두의 여행|전통시장 K-관광마켓 10선:대한민국 구석구석","광천시장은 홍성의 토굴새우젓 및 광천 재래김으로 유명한 광천새우젓단지에 위치하고 있으며, 산지에서 직접 생산하는 싱싱한 젓갈 및 김을 판매하고 있다. 농산물의 공정한 거래는 물론 푸근한 어머님의 손길이 느껴지는 옛시장의 모습을 그대로 간직하고 손수지은 농·수산물을 직거래 형태로 사고파는 정직과 신뢰가 묻어나는 우리네 전통재래시장이다. 시장 형태는 상설시장과 매월 4일, 9일 날 열리는 오일장으로 구성되어 있다.
내용 더보기","문의 및 안내 041-642-9671
홈페이지 https://hongseong.go.kr/market
주소 충청남도 홍성군 광천읍 광천로285번길 8-16
이용시간 점포별 상이
휴일 점포별 상이
주차 가능 (약 50대)
규모 대지면적 24,917㎡ / 건축면적 5,049㎡ / 매장면적 1,950.27㎡ / 점포수 311개소
판매 품목 농·수·축산물 및 가공품 / 의류 및 잡화 등
접근로 이동경로 폭이 좁아 휠체어, 전동 스쿠터 사용자 이용 어려움.
내부 턱 없음.
출입통로 출입통로 형태 : 상시 개방형
출입통로가 넓어 휠체어, 전동 스쿠터 사용자 진입 쉬움.
보조견 동반 동반가능_시각장애인 편의시설
장애인 주차 안내 장애인 전용 주차구역 없음.
시장 부지 내 주차장 있음.(광천전통시장 제3주차장)
대중 교통 대중교통 이용 가능 : 광천시장입구 정류장
저상버스 없음.
닫기","등록된 댓글이 없습니다.
","충청남도 홍성군 광천읍 광천로285번길 8-16","2025-03-18 16:40:12",36.500613,126.624956
170,170,"아트팩토리 참기름> 여행지 :대한민국 구석구석","아트팩토리 참기름은 인천광역시 강화군 길상면에 위치한 복합문화공간으로, 옛 참기름 공장을 개조하여 만든 장소이다. 이곳은 약 7,000평 규모로, 다양한 미디어아트 전시와 공연, 식음료를 제공하는 공간으로 구성되어 있다. 아트팩토리 참기름은 강화도의 자연경관과 조화를 이루며, 방문객들에게 예술적 경험을 선사한다. 주요 시설로는 1관과 2관이 있으며, 1관에서는 20분 단위로 순환되는 다양한 미디어아트 작품이 전시된다. 2관에서는 반 고흐의 일생을 주제로 한 40분 길이의 몰입형 미디어아트 작품이 상영되어 관람객들의 시선을 사로잡는다. 또한, 특별관과 카페 참기름도 있어 다양한 문화적 경험을 제공한다. 아트팩토리 참기름은 넓은 주차 공간을 갖추고 있어 방문객들의 편의를 도모하며, 입장 시 지급되는 팔찌를 통해 전시관을 자유롭게 재관람할 수 있는 시스템을 운영하고 있다. 아트팩토리 참기름은 예술과 기술의 조화를 통해 강화도의 새로운 문화 명소로 자리 잡았으며, 방문객들에게 색다른 경험을 제공하는 장소로 추천된다.
내용 닫기","문의 및 안내 1660-1094
홈페이지 https://charmgiroom.com/
주소 인천광역시 강화군 길상면 까치골길 109
이용시간 - 10:00~18:00 (17:00 입장마감)
- 10:00~21:00 (20:00 입장마감)
휴일 매주 목요일
주차 가능
요금 (무료)
이용요금 - 성인 18,000원
- 청소년 13,000원
- 어린이·아동 9,000원
※ 이용요금은 변동될 수 있으므로 홈페이지 참고
닫기","
신고하기
방문자 후기
겨울에 아이들하고 가기 좋아요 실내에 다양한 미디어아트도 있고 아이들이 좋아하는 드로잉도 있어요
예* 2025. 2. 4.
00
댓글 더보기","인천광역시 강화군 길상면 까치골길 109","2025-03-18 16:40:21",37.667975,126.480337
171,171,"국립공주박물관> 여행지 | '열린 관광' 모두의 여행:대한민국 구석구석","충청남도 공주시 웅진동에 있는 국립 박물관으로 공주를 비롯한 충청남도 지역에서 출토된 중요 유물을 보관·전시하고, 유적 발굴 조사와 해외 문화재 조사 등을 통한 학술 연구 활동을 수행하며, 지역민을 위한 다양한 문화 교육프로그램을 운영하는 평생 학습 기관으로서의 기능을 수행하기 위하여 건립되었다. 국립공주박물관은 대전·충남지역에서 출토된 국보 19점, 보물 3점 등 문화재 10,000여 점을 체계적인 방법으로 보관·관리하고 있다. 이 가운데 학술적 가치가 높은 중요 유물은 상설전시와 특별전시를 통해 관람객과 전문연구자들이 쉽게 살펴볼 수 있도록 하였고, 더불어 문화유적에 대한 발굴조사 및 연구를 수행하며 그 결과물을 발간한다. 이 밖에 열린 문화공간이 자 평생학습의 장으로서 국민들이 수준 높은 문화생활을 누릴 수 있도록 야외공연장·강당·세미나실 등을 갖추었다.

일제강점기 공주 지역의 백제 문화재를 보존하기 위해 만든 공주고적보존회를 모태로 1940년 공주사적현창회(公州史蹟顯彰會)를 결성하여 조선시대 관아 건물인 선화당(宣化堂)에서 박물관 사업을 시작하였다. 1946년 국립박물관 공주분관을 거쳐, 1975년 국립공주박물관으로 승격되었다. 발굴 문화재의 보존과 국민들에게 폭넓은 문화 체험의 기회를 다양하게 제공하기 위해 2004년 5월 공주시 웅진동에 박물관 건물을 신축하여 이전하였다.
내용 더보기","문의 및 안내 041-850-6300
홈페이지 http://gongju.museum.go.kr
주소 충청남도 공주시 관광단지길 34
이용시간 09:00~18:00
휴일 매주 월요일 / 1월 1일 / 설·추석 당일
주차 가능
이용요금 무료
규모 박물관 대지면적 70,119㎡ / 건축면적 8,149㎡ / 연면적 18,288㎡
접근로 출입구까지 경사로가 설치되어 있음
출입통로 주출입구는 경사로가 있어 휠체어 접근 가능함
장애인 주차 안내 장애인 주차장 있음_무장애 편의시설
엘리베이터 엘리베이터 있음
점자 블록 점자유도로 있음_시각장애인 편의시설
휠체어 대여가능
수유실 수유실 있음
유모차 대여가능
안내 요원 전시해설자 있음
화장실 장애인 화장실 있음
오디오 가이드 음성안내어플 제공
닫기","
아이와 함께 가면 좋은 공주박물관! 입장료도 없을뿐더러 볼것도 많고 잘관리되어 너무 좋았습니다. 아이와 함께 역사공부를 할수있는 좋은 시간이었어요!
k***** 2025. 2. 23.
00
신고하기
국립공주박물관은 웅진백제를 주제로 하는 전시실과 충청남도의 역사문화를 주제로 한 전시실로 나눠져 있어요. 무령왕릉에서 출토된 주요 유물들을 전시하는 웅진백제실은 1971년 송산리 고분군에서 배수로 공사를 하는 도중에 우연히 발견된 무령왕릉의 유물들을 볼 수 있다고 해요. 특히 무령왕릉에서 발견된 진묘수나 왕과 왕비의 관련된 화려한 유물들을 볼 수 있는 곳이라서 여기는 시간을 갖고 천천히 둘러보시는걸 추천드려요!! 그리고 2층으로 올라가면 충청남도의 역사문화실이 있는데 이곳은 구석기시대부터 조선시대까지 충청남도의 선사, 고대, 중근세 문화를 보여주는 공간이에요. 공주에 오시면 꼭 방문하시길 추천합니다♡
레*나 2025. 1. 21.
00
신고하기
무령왕릉 출토품이 메인으로 적당한 규모에 어린이 체험실도 미취학 대상으로 잘 꾸며져있어 미취학 학생이나 초저학년 가족이 방문하면 특히 좋을 것 같아요.
구* 2025. 1. 17.
00
신고하기
신고하기
방문자 후기
내 원픽은 진묘수 건물 앞 공터부터 반겨주는 묘지기 상징물이다
탁 2024. 11. 2.
00
익산 부여 공주를 다 각각 가봤는데 뭔가 이걸 패키지로 엮을수는 없을까 생각이 듭니다 지자체도 다 달라서 힘들겠지만 서로 협조하면 불가능하지도 않으것 같네요 풍성한 백제문화를 좀다 큰 눈과 마음으로 볼수 있도록 해주세요
k***** 2024. 11. 1.
00
신고하기
신고하기
전시품이 무령왕릉 출토품에 집중되어 있어 아쉬워요. 백제 문화를 포괄적으로 다루면서 웅진백제를 더욱 부각했으면 좋았을텐데. 부여박물관이 더 다채롭고 다양한 방법으로 백제 역사와 문화를 보여주는 것 같아요.
은 2024. 10. 24.
00
해설사 선생님 설명덕분에 더 알차게 배웠습니다 초등 아들이 무척 좋아했던 곳이예요
림 2024. 8. 19.
00
신고하기
댓글 더보기","충청남도 공주시 관광단지길 34","2025-03-18 16:40:27",36.466517,127.110051
172,172,"하마씨어터> 여행지 | '열린 관광' 모두의 여행:대한민국 구석구석","하마씨어터는 하마컴퍼니가 국내 창작뮤지컬과 연극의 발전을 목적으로 대학로에 개관한 극장이다. 2019년에 개관하여 연극 <그녀를 믿지 마세요>, 뮤지컬 <하트시그널>, <환상의 타이밍>, <써니텐> 등 오픈런 공연 중심으로 운영하며 소통과 공감을 통해 관객들에게 희노애락을 남긴 문화공간이다. 지금도 하마씨어터는 완성도 높은 오픈런 공연과 신규 공연을 번갈아 올리며 관객들과 만나고 있다.","문의 및 안내 1660-1015
주소 서울특별시 종로구 대학로10길 15-11 (동숭동) 4층
이용시간 - 평일 10:30~19:00
- 주말 10:30~17:00
휴일 연중무휴
주차 불가능
접근로 건물 입구에 1단의 턱이 있으나 평지로 연결되어 휠체어 통과 가능함
출입통로 주출입구에 휠체어가 통과 불가함 (수동문)
주출입구에 문 크기가 좁아 휠체어 접근이 어려움
엘리베이터 엘리베이터 있음 (휠체어 1대 크기)
안내 요원 안내데스크 겸 매표소 있음 (1층 로비)
보조안내요원 상주


더보기","등록된 댓글이 없습니다.
","서울특별시 종로구 대학로10길 15-11 (동숭동) 4층","2025-03-18 16:40:36",37.582294,127.002892
173,173,"충남서산집> 여행지 :대한민국 구석구석","충남서산집은 인천 강화군 내가면에 위치한 꽃게 요리 전문점이다. 강화군이 인정한 맛있는 음식점으로 선정되기도 한 만큼 항상 질 좋은 꽃게로 정성껏 음식을 제공한다. 깨끗하고 편안한 분위기의 내부와 친절한 서비스로 가족, 연인, 친구와 각종 모임에 제격이다. 최근 2015년 맛집을 소개하는 유명 프로그램 수요미식회에 방영되어 더욱 인기를 얻고 있다. 메뉴는 꽃게탕, 꽃게찜, 간장게장, 밴댕이무침 등 다양한 메뉴를 취급한다.
내용 더보기","문의 및 안내 032-933-8403
주소 인천광역시 강화군 중앙로 1200 충남서산집
영업시간 - 10:00~19:00
- 준비 시간 15:00~15:30
- 마지막 주문 17:50
휴일 연중무휴
주차 가능
요금 (무료)
대표메뉴 꽃게탕
취급메뉴 꽃게찜 / 간장게장 등","
신고하기
음식이 맛있어요.
준 2024. 12. 31.
00
꽃게탕이랑 밴댕이무침이 맛있는 집입니다.
주*희 2024. 9. 10.
00
신고하기","인천광역시 강화군 중앙로 1200 충남서산집","2025-03-18 16:40:44",37.704644,126.391032
174,174,"덕적도 능동자갈마당> 여행지 :대한민국 구석구석","서해 최대의 갈대 군락지를 보러 가는 것 만으로도 충분한 가치가 있으며 기암괴석과 크고 작은 자갈의 해변에서 보는 낙조 또한 일품이다. 해변가에는 자갈이 가득한데, 일반 몽돌해변의 자갈들보다 크기가 큰 편이다. 자갈에 파도가 부딪히는 소리가 청아하다. 바다와 어우러지는 주변 풍광 또한 아름답기로 유명하다.","문의 및 안내 032-899-3710~8
홈페이지 http://www.ongjin.go.kr/
주소 인천광역시 옹진군 덕적면
주차 가능","등록된 댓글이 없습니다.
","인천광역시 옹진군 덕적면","2025-03-18 16:40:47",37.227729,126.144917
175,175,"인왕산 숲속쉼터> 여행지 :대한민국 구석구석","서울 인왕산과 북악산은 1968년 1·21사태로 약 30여 개의 군초소 및 경계시설이 들어오면서 오랫동안 시민들의 출입이 통제되었던 곳이다. 이후 점차 군초소의 수를 줄여오다가 2018년 인왕산 전면 개방에 따라 관련 군초소 및 경계시설은 대부분 철거를 진행하였다. 인왕산 숲 속 쉼터는 원래의 건물인 인왕3분초의 기존 역사 보존 및 기록을 위하여 그 터를 살려낸 공간이다. 병사들의 거주공간이었던 인왕3분초는 철근콘크리트 필로티구조 위상부 구조물을 철거하고 목조건축 구조의 시민을 위하여 재탄생하게 되었다. 오랜 반목과 통제의 상징인 이 건물은 개방의 시대, 교류를 상징하는 곳으로 변화하였다.
인왕산 등산 코스를 통해 가볍게 트레킹 및 등산을 즐긴 후 말 그대로 편하게 쉬어 가거나, 독서를 하는 곳으로 사람들의 입소문을 타며 많이 찾는 곳 중 하나이다. 통창으로 이루어져 인왕산의 자연경관을 감상하기에도 안성맞춤이다.
내용 더보기","문의 및 안내 종로구청 도시녹지과 02-2148-2835
주소 서울특별시 종로구 청운동 산4-36
이용시간 화요일~일요일 10:00~17:00
휴일 매주 월요일
주차 가능
이용요금 무료","
배경의 댓글은 현재 가볼래-터 3월호 미션을 완료한 댓글입니다.
신고하기
50년 만에 개방된 곳으로 특별한 서울풍경을 볼 수 있습니다. 특히 겨울이 좋다던데 저는 눈 덮힌 경치를 보진 못했었네요. 언젠가 눈내린 겨울에 한번 방문해 보려고 합니다.
라**임 2025. 3. 9.
00
인왕산으로 야유회 가면서 들렀었는데 그냥 등산겸 쉬러 가기에도 좋아요
자* 2025. 2. 10.
00
신고하기
댓글 더보기","서울특별시 종로구 청운동 산4-36","2025-03-18 16:40:51",37.588335,126.963983
176,176,"홍성 홍주의사총> 여행지 :대한민국 구석구석","조선말기(병오년) 홍성 지역에서 있었던 의병 운동에서 일본군과 싸우다 희생된 분들의 유해를 모신 곳이다. 1905년 일본의 강압에 의해 을사조약이 체결되자 홍주 지역에서는 1906년(병오년)에 전 이조참판 민종식이 채광묵, 박인기, 이만식, 농민, 유생 구 관리를 중심으로 홍주성에 쳐들어갔는데 당시 홍성 군수 이교석과 이주승도 처음에는 의병 군에 호응할 기미였다가 일본군 다수가 입성한다는 소식을 듣고 성문을 닫고 입성을 막아 부득이 물러난 후 3월 22일에 재차 홍주성에 쳐들어갔으며 5월 19일에 홍주성을 함락시켰다.

그 후 일본군이 5월 25일부터 홍주성의 의병 군을 공격하여 30일부터 본격전이 시작되었으며 그때에 일본군 대포에 의해 조양문이 부서졌고 중과부적으로 의병 수백 명이 전사하여 시체가 대교리 일대의 냇가와 남산 일대에 흩어져 있었다. 1949년 4월 5일 홍성 군수 박주철과 홍성 경찰서장 박헌교가 직원들을 인솔하고 현재 의사총이 있는 부근에서 식수하다가 의외로 많은 유골을 발견하였다. 병오 항일의병 시 전사한 의병 군의 유골이 임시 매장된 것으로 판명되어 충청남도에 그 사실을 보고하고 도비를 지원받아 유골을 모아 이곳에 합장하여 분묘를 조성하였다. 1992년 구백의총(九百義塚)이란 이름이 ‘홍주 의사총’으로 바뀌었으며 매년 5월 30일에 순국 의사에 대한 추모제를 지내고 있다.
내용 더보기","문의 및 안내 041-633-8733
홈페이지 https://www.hongseong.go.kr/history/
주소 충청남도 홍성군 홍성읍 의사로 79 (홍성읍)
이용시간 09:00~17:00
휴일 매주 월요일 / 1월 1일 / 설·추석 당일
※ 월요일이 공휴일인 경우 다음의 첫 번째 평일 휴관
주차 가능
지정현황 사적 홍성 홍주의사총 (2001.08.17. 지정)","등록된 댓글이 없습니다.
","충청남도 홍성군 홍성읍 의사로 79 (홍성읍)","2025-03-18 16:40:56",36.604693,126.671486
177,177,"개실마을> 여행지 | '열린 관광' 모두의 여행:대한민국 구석구석","조선중엽 영남사림학파의 종조인 점필재 김종직(1431~1492) 선생의 후손들의 집성촌으로 350여 년간 전통을 이어오고 있으며, 점필재종택(민속자료), 도연재(문화재자료), 유점 필재의 문적 유품(유형문화재) 등의 문화재가 있다. 현재 개실마을은 아름마을 가꾸기 사업을 통해 도시민에게는 건전한 여가선용과 농촌체험의 기회를 제공하고, 지역민에게는 소득과 삶의 질을 향상하는 한편 전통문화를 후세에 물려주기 위한 운동을 전개하고 있다. 마을 안 길을 흙담으로, 주민이 공동 식수로 사용하던 우물과 한옥 등을 보수/복원하여 옛 고향의 모습을 갖추었다.

또한 상/하수도, 경로당, 마을회관 등 생활 편의 시설을 갖추고 주민이 함께 사용할 수 있는 인터넷 카페와 등산로 개설 등 편리하고 쾌적한 주거 환경을 마련하였다. 주민들의 소득 증대를 위해 채소, 버섯, 부추, 오이 등을 유기농으로 재배하고 이를 체험할 수 있는 벤처농장을 운영하고 있으며, 마을 브랜드 개발, 민박, 일선 김 씨 종가에 전승되는 한과, 안주 등 전통음식과 충효, 예절, 한문, 서예, 관혼상제 등의 전통문화의 상품화에도 최선을 다하고 있다. 그 외에도 전국 각지의 도시 주민들을 대상으로 하는 농산물재배, 전통예절 및 놀이 등 각종 체험 프로그램 개발을 통해 도/농교류를 활성화시키고 있다.
내용 닫기","문의 및 안내 054-956-4022
홈페이지 https://www.gaesil.net/
주소 경상북도 고령군 쌍림면 개실1길 29 (쌍림면)
이용시간 15:00~익일11:00
휴일 연중무휴
주차 가능
지정현황 농협 지정 팜스테이 마을 (2003년 지정)
경상북도 민속문화유산 점필재종택 (1985.10.15 지정)
경상북도 문화유산자료 도연재 (1985.08.05 지정)
농촌체험휴양마을 (2015년)
체험 안내 도자기 만들기 / 전통엿 만들기 / 머그컵 만들기 / 떡메치기 / 압화 만들기 / 칼국수 만들기 / 딸기 수확 / 화분 만들기 등
※ 자세한 사항은 홈페이지 참조
체험가능 연령 전 연령
시설이용료 이용 프로그램, 시설 및 요일에 따라 이용요금 상이하므로 홈페이지 참조 또는 전화 문의 요망
접근로 출입구까지 턱이 없어 휠체어 접근 가능함_무장애 편의시설
보조견 동반 동반가능_시각장애인 편의시설
화장실 장애인 화장실 있음
닫기","
아이들과 함께 가도 좋은 여행지에요
미*다 2021. 8. 17.
01
신고하기","경상북도 고령군 쌍림면 개실1길 29 (쌍림면)","2025-03-18 16:41:02",35.667536,128.229585
178,178,"아산 맹씨 행단(맹사성 고택)> 여행지 :대한민국 구석구석","맹사성 고택은 설화산을 서쪽으로 등지고 배방산을 동북으로 바라보고 있는데, 수백 년간 무사히 보존되어 온 우리나라 살림집 가운데 가장 오래된 옛 모습을 간직한 집이다. 고려 말 충신이던 최영 장군이 살던 집으로 최영 장군의 손녀사위가 된 맹사성에게 그 집을 물려주었다고 한다. 가옥의 형태는 ‘ㄷ’자형의 맛배집으로 목재는 광솔이 되다시피 그을렸으며, 기둥과 도리 사이에는 단구로 봉설(봉황의 혀)이 장식되었고, 내실 천정은 ‘소라 반자’로 흔히 볼 수 없는 나무반자다. 사적으로 지정된 맹씨행단은 말 그대로 맹씨가 사는 은행나무 단이 있는 집으로 맹고불의 고택, 구괴정, 쌍행수 등을 망라하여 ‘맹씨행단’ 이라 한다. 맹사성은 이 은행나무 두 그루를 손수 심고 학문에 정진하여 후학을 가르쳤다고 한다.
내용 더보기","문의 및 안내 041-536-8773
홈페이지 https://www.heritage.go.kr
주소 충청남도 아산시 배방읍 행단길 25
이용시간 상시 개방
휴일 연중무휴
지정현황 사적 아산 맹씨 행단 (1963.01.21. 지정)
입장료 무료","
박물관부터 가고 나서, 구경하면 좋다. 박물관에서 친절하게 설명해주고 있으니 먼저 구경 후, 고택 방문하자. 주차장 바로 옆에 위치해 있다. 바쁘다면, 박물관 앞 영상만 보고 와도 고택 방문이 더욱 흥미로워진다.
경*********e 2025. 1. 10.
00
신고하기
댓글 더보기","충청남도 아산시 배방읍 행단길 25","2025-03-18 16:41:05",36.747025,127.041849
179,179,"일미민물장어> 여행지 :대한민국 구석구석","인천광역시 강화군에 위치한 일미민물장어는 신선하고 품질 좋은 민물장어를 제공하는 전문 음식점이다. 이곳은 강화도의 깨끗한 자연에서 자란 민물장어를 사용하여, 고소하고 부드러운 맛을 자랑한다. 장어구이는 소금구이와 양념구이로 나뉘는데 저마다 깊은 맛을 자랑하며 미식가들의 입맛을 사로잡기 바쁘다. 이곳의 장어는 지방이 적고 단백질이 풍부하여 건강에도 좋은 음식으로 잘 알려져 있다. 장어를 먹고 난 후에 나오는 장어죽은 장어의 뼈를 갈아 넣어 만든 것으로 고소하고 소화도 잘 된다.
내용 더보기","문의 및 안내 032-933-8585
주소 인천광역시 강화군 선원면 더리미길 2
영업시간 10:00~20:30 (마지막 주문 20:00)
휴일 연중무휴
주차 가능
요금 (무료)
대표메뉴 장어구이
취급메뉴 민물장어 / 갯벌장어 등","등록된 댓글이 없습니다.
","인천광역시 강화군 선원면 더리미길 2","2025-03-18 16:41:08",37.723861,126.512645
180,180,"영암어촌계 체험장 > 여행지 :대한민국 구석구석","영흥도 북쪽에 자리 잡은 영흥면 내리의 어촌계 체험장은 십리포해수욕장과 장경리해수욕장 사이의 작은 해변인 수해해변에 위치해 있다. 갯벌 체험은 혼합갯벌로 이루어진 수해해변과 농어바위 근처에서만 가능하다. 외부인은 출입할 수 없고 영암어촌계 체험객과 주변 캠핑장이나 펜션 이용객들만 이용할 수 있다. 질퍽한 갯벌이 아니기 때문에 체험 시 장화는 필요 없다. 한 사람당 1만 원의 체험비를 지불하면 호미와 물통을 포함한 갯벌 체험 장비를 준다. 농어바위 근처는 갯바위가 발달해 경관이 뛰어나며 농어가 잘 잡히는 포인트로 물이 빠지면 길이 생겨서 농어바위까지 걸어 들어갈 수 있다. 농어바위 오른편의 수해해변은 잘 알려지지 않은 아담한 바닷가로 호젓하게 해수욕을 즐길 수 있다. 만조 때는 망둥이나 우럭, 놀래미 낚시를 할 수 있고 간조가 되면 바지락이나 굴, 박하지, 고둥 등을 잡는 갯벌 체험이 이루어진다. 이곳 역시 어촌계에서 바지락 종패를 뿌려 아쉽지 않게 바지락을 캘 수 있는 곳. 체험장 입구에 펜션이나 민박 같은 숙박시설과 식당, 매점 등 편의시설이 모여 있다.
내용 닫기","문의 및 안내 032-832-3031
홈페이지 http://www.영흥도갯벌체험.kr/
주소 인천광역시 옹진군 영흥면 영흥서로446번길 46
이용시간 09:00~17:30
휴일 연중무휴
주차 가능
체험 안내 갯벌 체험
이용 시기 3월 1일~10월 31일
시설이용료 [조개체험]
- 5세~성인 8,000원
- 4세 이하 무료
[갯바위체험]
- 5세~성인 10,000원 (2KG)
- 5세~성인 30,000원 (개인통)
[장화대여료]
2,000원
닫기","
바지락이랑 동죽 잡기 체험할 수 있어요 아이들이 즐거워합니다.
l***j 2024. 5. 21.
00
신고하기","인천광역시 옹진군 영흥면 영흥서로446번길 46","2025-03-18 16:41:14",37.28247,126.457375
181,181,"여미갤러리> 여행지 :대한민국 구석구석","여미리마을 입구에 위치한 여미갤러리는 10년 넘게 방치되던 마을 정미소를 리모델링하여 갤러리와 카페로 만들었다. 갤러리에서는 작가들의 작품이 전시되고 있으며 카페에는 디자인 관련 서적들이 비치되어 있어 언제나 열람이 가능하다. 생활문화센터에서는 도자기 공예와 디자인 등을 체험하고 배울 수 있다. 카페는 수제청으로 만들어진 석류에이드와 레모네이드가 대표메뉴이며 그 외에 큐빅팥빙수, 요거트 스무디 등 다양한 메뉴가 준비되어 있다.
내용 닫기","문의 및 안내 041-667-7344
홈페이지 https://cafe.naver.com/yeomii
주소 충청남도 서산시 운산면 운정로 112
이용시간 10:00~19:30
휴일 연중무휴
주차 가능
이용요금 무료","
불친절 바가지요금
♡*****♡ 2023. 12. 22.
00
신고하기
리뷰은 좋은데 막상가니 불친절하고 인상만쓰네
♡*****♡ 2023. 12. 7.
00
신고하기
도자기체험도 있어서 즐거운 여행이 될 수 있을거 같아요!
한****e 2021. 11. 9.
01
신고하기","충청남도 서산시 운산면 운정로 112","2025-03-18 16:41:19",36.820609,126.579939
182,182,"서울아트센터 도암홀·도암갤러리> 여행지 :대한민국 구석구석","2023년 5월 도암(DOAM)은 클래식을 기반으로 한 음악, 미술, 무용 공연을 위한 공간으로 건축되었다. 예술가들에게는 자유롭게 실험하고 독창적인 작품을 선보일 수 있는 창작의 장이며, 관객들은 독특하고 다채로운 예술 작품을 감상하고 예술가와의 소통을 통해 예술의 매력과 가치를 더욱 깊이 체험할 수 있는 곳이다.
1,080여 석의 도암홀과 170여 평의 공간을 가진 도암갤러리로 구성되어 있으며, 관객들의 편안한 휴식 공간을 위한 카페, 아트센터를 상징하는 굿즈가 구비된 예술상점 등이 있다. 도암홀은 클래식, 뮤지컬, 무용, 연극, 독주회 등 다양한 장르의 공연이 가능한 다목적 공연장이다. 건축 음향에 주력하여 세심한 잔향을 적용한 홀로 최고의 음향을 갖추고 있다. 도암갤러리는 대형 전시공간과 높은 층고를 갖춘 갤러리고, 기획전, 초대전, 대관 등 미술문화 역량이 집결되는 플랫폼 역할을 수행하는 곳이다.
내용 더보기","문의 및 안내 02-2287-0599
홈페이지 https://doam.me
주소 서울특별시 종로구 평창문화로 70 (평창동)
이용시간 공연 및 전시 별로 상이함
휴일 공연 및 전시 별로 상이함
주차 가능
이용요금 공연 및 전시 별로 상이함","등록된 댓글이 없습니다.
","서울특별시 종로구 평창문화로 70 (평창동)","2025-03-18 16:41:23",37.605958,126.968494
183,183,"덕적도 비조봉> 여행지 :대한민국 구석구석","덕적도에 위치한 비조봉(292m)은 정상까지 오르는데 약 2시간~2시간 30분 정도 소요된다. 정상에서 보는 탁 트인 산과 바다의 풍경은 가슴을 시원하게 한다. 백아도, 문갑도, 흑도, 굴업도가 한눈에 보인다. 최적의 등산코스로 등산객들이 즐겨 찾는 산이며 정상에서 볼거리가 풍부하다.","문의 및 안내 관광문화진흥과 032-899-2210
홈페이지 http://www.ongjin.go.kr/open_content/tour/
주소 인천광역시 옹진군 덕적면","
캠핑하러 갔던 기억이에요. 정말 이국적인 풍경에 산오르기도 그렇게 난이도 있지 않고 힐링그자체 였습니다. 새벽에는 저 멀리보이는 배의 불빛을 보면서 힐링 할만 합니다.
만* 2025. 1. 6.
00
신고하기
댓글 더보기","인천광역시 옹진군 덕적면","2025-03-18 16:41:36",37.227729,126.144917
184,184,"통일사> 여행지 :대한민국 구석구석","통일사는 6.25사변 당시 전사한 남편의 넋을 기리기 위해 여승 최선규 스님이 1983년 창건하였다. 스님의 남편인 서형석 씨는 1961.1.4. 후퇴 시 학도병으로 서부전선에서 1개 소대 병력으로 중공군 대부대와 맞서 싸우다 전우들이 모두 전사하자 자신도 장렬하게 자결하였다고 한다. 그 후 미망인이 된 스님이 그 한을 풀기 위해 이곳 국사봉에 현 사찰을 짓고 항시 조국 통일기원 염불을 계속하고 있다.

(출처 : 인천 문화관광 홈페이지)
내용 더보기","문의 및 안내 032-886-7529
홈페이지 https://www.ongjin.go.kr/open_content/tour
주소 인천광역시 옹진군 영흥면 영흥로722번길 146
이용시간 상시 개방
휴일 연중무휴
주차 가능
입장료 무료","등록된 댓글이 없습니다.
","인천광역시 옹진군 영흥면 영흥로722번길 146","2025-03-18 16:41:39",37.271179,126.461687
185,185,"부여 송국리 유적> 여행지 :대한민국 구석구석","부여 송국리에 있는 청동기시대 집터 유적이다. 하천과 평지에 인접한 낮은 구릉과 대지 위에 100여 기 이상의 집터가 있을 것으로 추정된다. 집터는 평면 형태에 따라 둥근 것과 긴 네모꼴인 것이 있다. 둥근 집터는 30∼150cm 깊이로 땅을 파서(수혈식주거지) 만들었으며, 한쪽 벽을 얕게 파서 문을 만든 듯하다. 화덕자리가 발견되지는 않았지만 다수의 저장용 구덩이가 발견되었다. 바닥 중앙에 1m 내외의 긴 타원형 구덩이를 파고 그 구덩이 안에 몇 개의 둥근 구덩이를 만들었다. 네모꼴 집터는 30㎝ 미만으로 땅을 판 반움집이나 지상식에 가까운 것으로 기둥구멍이 발견되지 않았으나, 주춧돌이 있는 발달된 집 형태를 하고 있다.

집터 안에서는 토기와 석기가 많이 출토되었다. 토기는 무문 토기와 붉은 토기(홍도), 검은간토기(흑도)가 나왔다. 무문토기는 납작한 밑, 긴 달걀형의 몸체, 목이 없이 아가리가 밖으로 약간 꺾인 모습을 하여 이전의 무문 토기와 달라 송국리식 토기라 불린다. 돌칼, 돌화살촉, 방추차, 돌도끼를 비롯하여 다양한 석기들도 출토되었다. 그 밖에 많은 양의 불탄 쌀과 벽체에 세웠던 판자가 불탄 채로 나오기도 하였고, 청동도끼 거푸집(동부용범)이 출토되었다. 청동도끼 거푸집은 부채날형 청동도끼의 틀로서 요령지역의 것과 닮은 것이다. 집터 서쪽에는 우리나라에서 처음으로 무문토기 가마터가 확인되었다. 송국리집터에서 나오는 유물은 출토유물로는 서까래의 흔적을 비롯, 비파형 동검(琵琶形銅劍) ·붉은 간토기 ·민무늬토기 ·돌도끼 ·대팻날 ·끌 ·돌낫 ·돌검 ·숫돌 등 다양하다. 이러한 유물을 토대로 기원전 7∼6세기 전에 농경과 수렵에 기반을 둔 사람들에 의해 만들어진 것으로 추측되며, 청동기 시대 사람들의 생활상을 보여주는 중요한 자료로 평가된다.
내용 닫기","문의 및 안내 부여군 문화재과 041-830-2629
홈페이지 https://www.buyeo.go.kr/
주소 충청남도 부여군 초촌면 선사로225번길 54
이용시간 상시 개방
휴일 연중무휴
입장료 무료","등록된 댓글이 없습니다.
","충청남도 부여군 초촌면 선사로225번길 54","2025-03-18 16:41:43",36.266222,127.035
186,186,"경주 동궁원> 여행지 | '열린 관광' 모두의 여행:대한민국 구석구석","경주동궁원은 보문관광단지 입구에 위치하여, 농업 시험포장, 화훼재배 용도로사용되어 왔던 것을 농업을 관광자원화 하는 차원에서 시작하여, 새로운 관광 콘텐츠의 개발을 통해 사계절 체험관광시설을 조성하였다. 옛 안압지였던 동궁과 월지에 우리 조상들이 최초로 화초와 진금이수 즉 진귀하고 기이한 새와 짐승을 길렀다는 문무왕 14년 삼국사기 기록과 신라의 관직명에 새 이름을 사용하였다는 등 경주만이 가지고 있는 다양한 역사적 콘텐츠를 스토리텔링 하여, 우리나라 최초의 동·식물원 이었던 동궁과 월지를 지금 이 곳 경주동궁원에 현대적으로 재현 하였습니다.경주의 역사적 배경을 스토리텔링하여 ‘동궁식물원’과 새전문 동물원인 ‘경주버드파크’를 한자리에서 볼 수 있는 ‘경주동궁원’이 탄생하였다.

(출처 : 경주 동궁원)
내용 닫기","문의 및 안내 054-779-8725
홈페이지 http://gyeongjuepg.kr/
주소 경상북도 경주시 보문로 74-14
이용시간 [식물원]
09:30~19:00
[버드파크]
10:00~19:00
※ 매표 및 입장 마감 18:00
휴일 매주 월요일 (단, 공휴일 또는 연휴인 경우 그 다음날) / 설·추석 당일
주차 가능
체험 안내 스탬프투어 / 곤충체험 / 곤충모형만들기 / 그리기체험 / 동경이수레체험 / 꽃누리미체험
※ 자세한 사항은 홈페이지 참조
체험가능 연령 전 연령
입장료 [식물원 (개인)]
- 경주시민 2,000원
- 어른 (만 19세~64세) 5,000원
- 청소년 (중고생) / 군경 (제복착용자) 4,000원
- 어린이 (초등학생) 3,000원

[식물원 (단체 30명 이상)]
- 경주시민 2,000원
- 어른 (만 19세~64세) 4,000원
- 청소년 (중고생) / 군경 (제복착용자) 3,000원
- 어린이 (초등학생) 2,000원

[버드파크 (개인)]
- 경주시민 13,000원
- 대인 (중고생 이상~성인) 20,000원
- 소인 (24개월 이상~초등학생) 15,000원
- 유아 (24개월 미만) 무료
- 경로 (만 65세 이상) / 장애인 / 국가유공자 15,000원

[버드파크 (단체)]
- 경주시민 10,000원
- 대인 (중고생 이상~성인) 15,000원
- 소인 (24개월 이상~초등학생) 10,000원
- 유아 (24개월 미만) 10,000원
- 경로 (만 65세 이상) / 장애인 / 국가유공자 10,000원
접근로 출입구까지 경사로가 설치되어 있음
출입통로 주출입구는 경사로가 있어 휠체어 접근 가능함
장애인 주차 안내 장애인 주차장 있음_무장애 편의시설
화장실 장애인 화장실 있음
엘리베이터 엘리베이터 있음(버드파크)
점자 블록 점자블록 있음_시각장애인 편의시설
유모차 대여가능(매표소)
수유실 수유실 있음
휠체어 대여가능(매표소)
안내 요원 전시해설자 있음(예약)
지체장애 기타 상세 의무실, 의자식테이블 있음(식음업장)
닫기","
배경의 댓글은 현재 가볼래-터 3월호 미션을 완료한 댓글입니다.
신고하기
오랫만에 갔더니 더 좋아졌더라구요. 식물원 이렇게 좋아도 되는 건가요?^^ 숨바꼭질 식물원도 있는데 진짜 아장아장 애기들 신날것 같아요. 산책길도 좋고 쏘핀 봄 나들이 재방문 저장해 뒀어요
박*진 2025. 3. 6.
00
동궁원이 우리나라 최초의 동식물원인 동궁과월지를 재현한곳이죠.. 신기하고 멋진곳이에요 겨울철에가니 따뜻하니 넘 좋았어요. 잘 관리된 식물들과 버드파크의 예쁜새들 보면서 힐링했답니다. 예전에 음악분수도 보고 했었는데 봄쯤 벚꽃도보고 한번쯤 더 가보고싶은 곳입니다.
이*영 2025. 2. 11.
00
신고하기
가족여행으로 다녀왔던 경주 동궁원. 동궁식물원과 농업체험공간까지 너무나 즐거운 여행이었습니다. 좋은 기억으로 남아있습니다.
l****o 2025. 2. 3.
00
신고하기
3대 가족이 모두 즐거웠던 동궁원~ 평소에 가까이서 볼 수 없었던 예쁘고 다양한 새들을 손 위에 올려 두고 신기해 하던 두 아들 녀석들과 아이보다 더 신나하시던 할머니까지 온가족이 행복했던 경주동궁원이었습니다.
여**자 2025. 1. 18.
00
신고하기
실내 온실에서 한바퀴 돌면서 여러가지새들을 볼수 있고 입장전에 모이를 사가면 모이주기체험도 할 수 있어요.새가 내 손에 와서 앉아서 모이를 먹고가는 즐거운 시간이 되어 좋았습니다.
양*영 2024. 12. 19.
00
신고하기
숙소 체크아웃하면서 비는 시간에 들렀는데 따뜻하고 다양한 식물들이 있어서 좋았습니다. 꼬맹들과 부모님과 같이 이건 뭐다 저건 뭐다 얘기하면서 공부도 되고 재미있었어요.
김**씨 2024. 12. 18.
00
신고하기
가족여행의 무난함을 즐길 수 있는 곳이 경주 동공원이에요. 성별,나이 불문 모두들 함께 체험할 수 있어서 추천해요. 스탬프투어를 하며 식물 구경도 하고 학습할 수 있어서 좋아요! :)
동* 2024. 11. 1.
00
신고하기
댓글 더보기","경상북도 경주시 보문로 74-14","2025-03-18 16:41:49",35.84951,129.261514
187,187,"삼신할미약수터> 여행지 :대한민국 구석구석","부아산으로 오르는 입구에 삼신할머니 약수터를 알리는 여장군 장승과 아기를 안고 있는 할머니 조형물이 있어 시선을 사로잡는다. 삼신할머니 약수터다. 할머니가 아기를 안고 의자에 앉아 있는 모습이 사실적으로 묘사된 이 조형물은 차도 바로 옆에 있기 때문에 발견하기 쉽다. 삼신할머니는 원래 아기와 관련이 있는 민속신앙에서 유래된 집안의 신이다. 옥황상제의 명을 받아 아이의 출산과 수명과 질병을 관장하는 신으로 예로부터 출산을 하면 가장 먼저 삼신할머니께 감사의 미역국을 끓여 올리는 풍속이 있었다. 대이작도에서 만나는 삼신할머니는 병을 고치고 소원을 이루어주는 정한수와 아기를 점지하고 보고해 주는 생명수인 약수를 내려주는 존재다. 관광객들은 부아산으로 오르기 전이나 산행 후에 이 약수를 마신다. 부아산의 정기를 받은 물이자 삼신할머니의 축복을 받은 물이라서 그런지 물맛이 다르게 느껴진다.
내용 닫기","문의 및 안내 032-899-2114
홈페이지 https://www.ongjin.go.k
주소 인천광역시 옹진군 자월면 이작리 산209
이용시간 상시 개방
휴일 연중무휴
주차 불가능
입장료 무료","등록된 댓글이 없습니다.
","인천광역시 옹진군 자월면 이작리 산209","2025-03-18 16:41:52",37.175112,126.259396
188,188,"벨팡> 여행지 :대한민국 구석구석","벨팡은 인천광역시 강화군에 자리한 빵집으로 강화도 오일장이 열리는 온수 사거리 부근에 있다. 벨팡은 구례·음성 호밀, 진주 앉은뱅이 밀, 구례·금강 밀 등 우리 밀을 사용해 독일식 천연 발효 빵을 만든다. 크루아상, 바게트, 뺑 오 쇼콜라와 같은 친숙한 빵부터 비건 식빵, 라우겐슈탕에와 같이 생소한 빵까지 다양한 빵을 만날 수 있다. 또한 이곳은 따로 주문을 받고 택배로 판매하는데, 홈페이지를 통해 방법을 확인할 수 있다.
내용 더보기","문의 및 안내 070-7756-2722
홈페이지 http://www.instagram.com/bakery.belpan
주소 인천광역시 강화군 길상면 온수길 32
영업시간 11:00~18:00
휴일 매주 수요일, 목요일
주차 가능
요금 (무료)
대표메뉴 호밀빵
취급메뉴 크루아상 등","등록된 댓글이 없습니다.
","인천광역시 강화군 길상면 온수길 32","2025-03-18 16:41:56",37.63947,126.491237
189,189,"한마당> 여행지 :대한민국 구석구석","한식 코스요리 전문점인 한마당에서는 세 가지 육수로 만든 효종갱을 단품 메뉴로 판매 중이다. 오랜 시간 푹 끓여 부드러워진 갈빗살과 담백하면서 구수한 맛이 일품이다. 덕분에 많이 먹어도 속이 편안하다. 효종갱[曉鍾羹]은 송이, 표고, 소갈비, 해삼, 전복, 배추 속대, 콩나물을 넣고 온종일 푹 고아 낸 전통 음식이다. ‘새벽종이 울릴 때 먹는 국’이라는 이름에서 알 수 있듯, 조선 초·중기에 해장국으로 널리 사랑받았다. 독특한 건 효종갱이 조선시대를 대표하는 배달음식이라는 점이다. 최영년의 시집 <해동죽지>에는 남한산성 일대의 효종갱이 유명했으며, 통행금지 해제를 알리는 새벽종이 울리면 밤새 끓인 국을 항아리에 넣어 사대문 안으로 배달했다는 내용이 적혀 있다. 재료가 호화로운 데다 배달료까지 따로 지불했다고 생각하면 사대부가 즐겼던 고가의 보양식이었음을 짐작할 수 있다.
내용 더보기","문의 및 안내 031-743-6602
주소 경기도 광주시 남한산성면 남한산성로792번길 17-1
영업시간 [목요일~일요일]
- 12:00~ 20:00
- 마지막 주문 18:30
※ 100% 예약제로 운영
휴일 매주 월요일 / 화요일
주차 가능 (무료)
대표메뉴 먹을 마 정식
취급메뉴 우아할 한정식 / 점심연잎특선 / 한마당정식 등","
신고하기
방문자 후기
S**A 2024. 5. 23.
00","경기도 광주시 남한산성면 남한산성로792번길 17-1","2025-03-18 16:42:02",37.477277,127.182091
190,190,"청송통닭> 여행지 :대한민국 구석구석","청송통닭은 청주시에 위치한 유명한 치킨 전문점이다. 이곳은 신선한 재료와 비법 양념으로 만든 바삭한 통닭이 특징이다. 매일 직접 손질한 닭고기를 사용하여, 고객에게 최상의 맛을 제공하는 데 집중하고 있다. 청송통닭의 대표 메뉴는 바삭한 튀김옷과 육즙 가득한 닭고기가 조화를 이루는 통닭이다. 또한, 다양한 사이드 메뉴와 함께 제공되어 더욱 풍성한 식사를 즐길 수 있다. 아늑한 분위기의 매장에서는 가족, 친구와 함께 편안하게 식사할 수 있는 공간이 마련되어 있다. 청송통닭은 맛과 품질을 중시하는 고객들에게 사랑받는 곳이다.
내용 닫기","문의 및 안내 043-255-6535
주소 충청북도 청주시 상당구 남사로 116
영업시간 10:00~21:00
휴일 연중무휴
주차 가능 (중앙유료주차장)
요금 (1시간 무료)
대표메뉴 통닭
취급메뉴 삼계탕","등록된 댓글이 없습니다.
","충청북도 청주시 상당구 남사로 116","2025-03-18 16:42:05",36.631846,127.487825
191,191,"한지가헌> 여행지 | 반려동물 동반여행:대한민국 구석구석","‘한지의 집’이라는 의미를 담은 한지가헌(Hanji House, 韓紙家軒)은 (재)한국공예·디자인 문화진흥원이 운영하는 공간으로 전통 유산인 한지의 우수성을 널리 알리고 쓰임을 확대하기 위하여 설립되었다.
1층은 한지의 새로운 쓰임새를 발견하고 제안하는 전시관(한지마루)으로 구성되어 있으며, 지하 1층은 소통공간으로 전국 18개 전통 한지 공방들과 전통 종이에 대한 정보를 전문적으로 구성한 한지자료저장소를 비롯하여, 한지배움터, 한지사진관으로 구성되어 운영된다.
내용 닫기","문의 및 안내 02-741-6600
홈페이지 공식 홈페이지 https://www.kcdf.or.kr/hanji/
공식 인스타그램 https://www.instagram.com/hanji.HOUSE
주소 서울특별시 종로구 북촌로 31-9 (재동)
이용시간 10:00~19:00
※ 단, 매월 마지막 주 수요일 ‘문화가 있는 날’ 10:00~21:00까지 운영
휴일 매주 월요일 / 설·추석 당일 / 법정공휴일(일요일 제외)
주차 불가능
이용요금 [한지마루 전시] 무료
[한지사진관] 15,000원
※ 한지배움터, 한지사진관 사전 예약 필수
할인 정보 한지사진관 이용 시 한복 착용의 경우 한지사진관 10,000원(5,000원 할인)
닫기","
배경의 댓글은 현재 가볼래-터 3월호 미션을 완료한 댓글입니다.
소중하게 보존하고, 현재 시대에 맞게 사용되어야 할 한지의 미래를 보여주는 장소. 한지를 주 재료로 사용하는 작가들의 전시가 종종 열려서 안국역 근처에 갈 일이 있을때 방문하면 좋다. 개인적으로는 아트선재센터나 국립현대미술관 방문할때마다 방문하는편. 클래스에도 참석을 해보았는데 클래스가 열릴때마다 몇초만에 마감되는 등 인기가 아주 넘친다. 경쟁율이 치열한 클래스 외에 모빌만들기나 책갈피 만들기 등의 상설 프로그램이 마련되어 있을때도 있다. 가끔 휴관할때도 있으니 인스타나 공식 홈페이지를 꼼꼼하게 살펴보고 방문하면 좋을것 같다. 한지가헌의 내부 공간이 아주 아름답고 직원들의 유니폼도 공간과 잘 어울려서 전체적으로 장소의 미감이 아주 뛰어나다. 한지를 고루하게만 생각해왔다면 가볍게 방문해보라고 추천하고 싶다.
s**********m 2025. 3. 13.
00
신고하기","서울특별시 종로구 북촌로 31-9 (재동)","2025-03-18 16:42:10",37.579528,126.984381
192,192,"소이작도> 여행지 :대한민국 구석구석","임진왜란 당시 일본의 탄압을 피해 피난을 온것이 이곳인데 임진왜란이 끝난 후에도 고향을 찾지 못한 난민이 은거하여 해적활동을 하였으며 지금도 북쪽해안가 휘청골이란 골짜기에는 그당시 해적이 살던 집터와 무덤이 있다. 이 섬이 해적이 은거한 섬이라하여 대이적, 소이적으로 불리다가 지금은 대이작, 소이작이라 부르고 있다.

(출처 : 옹진군 문화관광 홈페이지)
내용 닫기","문의 및 안내 032-899-2114
홈페이지 www.ongjin.go.kr
주소 인천광역시 옹진군 자월면 이작리
이용시간 상시 개방
휴일 연중무휴
입장료 무료","
신고하기
방문자 후기
8월 금요일이라 하루 두번의 배편이 있어 짧게 트래킹 하기에 좋아요. 소이작도 손가락바위까지 데크길이 잘 되어있어 왕복 30분 걷고 사진찍고 오기에도 좋네요.
탁* 2024. 8. 29.
00","인천광역시 옹진군 자월면 이작리","2025-03-18 16:42:16",37.181544,126.23856
193,193,"농민쉐프의묵은지화련(구 웰빙촌묵은지)> 여행지 :대한민국 구석구석","매년 담그는 김장김치를 토굴 저장고에서 숙성시켜서 항상 똑같은 맛을 내는 묵은지 갈비전골, 묵은지 토종닭볶음탕 등 묵은지 음식 전문점(묵은지 제조에 대한 특허 보유)으로 자체 주차장을 갖추고 있어 개인 및 단체 예약이 가능하고 직접 담근 전통 장, 두부, 장아찌 등과 직접 재배한 농산물을 이용하여 만든 음식으로 토속적인 고향의 맛을 내는 식단을 선보이고 있다.","문의 및 안내 010-7477-3974
주소 충청북도 진천군 덕산면 이영남로 73
영업시간 10:00~21:00 (마지막 주문 20:30)
휴일 연중무휴
주차 가능
대표메뉴 묵은지 갈비전골
취급메뉴 묵은지정식 / 홍어삼합 / 산나물잡채 외","등록된 댓글이 없습니다.
","충청북도 진천군 덕산면 이영남로 73","2025-03-18 16:42:18",36.881335,127.517503
194,194,"대한민국 구석구석 - 홈",,,,,"2025-03-18 16:42:25",NULL,NULL
195,195,"자월도> 여행지 :대한민국 구석구석","‘보름달이 유난히 붉고 아름답다’ 하여 자월도라 불리게 된 곳이다. 인천항연안여객터미널에서 1시간 20분 정도 배를 타고 자월도선착장에 도착하면 붉은 초승달 같은 아치가 손님을 맞아 준다. 선착장 반대편에 있는 작은 해변의 갯바위에서 낚시를 즐길 수 있으며, 한 시간 정도 쉬엄쉬엄 걷다 보면 정상에 오를 수 있는 해발 166m의 국사봉 트래킹을 위해 등산객들이 많이 찾는다. 아카시아 숲이 우거진 장골해변은 선착장에서 도보로도 멀지 않고, 인근에 편의점이나 식당 등 편의시설도 잘 되어 있어 캠핑하기 좋다. 잔디가 섞인 모래밭을 중앙으로 앞쪽은 백사장, 뒤쪽은 솔숲이 있어 이색적인 느낌을 준다. 장골에서 25분 정도 걷다 보면 구름다리로 이어진 목섬이 모습을 드러내는데 신비로운 뷰를 가지고 있다. 큰말해변에서는 갯벌체험을 할 수 있으며 바지락과 소라, 고동 등을 캘 수 있다. 서해 섬 여행의 또 다른 묘미다.
내용 더보기","문의 및 안내 032-833-6011
홈페이지 https://www.ongjin.go.kr/open_content/tour/
주소 인천광역시 옹진군 자월면 자월리 306-10
이용시간 상시 개방
휴일 연중무휴
주차 가능
입장료 무료","
신고하기
5월의 자월도는 정말 "예쁜섬"이었어요 선착장에서 오른쪽으로 돌아 걷다가 언덕길을 가로 질러가면 목섬과 안목섬이 있는데 목섬 정상에는 정자가 있어서 쉴수도 있고 건너편 바로 아래로는 너무 예쁜 꽃들과 나무 그리고 바다가 어우러져있고. 그앞에 있는 안목섬과 이어진 다리로 가는길도 너무 예뻐서 사진도 많이 찍었어요 주민분들도 친절하셔서 길거리에 모여계시던 할아버님들이 "어서오세요~환영합니다~" 라며 먼저 인사를 해주시더라구요 자월도는 힐링 그자체였어요~~^^
k********m 2024. 11. 5.
00
삭제된 댓글입니다.
옹진군 덕적면 섬들 중 해안풍경이 가장 미려했던 곳입니다 다만 장소에 따라 뱀이 많으니 조심하세요(11월 트래킹 도중 살모사 목격!)
이*형 2023. 12. 19.
00
신고하기
인천에서 바다가 가고싶은데 서해똥물이 두렵다 싶으면 자월도 추천이요 자월도 가는 배엔 낚시꾼들도 많아요. 인천시민은 50퍼 할인도 되구요 해변도 바다도 인천같지 않은 바다에 배타고 1시간만 가면되소 너무 좋아요 딱 섬마을 느낌
찐* 2023. 7. 5.
00
신고하기","인천광역시 옹진군 자월면 자월리 306-10","2025-03-18 16:42:30",37.244272,126.318376
196,196,"토담마을> 여행지 :대한민국 구석구석","토담마을은 인천 강화군 삼산면에 위치하고 있는 한식 전문점이다. 야생화를 감상할 수 있는 초가지붕 건물로 이루어져 있어 소박하고 정겨운 분위기를 느낄 수 있다. 내부는 넓진 않지만 아늑한 분위기로 좌석이 여유롭게 배치되어 있어 편안하게 식사를 즐길 수 있다. 대표 메뉴는 밴댕이회무침정식으로 즉석솥밥, 된장찌개, 산나물반찬, 순무김치, 누룽지로 구성되어 있다. 이외에 낙지볶음정식, 꽃게탕, 해물파전, 도토리묵무침, 녹두전 등 다양한 메뉴를 맛볼 수 있다.
내용 닫기","문의 및 안내 032-932-1020
주소 인천광역시 강화군 삼산면 삼산남로 910
영업시간 - 평일 10:00~20:00
- 주말 09:00~20:00
휴일 연중무휴
주차 가능
요금 (무료)
대표메뉴 밴댕이회무침 정식
취급메뉴 낙지볶음 정식 / 꽃게탕 / 해물파전 / 도토리묵무침 등","등록된 댓글이 없습니다.
","인천광역시 강화군 삼산면 삼산남로 910","2025-03-18 16:42:35",37.688878,126.30899
197,197,"나아해변> 여행지 :대한민국 구석구석","나아 해변은 경북 경주시 양남면에 자리 잡고 있다. 해변은 몽돌과 모래가 섞여있다.
낚시를 즐기는 사람이 많다. 특히 소나무 숲에는 무료로 텐트를 설치할 수 있어 많은 사람이 캠핑을 즐긴다. 취사는 금지이지만 차크닉과 차박을 즐기기 위해 많은 이들이 찾는다. 주변에 나산들 공원, 경주 문무대왕릉이 있다.","문의 및 안내 054-779-8585
주소 경상북도 경주시 양남면 나아4길 17-1
이용시간 상시 개방
휴일 연중무휴
주차 가능
입장료 무료","등록된 댓글이 없습니다.
","경상북도 경주시 양남면 나아4길 17-1","2025-03-18 16:42:38",35.701039,129.472675
198,198,"산마루> 여행지 :대한민국 구석구석","제천시에 위치한 산마루 식당은 건강한 한식 메뉴로 유명한 곳이다. 이곳은 나물정식, 한정식, 곤드레나물 돌솥밥, 토종닭볶음, 능이 한방오리백숙 등 다양한 건강식이 가득하다. 가족 모임이나 친구들과의 식사에 적합하며, 미리 예약하면 대기 없이 편리하게 이용할 수 있다. 또한, 손맛과 정성으로 깔끔한 식사를 제공하며, 넓은 주차 공간과 편리한 교통으로 접근성이 좋다. 산마루 식당은 맛과 가격 모두 만족스러운 곳으로, 푸짐한 한 끼를 즐기기에 안성맞춤이다.
내용 닫기","문의 및 안내 043-645-9119
주소 충청북도 제천시 금성면 청풍호로 909
영업시간 11:00~19:00 (준비시간 15:00~16:00)
휴일 매주 수요일
주차 가능
대표메뉴 곤드레정식밥상
취급메뉴 떡갈비 / 영양밥정식밥상 / 영양돌솥 정식밥상 등","
방문자 후기
곤드레 돌솥밥 약초정식 맛있고 건강한 느낌이에요
l***** 2024. 3. 1.
00
신고하기","충청북도 제천시 금성면 청풍호로 909","2025-03-18 16:42:44",37.0714,128.174326
199,199,"소청도> 여행지 :대한민국 구석구석","소청도는 인천에서 서북방 210㎞거리에 위치한 대청면에 속해있는 섬으로 조선시대 명종 이전까지는 본래 소암도라 하였으나, 그 후 수목이 무성한 섬이라 해서 대청도와 함께 ‘소청도(小靑島)’로 붙여졌다. 완만한 섬의 형태가 남북으로 길게 널려 있고, 해안선을 따라 기암괴석과 바다낚시가 모두 가능한 지역으로 한적하게 여름을 나기에는 두말할 나위 없는 곳이다. 순박한 주민들의 두개마을(예동, 노화동)에 나뉘어 살고 있는 전형적인 어촌마을로서 섬 전체가 갯낚시로 우럭, 놀래미, 가자미 등의 어종이 많이 난다.
내용 더보기","문의 및 안내 소청도 안내 032-836-3301
홈페이지 http://www.ongjin.go.kr/open_content/tour/
주소 인천광역시 옹진군 대청면 소청리
휴일 연중무휴","
댓글 더보기","인천광역시 옹진군 대청면 소청리","2025-03-18 16:42:51",37.770734,124.751594
200,200,"천진암계곡> 여행지 :대한민국 구석구석","한국 천주교 발상지로 알려진 경기도 광주시 천진암 길목에 있는 계곡이다. 무릎 높이의 물이 흐르지만 곳에 따라 깊은 곳도 있으니 어린이를 동반할 경우 지도가 필요하다. 바위와 산으로 둘러싸여 있어 한여름에도 시원한 물놀이를 즐길 수 있고 계곡을 따라 음식점과 카페가 많다. 앵자산, 무갑산, 관산으로 이어지는 등산로가 있다. 주차는 관산 등산로 공용주차장(우산5교로 검색)에서 무료 주차가 가능하지만 만차일 경우 주차장 건너편 길가에 주차할 수 있다.
내용 닫기","문의 및 안내 031-762-3010
주소 경기도 광주시 퇴촌면 천진암로 1142
이용시간 상시 개방
휴일 연중무휴
주차 가능
입장료 무료","
얼마전부터 퇴촌에 빠져서 연달아서 벌써 2번이나 다녀왔는데 , 계속 흙탕물이여서 쫌 아쉬웠어요 ㅠ 대신 펜션과 근처 먹거리들이 너무 좋고, 물에 들어가지는 않아도 근처에서 물소리 듣고 보고 하는것만으로도 힐링이 되어 꼭 추천드리는 여행지에요. 서울에서 1시간거리에 완전 다른느낌 사람도 많지않아 더더더 좋았어요
히*이 2023. 8. 11.
00
신고하기","경기도 광주시 퇴촌면 천진암로 1142","2025-03-18 16:42:54",37.427561,127.370225
201,201,"중앙탑 장수네집> 여행지 :대한민국 구석구석","충주시 중앙탑면에 위치한 중앙탑 장수네집은 오리 전문점으로, 고소하고 담백한 누룽지 백숙을 맛볼 수 있는 음식점이다. 오리 누룽지 백숙은 조리에 소요되는 시간이 30~40분 이상이기 때문에 방문 하루 전 예약을 권장한다. 중앙탑 사적공원 입구 앞에 위치하고 있어 술 박물관 리쿼리움, 풍류 문화관, 충주 박물관, 탄금호 국제조정경기장 등 충주의 주요 관광지와 거리가 가까운 이점이 있어 관광객들에게 좋은 식당이다.","문의 및 안내 043-855-3456
주소 충청북도 충주시 중앙탑면 중앙탑길 112-5
영업시간 11:00~21:00
휴일 매월 둘째, 넷째 화요일
주차 가능
대표메뉴 흑미누룽지오리백숙
취급메뉴 오리누룽지백숙 / 생오리로스 / 오리 주물럭 등","등록된 댓글이 없습니다.
","충청북도 충주시 중앙탑면 중앙탑길 112-5","2025-03-18 16:43:01",37.018109,127.864893
202,202,"도선굴 > 여행지 :대한민국 구석구석","도선굴은 경상북도 구미시 금오산에 위치한 자연동굴로 도선 대사가 도를 깨우쳤다고 전해지는 장소다. 통일신라의 승려인 도선은 풍수지리설을 처음 도입한 인물로 잘 알려져 있다. 그 외에도 도선굴은 고려의 대각국사와 야은 길재 등이 찾아와 은거할 만큼 절경이지만, 오랜 세월 오르는 길이 없어 바라볼 수밖에 없었다고 한다. 결국 1937년에서야 이를 안타깝게 여긴 당시 구미 면장과 마을 사람들이 힘을 합쳐 통로를 내고 동굴 입구 벽에 기록을 남겨 두었다고 한다. 금오산 도립공원에서 출발해 50분 남짓이면 도선굴에 이를 수 있는데, 오르는 길이 매우 가파르고 미끄러워 주의가 필요하다. 도선굴에서 아래를 내려다보면 멀리 구미공단과 낙동강, 해평면 냉산이 한눈에 들어온다. 동굴에서 나와 오른쪽으로 조금만 걸어 올라가면 28m 높이의 대혜 폭포가 시원스럽게 물줄기를 쏟아낸다.
내용 더보기","문의 및 안내 금오산도립공원 054-480-4605
주소 경상북도 구미시 금오산로 434-1 (남통동)
이용시간 상시 개방
휴일 연중무휴
주차 가능
입장료 무료","등록된 댓글이 없습니다.
","경상북도 구미시 금오산로 434-1 (남통동)","2025-03-18 16:43:03",36.106204,128.298805
203,203,"선촌항> 여행지 :대한민국 구석구석","원산도 선촌항은 서해에서 바다낚시를 즐기는 관광객들이 많이 찾는 곳이다. 감성돔, 갑오징어, 넙치, 노래미, 농어 등이 많이 잡힌다. 낚시 어선을 타고 바다로 나가지 않아도 낚시를 즐기기 좋은 장소가 많으며 특히 빨간 등대가 있는 방파제 앞에서 우럭이 많이 잡힌다고 알려져 있다. 선촌항 한쪽으로 바지락 체험관도 있다. 동서로 길게 뻗은 지형이 아름답고 주변에 낚시 용품점과 음식점, 슈퍼 등이 자리해 있다.","문의 및 안내 보령시청 041-930-3114
주소 경상남도 통영시 용남면 화삼리
이용시간 상시 개방
휴일 연중무휴
주차 가능 (소형 30대)
입장료 무료","등록된 댓글이 없습니다.
","경상남도 통영시 용남면 화삼리","2025-03-18 16:43:06",34.85314,128.450338
204,204,"구미에코랜드> 여행지 | '열린 관광' 모두의 여행|안심여행 캠페인:대한민국 구석구석","구미 에코랜드 구미에코랜드는 구미시 산동면 인덕리 일원에 위치한 구미시산림문화관, 생태탐방 모노레일, 산동참생태숲, 자생식물단지, 산림복합체험단지, 어린이테마교과숲, 문수산림욕장 등의 산림문화휴양시설을 총칭한다. 날로 증가하는 여가 및 휴식 장소에 대한 열망에 부응하여 구미에코랜드는 산림휴양공간으로서 산림, 문화, 전시, 체험을 함께 다양하게 경험할 수 있는 장소이다.","문의 및 안내 054-480-5887
홈페이지 https://www.gumi.go.kr/tour
주소 경상북도 구미시 산동읍 인덕1길 195
이용시간 [산림문화관람시간]
- 09:00~18:00 (입장 마감 17:30)
[생태탐방 모노레일]
- 동절기 09:00~16:00
- 하절기 09:00~17:00
※ 모노레일은 필요 시 연장 또는 단축 운영
휴일 매주 월요일 (단, 월요일이 공휴일인 경우 그 다음날 비공휴이 휴관일) / 1월 1일 / 설·추석
주차 가능








더보기","
댓글 더보기","경상북도 구미시 산동읍 인덕1길 195","2025-03-18 16:43:17",36.177174,128.462688
205,205,"강화 사기리 탱자나무> 여행지 :대한민국 구석구석","탱자나무는 주로 영·호남지방에 분포하며 일본과 중국에서도 자란다. 우리나라와 일본의 나무는 중국에서 전래된 것으로 추측되고 있다. 열매와 껍질은 약재로 사용되며 줄기에 가시가 나 있어 과수원 울타리용으로 적합하다. 강화 사기리 탱자나무의 나이는 약 400살 정도로 추정되며, 나무 높이는 4.7m, 뿌리목 부분 둘레 2.2m이다. 강화도는 고려 고종(재위 1213∼1259)이 몽고의 침입을 피해 있었던 곳이며, 조선 인조(재위 1623∼1649)도 정묘호란(1627) 때 난을 피했던 장소이다. 이때 외적을 막는 수단으로 강화도에 성을 쌓고, 성 바깥쪽에 탱자나무를 심어서 외적이 쉽게 접근하지 못하도록 했다고 한다. 이 탱자나무는 그때 심은 것이 살아남은 것으로 추측된다. 강화 사기리 탱자나무는 우리 조상들이 외적의 침입에 대비하여 심은 국토방위의 유물로서 역사성을 지니고 있으며, 탱자나무가 자랄 수 있는 가장 북쪽 한계선인 강화도에 자리하고 있어 천연기념물로 지정·보호하고 있다.

(출처 : 국가유산청)
내용 더보기","문의 및 안내 032-832-3031
홈페이지 https://www.khs.go.kr/main.html
주소 인천광역시 강화군 화도면 해안남로1114번길 6
이용시간 상시 개방
휴일 연중무휴
주차 가능
요금 (무료)
지정현황 천연기념물 강화 사기리 탱자나무 (1962.12.07 지정)
입장료 무료","등록된 댓글이 없습니다.
","인천광역시 강화군 화도면 해안남로1114번길 6","2025-03-18 16:43:25",37.616181,126.456791
206,206,"신시모도 (신도ㆍ시도ㆍ모도)> 여행지 | 안심여행 캠페인:대한민국 구석구석","신도, 시도, 모도는 연도교로 이어져 신·시·모도 삼형제 섬이라고도 불리며, 세 개의 섬을 한 번에 둘러볼 수 있는 색다른 묘미가 있다. 특히, 섬과 섬 사이를 달리는 자전거 여행이 인기를 끌고 있으며, 구봉산, 해당화둘레길, 수기해변, 배미꾸미조각공원 등 각양각색의 매력을 지닌 관광지에서 가족, 연인과 다양한 추억을 만들 수 있다.

신도는 섬 주민들의 착하고 신의가 있다는 뜻에서 유래된 섬으로 구봉산이 유명하다. 임도를 따라 등산로가 완만하게 잘 정비되어 있으며 진달래와 벚꽃이 즐비하다. 또한, 구봉정에서는 서해의 풍광이 한눈에 들어오며, 인천공항과 인천 도시의 야경은 특히 아름답다.

시도는 산과 바다가 조화롭게 빚어내는 아름다운 경치 때문에 풀하우스, 슬픈연가 등 인기 드라마의 배경이 되었다. 수기해변은 완만하고 넓은 백사장으로 마니산이 지척으로 보이며, 방죽길을 따라 펼쳐진 해당화가 일품이다. 시도는 마니산에서 활을 쏠 때, 그 목표지점이어서 ‘살섬’이라 불렀다는 이야기가 있다. 시도와 모도 연도교를 지나 해당화 길을 따라가면 모도의 배미꾸미해변이 나온다. 조각가 이일호의 조각 작품과 바다가 만들어내는 신비로운 분위기 때문에 연인들이 많이 찾는다.

모도는 그물에 고기는 올라오지 않고 띠(茅)만 걸린다고 해서 한글로 ‘띠염’이라 부르던 이름이 한자로 바뀌었다고 한다.
내용 더보기","문의 및 안내 인천종합 관광안내소 032-832-3031
홈페이지 https://www.ongjin.go.kr
주소 인천광역시 옹진군 북도면 신도리, 시도리, 모도리
이용시간 상시 개방
휴일 연중무휴
주차 가능
지정현황 대한민국 해안누리길 53번 (한국해양재단, 해양수산부 지정)
체험가능 연령 전연령
입장료 무료","
전동바이크 3시간 대여하면 놀기 딱 좋아요. 주말인데도 차가 없어서 바이크 운전하기 어렵지 않네요. 주요 해수욕장으로는 시도의 수기해수욕장, 모도의 배미꾸미 해수욕장이 있는데 입장료를 내더라도 꼭 모도의 배미꾸미 가보시길 바랍니다~노을질 때 특히 멋져요. 곧 신도와 영종도 다리가 놓아지는데 지금가야 더 한적한 풍경을 잘 즐길 수 있겠습니다.
무*링 2024. 9. 22.
00
신고하기
수도권에서 멀지 않아서 좋고, 배타는 시간이 길지 않아 좋고, 한적하지만 있을거 다있는 멋진 곳이에요 바이크 빌려 다니면 더 편하고 시원하게 다니실 수 있을거예요
뉴**냐 2024. 9. 19.
00
신고하기
인천사람에게도 당일치기로 여행기분 낼 수있는 곳, 차 이동량이 많지 않아 자전거나 스쿠터 타기에도 좋음
잉* 2024. 8. 20.
00
신고하기
색다른 매력의 사이좋은 삼형제섬으로 자전거 여행이 인기를 끌고 있으며, 구봉산, 해당화둘레길, 수기해변, 배미꾸미조각공원 등 각양각색의 매력을 지닌 관광지에서 가족, 연인과 다양한 추억을 만들 수 있어서 정말 좋아요 추천합니다.
정* 2024. 6. 18.
00
신고하기
5월 평일에 방문했는데 한적하고 여유로왔다. 시도 수기해변이 잘 꾸며져있었고 바로 옆 산책로를 따라 전망대에 오르면 강화도가 손에 잡힐 듯 보인다.
여*****이 2024. 6. 3.
00
신고하기
댓글 더보기","인천광역시 옹진군 북도면 신도리, 시도리, 모도리","2025-03-18 16:43:29",NULL,NULL
207,207,"삼성식당> 여행지 | '열린 관광' 모두의 여행:대한민국 구석구석","삼성식당은 충남 서천군 판교면에 위치하여 1979년 개업이래 50년 가까이 꾸준히 사랑받고 있는 지역 대표 맛집이다. 대표메뉴는 물냉면과 비빔냉면이 있다. 오랜 시간 정성 들여 끓여낸 진한 사골에 비법양념을 추가하여 만든 육수와 명품 고추장에 과일 등 많은 재료를 넣어 숙성된 비빔장과 직접 담근 무김치가 이 집의 비법이다. 좌석수는 110석으로 이루어져 있으며 대기를 하게 될 경우 매장 회전율이 높아 금방 식사가 가능하다.
내용 더보기","문의 및 안내 041-951-5578
주소 충청남도 서천군 판교면 종판로 882-2
영업시간 11:00~17:00 (마지막 주문 16:30)
※ 날씨에 따라 영업시간 변동 되므로 전화 문의 후 방문
휴일 매주 월요일 / 동절기(12월~2월)
주차 가능
요금 (무료)
대표메뉴 물냉면
취급메뉴 비빔냉면 / 왕만두
출입통로 문의 형태 : 여닫이문
출입통로가 넓어 휠체어, 전동 스쿠터 진입 쉬움.
접근로 테이블 간격이 넓어 휠체어, 전동 스쿠터 사용자 이용 쉬움.
내부 턱 있음.
지체장애 기타 상세 의자식 테이블 있음_무장애 편의시설
장애인 주차 안내 식당 부지 내 주차장 없음.
식당 근처 무료 주차장 이용(충청남도 서천군 판교면 현암리 224-2)
장애인 전용 주차구역 없음.
식당까지의 거리 : 약 80m
대중 교통 대중교통 이용가능 : 현암리 정류장
저상버스 없음.
닫기","등록된 댓글이 없습니다.
","충청남도 서천군 판교면 종판로 882-2","2025-03-18 16:43:33",36.15417,126.688247
208,208,"송호리송림> 여행지 :대한민국 구석구석","충청북도 영동군 양산면 송호리에 있는 소나무 숲으로, 100년이 넘은 소나무 1만여 그루가 심어져 있다. 숲을 포함하여 이 일대 28만㎡는 송호국민관광지로 지정되어 있어 많은 여행객들이 찾는 곳이다. 송호리 송림은 ‘양산팔경의 중심’으로 불리며 양산 8경 중 3곳이 송림 근처에 위치해 있다. 송림 옆으로는 금강의 상류인 양강이 흐르고 있어 풍광이 빼어나다. 산책로가 잘 조성돼 있고 중간중간 쉬어갈 수 있는 편의 시설이 갖추어져 있다.
내용 더보기","문의 및 안내 송호관광지 관리사무소 043-740-3228
홈페이지 https://www.yd21.go.kr/
주소 충청북도 영동군 양산면 송호리 일대
이용시간 상시 개방
휴일 연중무휴
주차 가능
입장료 무료","
댓글 더보기","충청북도 영동군 양산면 송호리 일대","2025-03-18 16:43:36",NULL,NULL
209,209,"토가> 여행지 :대한민국 구석구석","토가는 인천광역시 강화군 화도면에 위치한 음식점으로 강화 콩으로 직접 두부를 만드는 손두부 전문점이다. 흙집이란 뜻을 가지고 있는 토가는 토속적인 인테리어를 볼 수 있고, 좌석이 여유롭게 배치되어 있다. 메뉴는 순두부찌개, 두부돼지고기전골, 두부김치 등 두부 메뉴가 메인이고, 진하고 깊은 맛을 내는 두부요리가 일품이다. 이외에 상합칼국수, 메밀전병, 부추전, 돼지고기볶음 등 다양한 메뉴를 취급한다.","문의 및 안내 032-937-4482
주소 인천광역시 강화군 화도면 해안남로 1912
영업시간 - 09:30~19:00
- 준비 시간 16:00~17:00)
- 마지막 주문 18:55
휴일 매주 수요일
주차 가능
요금 (무료)
대표메뉴 순두부새우젓찌개
취급메뉴 손순두부 / 두부김치 / 두부돼지고기전골 등","등록된 댓글이 없습니다.
","인천광역시 강화군 화도면 해안남로 1912","2025-03-18 16:43:38",37.608498,126.41752
210,210,"제천향교> 여행지 :대한민국 구석구석","제천향교는 고려 공양왕 1년(1389)에 지어진 교육기관이다. 원래 마산 서쪽에 있던 것을 선조 23년(1590)에 지금의 자리로 옮겼으나 임진왜란으로 인해 쇠퇴하였다. 고려 공양왕 1년(1389)에 지어진 제천향교는 원래 마산 서쪽에 있던 것을 선조 23년(1590)에 지금의 자리로 옮겼으나 임진왜란으로 인해 쇠퇴하였다. 그 뒤 순종 융희 1년(1907)에 대성전과 명륜당이 불에 타 없어졌고, 1922년에 대성전을 다시 지었다. 현재 남아있는 건물은 대성전, 명륜당, 동재, 서재 등이 있고, 그 밖에 부속건물이 있다.
대성전은 공자를 비롯하여 여러 성현들의 위패를 모시고, 제사를 지내던 곳으로 제사 공간을 형성하는데 중심이 된다. 명륜당은 학생들이 공부하던 곳으로 배움의 공간을 이루며, 그 앞에 학생들이 거처인 동재, 서재가 있다.
갑오개혁(1894) 이후에는 교육적 기능은 없어지고 봄과 가을 2차례에 걸쳐 제사만 지내고 있다.
내용 닫기","문의 및 안내 043-647-4101
홈페이지 https://www.heritage.go.kr
주소 충청북도 제천시 칠성로 117
이용시간 상시 개방
휴일 연중무휴
주차 불가능
지정현황 충청북도 유형문화유산 제천향교 (1981.12.26. 지정)
입장료 무료","
신고하기
민화마을에 있어요. 외곽만 둘러봤지만 향교의 크기를 보니 제천이 예전에 크고 중요한 지역이었다는 걸 알게 되었네요
박*화 2022. 4. 19.
00","충청북도 제천시 칠성로 117","2025-03-18 16:43:42",37.141834,128.217357
211,211,"금관총> 여행지 | '열린 관광' 모두의 여행:대한민국 구석구석","신라의 금관이 출토되어 붙은 이름이다. 1921년 9월 가옥공사 중 우연히 발견된 것인데, 이미 파괴된 고분인 데다 정식으로 발굴조사된 것이 아니어서 묘의 구조나 유물의 정확한 상황은 밝혀지지 않았다. 출토물은 금관을 비롯하여 장신구·무구(武具)·용기 등이며, 특히 구슬 종류만 총 3만 개가 넘게 나왔다. 금관총의 원형은 지름이 50m, 높이 13m 정도이고, 신라 때만 있었던 돌무지무덤[積石塚]으로 알려져 있으며, 그 속에 덧널[木槨]을 마련하여 옻칠한 널 [木棺]이 있었던 것으로 추측한다. 이러한 구조와 불교의 영향이 있는 점으로 미루어 보아 통일 신라 이전인 지증왕(智證王) 전후의 6세기에 만들어진 왕릉으로 추정된다.
내용 더보기","문의 및 안내 054-772-3632
홈페이지 http://www.gyeongju.go.kr/tour
주소 경상북도 경주시 노서동
이용시간 09:00~18:00 (입장 마감 17:30)
입장료 [개인]
- 어른 3,000원
- 청소년·군인 2,000원
- 어린이 1,500원
[단체]
- 어른 2,000원
- 청소년·군인 1,500원
- 어린이 1,000원
장애인 주차 안내 장애인 주차장 있음
점자 블록 점자블록 있음
안내 요원 안내 요원 있음
유도안내 설비 촉지도식 점자 안내판 있음
매표소 매표소 있음 (상판 높이 90cm 이하 / 깊이 45cm 이상)
더보기","등록된 댓글이 없습니다.
","경상북도 경주시 노서동","2025-03-18 16:43:45",35.842043,129.206257
212,212,"정충묘> 여행지 :대한민국 구석구석","경기도 광주시 초월읍에 있는 정충묘는 1636년 병자호란 때 쌍령리 전투에서 분투하다 전사한 장군 다섯 분을 모신 사당이다. 당시 남한산성으로 피신한 인조를 구하기 위해 북상하던 영남의 근왕병들은 이곳에서 청나라 군사들에게 선제공격을 당하였고 수많은 장병과 함께 전사하였다 한다. 사당 안에 봉안된 신위는 4위로, 경상좌도 병마절도사 [許完], 경상우도 병마절도사 [閔栐], 안동영장 [宣世綱], 죽산산성 성주 [李義培] 등이다. 현재 매년 음력 정월을 기하여 광주문화원 주관으로 제향을 올리고 있다.

(출처 : 광주시 문화관광 홈페이지)
내용 닫기","문의 및 안내 031-760-4822
홈페이지 https://www.gjcity.go.kr/tour/
주소 경기도 광주시 초월읍 무들로 84-7
이용시간 상시 개방
휴일 연중무휴
주차 불가능","등록된 댓글이 없습니다.
","경기도 광주시 초월읍 무들로 84-7","2025-03-18 16:43:48",37.386214,127.297546
213,213,"굴업도> 여행지 | 반려동물 동반여행:대한민국 구석구석","굴업도는 한국의 갈라파고스로 불리며, 떼묻지 않은 신비한 섬이다. 한국인이 꼭 한번은 가봐야 여행지로 격찬을 아끼지 않은 수식어가 딸린 곳으로 매우 아름다운 섬이다. 관광지로는 굴업해변과 선착장이 있으며 인구가 많지 않아서 편의시설이 사실상 거의 없다. 섬 대부분이 산지로 둘러싸여있어서 자연적인 분위기가 강하여 인공적인 시설은 드물거나 없는 편이다. 하지만 덕분에 천혜의 수려한 자연환경이 고스란히 남아있고, 불빛이 적어 여름밤에는 은하수를 고스란히 감상할 수 있어 개머리 언덕을 중심으로 캠핑족들의 발길이 끊이지 않고 있는 곳이다.
전체 주민이 20명이 채 되지 않는 작은 섬으로 주요 관광지로는 덕물산, 연평산, 개머리언덕, 토끼섬, 코끼리바위 등이 유명하며 굴업해수욕장과 목기미해수욕장 2개의 해수욕장을 가지고 있다. 자연 그대로의 넓은 목초지대, 다채로운 해안선, 산 위에서 바라보는 섬과 바다의 풍경 등이 아름답기 때문에 사진작가나 백패커(배낭여행족)에게 큰 인기를 끌고 있는 곳이다. 하늘과 바다와 초원을 한번에 감상할 수 있는 굴업도는 한국의 갈라파고스라는 수식어가 부족하게 느껴질 정도로 멋진 풍경을 자랑한다.
내용 닫기","문의 및 안내 032-899-3710
홈페이지 http://www.ongjin.go.kr
주소 인천광역시 옹진군 덕적면 굴업리
이용시간 상시 개방","
백패킹의 성지 굴업도! 배시간때문에 하루를 온전히 투자해야 갈 수 있다는 점이 조금 아쉽지만 또 이러니 섬을 구석구석 탐험할 수 있어 좋더라구요. 만조때 가야 풍경이 아름다워요 ㅎㅎ
이*형 2023. 11. 17.
00
신고하기
신고하기
굴업도 연평산! 말로 표현이 안되는 자연이 만들어낸 아름다운 절경 가슴이 탁 트인다 트여! 올라가는길이 험하지만 그 과정을 거치고나면 아름다운 모습들이 펼쳐지는 곳! 백패킹의 성지로 개머리언덕도 함께 가는걸 추천
문*혜 2023. 8. 2.
00
신고하기
백패킹으로 꼭 죽기전에 한번 가보고싶은 곳이었어요 생각보다 가는길이 꽤 험해서 이래저래 고생두 하구 마침 간날에 갑자기 밤이 되니 미친듯한 돌풍이 불어 텐트도 부서지고 밤새 부서진 텐트 붙들고 비맞으며 잤지만 ㅎㅎ절대 후회 안합니다 보물같은 섬이에요!
Y* 2021. 11. 18.
01
이장님댁에서 민박하고 밥도 먹고 섬 일주 트래킹도 하구 너무 좋은 섬이예요 사람들이 많이 찾지않아서 한적하고 깨끗한 섬이예요
서*수 2021. 9. 2.
01
신고하기","인천광역시 옹진군 덕적면 굴업리","2025-03-18 16:43:52",37.193247,125.974571
214,214,"용추폭포 유리전망대> 여행지 | '열린 관광' 모두의 여행:대한민국 구석구석","용추폭포 위에 설치한 유리전망대는 인도교로 바닥 부분에 투명 유리와 불투명 유리가 섞여 있는데, 철제 기둥에 설치된 센서를 지나면 불투명 유리가 투명 유리로 바뀌어 폭포가 내려다보인다. 발아래 쏟아지는 시원한 물을 지켜보며 걸을 수 있어 마치 폭포 위를 산책하는 듯한 아찔함과 시원스레 쏟아지는 물을 바라보며 스트레스를 해소할 수 있는 곳이다. 폭포는 아래에서 바라보는 경우가 일반적이라, 발아래 떨어지는 물줄기를 보는 느낌이 색다르다.
내용 더보기","문의 및 안내 043-6517-1011
주소 충청북도 제천시 의림대로 497-39 (모산동)
이용시간 [용추폭포 유리전망대]
- 상시 개방
[분수]
- 10:00~21:00
휴일 [용추폭포 유리전망대]
- 연중무휴
[분수]
- 매주 월요일 / 동절기(11월~2월)
주차 가능
입장료 무료
접근로 폭이 넓어 휠체어, 전동 스쿠터 사용자 이용 쉬움.
내부 턱 없음.
출입통로 출입통로 형태 : 상시 개방형
출입통로가 넓어 휠체어, 전동 스쿠터 사용자 진입 쉬움.
장애인 주차 안내 장애인 전용 주차구역 주차 대수 : 14대(의림지수리공원주차장)
주변 휠체어 이용자 등이 이용할 수 있는 여유공간 있음.
전망대까지의 거리 : 약 200m
화장실 장애인 화장실 위치: 의림지 관광안내소 옆쪽
휠체어 위치 : 의림지 관광안내소.
1대 대여 가능.
안내 요원 의림지 관광안내소 상주
대중 교통 대중교통 이용 가능 : 안모산 정류장
저상버스 없음.
닫기","
방문자 후기
좋아요
홍*선 2024. 12. 26.
00
신고하기
신고하기
친구들과 제천여행을 준비하면서 제일 기대했던 용추폭포 유리전망대를 방문하였다. 주말이라 차도많고 사람도 많았지만 친구들과 즐거운 시간을 보냈다.
별* 2024. 11. 1.
00
고향이라 얼마전에 방문했어요~~공기좋고 쉬었다가기 좋은곳입니다. 아주 크지는 않지만 폭포를 보면서 한 번 건너보세요~시원해집니다^^
행***다 2023. 10. 5.
00
신고하기
신기하네요 투명유리로 바뀌는 ㅎㅎ
s*o 2021. 12. 27.
01
신고하기","충청북도 제천시 의림대로 497-39 (모산동)","2025-03-18 16:43:56",37.170014,128.207582
215,215,"팜 시티> 여행지 :대한민국 구석구석","본사 사옥이 위치한 장소는 옛 경희궁 터이다. 이러한 역사적 사실을 배경으로 옛 궁궐의 모습을 현대적으로 재해석하여 지어진 건축물이며, 본 건물의 정체성은 예 궁궐의 향수에 대한 재해석에서 시작되었고 층별로 색다른 공간을 연출하였다.
1층의 팜시티는 디지털 요소를 가장 많이 담은 공간이며 기존에 없는 새로운 형식의 매장으로 어른들의 디지털 놀이 공간을 만들고자 했다. 어린 시절 즐겨하던 다양한 게임을 즐기며 포토 스폿, 게임 토너먼트 등으로 건전한 놀이 문화를 만들어 가고자 한다.
내용 닫기","문의 및 안내 0507-1336-5170
주소 서울특별시 종로구 경희궁3길 3-5 (신문로2가)
이용시간 - 월요일~목요일 12:00~20:30
- 금요일~토요일 12:00~21:30
- 일요일 12:00~20:30
휴일 연중무휴
주차 가능 (약 15대)
주차 요금 식음료 구매 시 1시간 무료 / 이후 10분당 1,000원
이용요금 무료
※ 단, 식음료 구매 별도
체험프로그램 걱정교환소 / 팩맨","등록된 댓글이 없습니다.
","서울특별시 종로구 경희궁3길 3-5 (신문로2가)","2025-03-18 16:44:01",37.572945,126.968083
216,216,"고령 대가야유적지> 여행지 | '열린 관광' 모두의 여행:대한민국 구석구석","고령 대가야유적지는 520년 동안(A.D.42 - 562) 번영하였던 대가야국의 도읍 고령에 있는 유적지들을 말한다. 최근 대가야 문화에 대한 연구가 활발해지고, 문화답사에 대한 일반인들의 관심이 고조되고 있다. 한반도의 문화와 역사를 바로 알기 위해서 고대 문화의 흔적을 살펴볼 만한 곳이다. 국내답사가들 외에 일본인이 많이 드나드는 곳이기도 하다.이 유적지에는 200여기의 고분이 밀집되어 있는 지산동고분군과 대가야시대의 대표적인 산성인 주산성, 대가야시대의 유일한 벽화인 고아동벽화고분 등 다양한 가야시대의 문화를 접할 수 있다.

* 알아두면 좋은 유적지내 문화 유적 *
1. 지산동고분군
고령읍 뒤편 주산의 주능선상에 축조된 대형 고분과 동남쪽 사면에 축조된 200여기의 고분을 말한다. 1977년부터 발굴한 32-35호 고분에서는 철제 투구, 갑옷, 금동관 등이 출토되어 지배계급의 무덤으로 밝혀졌고, 44-45호 고분은 고대 사회의 순장 제도를 보여주는 귀중한 유적지로 평가되고 있다. 사적으로 지정되어 있으며, 문화재 보존과 방문자에 대한 공개를 위해 현재 대가야왕릉전시관이 2000. 9.18 개관 운영하고 있다.

2. 주산성
주산에 있는 산성으로 내성과 외성으로 이중의 성을 이루고 있으며, 총 길이가 1,351m로 동쪽 구릉에 석축으로 견고히 쌓은 산성이 아직 남아 있다. 대가야시대의 대표적인 산성으로 추측되고 있고, 사적으로 지정되어 있다.

3. 고아동벽화고분
1963년 무덤에서 그림이 발견되어 조사됨으로써 세상에 알려졌다. 대가야 시대의 유일한 벽화고분으로 사적으로 지정되어 있다. 외형 직경은 동서로 약25m, 남북으로 20m, 높이 6.9m이다. 벽화는 벽과 천장에 회미장을 하여 그린 것이고, 천장의 판석 위에 분홍, 녹, 흑, 갈색으로 채색하여 그린 연화문(연꽃무늬)이 이채롭다. 고분은 고령읍 고아리에 소재하고 있으나, 보존을 위해 내부관람은 허용되지 않고, 실제와 같은 크기의 모사도가 고령군청에 전시되고 있다.

4. 대가야박물관
대가야왕릉이 모여있는 주산 기슭에 자리잡고 있는 대가야박물관은 대가야왕릉전시관과 함께 국내 유일의 대가야전문박물관이다. 2000년 9월에 개관한 대가야왕릉전시관은 국내에서 최초로 확인된 대규모 순장무덤인 지산리 44호분 전문전시관이다. 지산리 44호분의 내부를 원래의 모습대로 재현해 놓아 관람객들이 실물크기로 복원된 44호분 속으로 들어 가, 무덤의 구조와 축조방식, 주인공과 순장자들의 매장무습, 부장품의 종류와 성격 등을 직접 볼 수 있게 꾸며져 있다. 2005년 4월 개관한 대가야박물관은 대가야의 역사와 문화를 중심으로 구석기시대부터 근대에 이르는 고령지역의 역사와 문화를 종합적으로 이해할 수 있도록 꾸며져 있다. 또한 연간 1~2회 정도 기획전을 개최할 수 있는 기획전시실과 어린이 체험학습실, 야외전시장 등이 갖추어져 있다.

5. 대가야문화학교
폐교(구 월막초등학교)를 이용해 우리나라 목판 인쇄 문화인 판각과 고인쇄 문화를 단순히 관람하는 차원을 벗어나 직접 체험함으로써, 그 속에 깃든 조상들의 과학과 정신문화를 배울 수 있도록 한 곳이다. 이곳에서는 고인쇄체험, 판각체험, 한지공예, 다도체험 등 많은 프로그램을 운영하고 있으며, 학생, 어른, 외국인 할 것 없이 매년 많은 수의 관광객들이 찾고 있다. 대가야문화학교의 교장은 팔만대장경의 판각 기술 전승자이신 안준영씨로서 판각 경력 20년의 장인이다.

6. 왕정
대가야 시대 왕궁에서 사용하던 우물로 추정되고 있다. 가야토기와 기와파편이 이곳에서 출토되었으며, 현재 고령초등학교 내에 소재하고 있다.
내용 닫기","문의 및 안내 054-950-6314
홈페이지 고령 문화관광 http://tour.goryeong.go.kr/kor/
대가야 박물관 https://www.goryeong.go.kr/
주소 경상북도 고령군 대가야로 1203 대가야박물관
이용시간 - 하절기 (3월~10월) 09:00~18:00
- 동절기 (11월~2월) 09:00~17:00
※ 관람 종료 30분 전까지 매표 가능
휴일 매주 월요일 (단, 월요일이 공휴일인 경우 다음의 첫 번째 평일)
주차 가능
체험가능 연령 전 연령
입장료 무료
접근로 출입구까지 턱이 없어 휠체어 접근 가능함
출입통로 주출입구는 턱이 없어 휠체어 접근 가능함
장애인 주차 안내 장애인 주차장 있음_무장애 편의시설
화장실 장애인 화장실 있음
닫기","등록된 댓글이 없습니다.
","경상북도 고령군 대가야로 1203 대가야박물관","2025-03-18 16:44:06",35.721972,128.258581
217,217,"리숨두부> 여행지 :대한민국 구석구석","경기도 광주시에 위치한 리숨두부는 매장 바로 옆 계곡이 위치하여 자연을 만끽하며 식사를 할 수 있는 곳이다. 이곳은 두부 전문점으로 두부버섯전골, 검은콩국수가 주메뉴이다. 또한 리숨두부짬뽕, 숨두부, 시래기비지탕, 두부구이, 육전 등 다양한 메뉴를 즐길 수 있다. 케이지 및 애견유모차 동반 고객에 한해 애견 동반이 가능하며, 자리 예약과 인원 예약 등은 불가하고 현장에 온 순서대로 입장이 가능하다.","문의 및 안내 0507-1323-0027
주소 경기도 광주시 남한산성면 불당길 62
영업시간 11:00~21:00
- 마지막 주문 20:00
휴일 연중무휴
주차 가능
대표메뉴 리순두부짬뽕
취급메뉴 검은콩국수 / 생 들기름 짜박두부 / 육전 등","등록된 댓글이 없습니다.
","경기도 광주시 남한산성면 불당길 62","2025-03-18 16:44:10",37.456571,127.210227
218,218,"신라식물원> 여행지 :대한민국 구석구석","봄, 여름, 가을 그리고 겨울 사계절마다 그 모습을 달리하는 신라식물원은 접 재료를 채취해 씻고 다듬어서 요리를 만드는 체험활동이 가능하며, 직접 만든 요리를 이용해서 ‘숲속에서 만나는 행복한 팜파티’를 열 수도 있다. 신라식물원을 방문하면 식물원 관람과 다양한 식물에 대한 설명을 들을 수 있다. 원예체험을 별도로 할 수도 있고, 카페에서 전통차를 마실 수도 있으며 선물용 포장으로 구매도 할 수 있다.","문의 및 안내 054-652-4857
홈페이지 http://www.sinrafarm.com
주소 경상북도 예천군 감천면 충효로 1752
영업시간 09:30~21:00
휴일 연중무휴
주차 가능
대표메뉴 크로와상 와플
취급메뉴 오미자에이드 / 청귤에이드 / 패션후르츠에이드 / 앵두에이드 / 오디차 / 모과차 등","등록된 댓글이 없습니다.
","경상북도 예천군 감천면 충효로 1752","2025-03-18 16:44:15",36.748794,128.544452
219,219,"뮤지엄한미 삼청> 여행지 | '열린 관광' 모두의 여행:대한민국 구석구석","가현문화재단이 개관한 국내 최초 사진 전문 미술관으로 시작한 뮤지엄한미는 사진 예술의 대중화를 넘어 디지털 이미지 기술을 활용하는 사진 예술의 확장으로 변화를 추구하는 것을 목표로 삼고 있다. 사진과 함께하는 예술에서 사진을 기원으로 발전한 뉴미디어 영상까지 전시를 확장한 복합문화 플랫폼으로써 삶과 예술이 공존하는 미술관의 공적 역할도 수행하고 있다. 또한 국내 사진사의 체계화와 사진문화 예술의 활성화를 위한 노력을 다해오고 있다.
내용 닫기","문의 및 안내 02-733-1315
홈페이지 https://museumhanmi.or.kr/
주소 서울특별시 종로구 삼청로9길 45 (삼청동)
이용시간 10:00~18:00
휴일 매주 월요일
주차 가능
주차 요금 무료
이용요금 - 성인(만 18세 이상~만 65세 미만) 10,000원
- 초·중·고등학생(만 7세 이상~만 18세 미만) 8,000원
- 만 65세 이상 5,000원
- 종로구민 / 종로구 소재 학생 / 직장인(주소 증빙서류 소지자) 5,000원
※ 무료 : 미취학 아동 / 국가유공자 / 복지카드 소지자 / ICOM카드 소지자
할인 정보 성인 10인 이상 단체일 경우 1인당 1,000원 할인(중복할인 없음)
접근로 1층과 지하1층 사이에 계단이 있으나 엘리베이터 이용 가능
출입통로 주출입구에 휠체어가 통과 가능함(자동문)
장애인 주차 안내 장애인 전용 별도 주차칸 있음, 주차 공간 여유로움
엘리베이터 엘리베이터 있음 (휠체어 1대크기)
점자 블록 화장실 및 수유실 점자블록 있음
수유실 수유실 있음(지하1층)
안내 요원 안내데스크 있음(본관, 별관 1층 로비)
화장실 장애인용 화장실 있음(지하1층 내부 카페 왼쪽)
관람석 1층 전시실 일부에 관람석(벤치) 있음
점자 홍보물 화장실 및 수유실 점자안내문 있음
보조견 동반 보조견 동반 가능
오디오 가이드 전시장 QR코드로 오디오 도슨트 이용 가능
닫기","등록된 댓글이 없습니다.
","서울특별시 종로구 삼청로9길 45 (삼청동)","2025-03-18 16:44:21",37.58821,126.980919
220,220,"길상공설시장 (4일, 9일)> 여행지 | '열린 관광' 모두의 여행:대한민국 구석구석","길상공설시장은 인천광역시 강화군 길상면은 1914년 정두동, 정하동(현 양도면 도장리, 길정리)을 양도면에 편입하고 경기도 부천군 동검도를 합병하여 길상면이라 칭하였다. 길상공설시장이 열리는 4일, 9일만 되면 이른 아침부터 강화 남부농협 일대에 하나둘 노점상이 자리를 잡기 시작한다. 직접 농사짓고 채취한 농산물과 다양한 먹거리들이 가득하다. 푸근한 분위기와 시골 인심이 가득한 시장이다.","문의 및 안내 032-930-3114
주소 인천광역시 강화군 길상면 온수길33번길 2
이용시간 08:00~19:00
휴일 ※ 점포별 상이함
판매 품목 농산물, 과일 등
접근로 출입구까지 턱이 없어 휠체어 접근 가능함
출입통로 주출입구는 턱이 없어 휠체어 접근 가능함_무장애 편의시설
보조견 동반 동반가능_시각장애인 편의시설","등록된 댓글이 없습니다.
","인천광역시 강화군 길상면 온수길33번길 2","2025-03-18 16:44:25",37.63912,126.490737
221,221,"고령 장기리 암각화> 여행지 :대한민국 구석구석","양전동 암각화는 높이 3m, 너비 5.5m의 직사각형 암벽에 새긴 그림으로, 1971년에 발견되었다. 암각화는 선사시대의 신앙과 생활상을 생생하게 표현한 그림으로, 주로 풍요로운 다산을 기원하는 주술적인 내용을 바위나 성스러운 장소에 새긴 것을 말한다. 양전동 암각화의 내용은 겹둥근무늬(동심원)와 십자무늬, 탈모양(가면형) 등이 조각되어 있다. 세 겹의 동심원은 4점으로 해와 달을 상징하고, 십자형은 부족사회의 생활권을 표시한 것으로 추정되며, 가면형은 모두 17점으로 사람의 얼굴 형태를 하고 있다.양전동 암각화 유적은 당시 주민들의 농경의식이나 제사 때 사용했던 장소로 추정되며, 이곳에 새겨진 각종 문양들은 우리나라 선사문화 연구의 귀중한 자료로 간주된다. 또한, 고령의 알터에 암각화가 있는 것으로 보아 《삼국유사(三國遺事)》 등에 나오는 난생설화(卵生說話)의 근원을 찾아볼 수 있으며, 6가야의 중심지가 김해가 아니라 고령으로 추측하는 가설도 나오고 있다.
내용 더보기","문의 및 안내 054-654-2201
홈페이지 https://www.heritage.go.kr
주소 경상북도 고령군 대가야읍 아래알터길 15-5
지정현황 보물 고령 장기리 암각화 (1976.08.06 지정)","등록된 댓글이 없습니다.
","경상북도 고령군 대가야읍 아래알터길 15-5","2025-03-18 16:44:28",35.712766,128.292228
222,222,"후애돈대> 여행지 :대한민국 구석구석","돈대란 적의 움직임을 살피거나 공격에 대비하기 위하여 영토 내 접경지역 또는 해안지역의 감시가 쉬운 곳에 마련해 두는 초소로, 밖은 성곽으로 높게 쌓고 그 안은 낮게 하여 포를 설치해 둔다. 강화 53 돈대 중의 하나인 이 돈대는 화강암을 이용해 정사각 모양으로 쌓아 올렸으며, 대포를 올려놓는 받침대를 4개 설치하였는데 비교적 보존이 잘 되어 있다. 성 위로 낮게 쌓은 담의 일부가 유일하게 남아있어, 1998년에 정말 복원해 놓았다. 인근 마을에는 이 돈대를 훼손하면 재앙이 온다는 전설이 내려오는데, 이 때문에 돈대를 제단처럼 여기고 보호하여 지금까지 그 본모습이 잘 남아있다. 조선 숙종 5년(1679)에 축조된 것으로, 어영 군 2천 명과 경기 ·충청 ·전라 3도의 승군 8천 명이 동원되었다.

(출처 : 국가유산청)
내용 더보기","문의 및 안내 032-934-2184
홈페이지 강화군 문화관광 http://www.ganghwa.go.kr/
국가유산청 https://www.khs.go.kr/main.html
주소 인천광역시 강화군 길상면 선두리
이용시간 상시 개방
휴일 연중무휴
주차 가능
요금 (무료)
지정현황 인천광역시 유형문화유산 강화 후애돈대 (1995.11.15 지정)
입장료 무료","등록된 댓글이 없습니다.
","인천광역시 강화군 길상면 선두리","2025-03-18 16:44:31",37.635171,126.473889
223,223,"불당동 유적공원 (선사유적지 공원)> 여행지 :대한민국 구석구석","불당동 유적공원은 충남 천안시 서북구에 자리 잡고 있다. 천안시 불당지구 택지개발사업 과정에서 발굴 조사된 유적을 정비하고 복원하여 조성되었다. 공원에서는 청동기 시대의 집터와 후대의 무덤들을 살펴볼 수 있다. 특히 청동기 시대의 집터는 아주 긴 방형 주거지가 특징적이며, 부여 송국리 유적에서 많이 유행하는 원형, 방형 집 자리가 주를 이룬다. 청동기 시대의 전기와 중기에 해당되는 대단위 취락유적이며, 우리나라 선사문화를 연구하는데 귀중한 자료이다.
내용 더보기","문의 및 안내 천안시 공원관리과 041-521-2836
주소 충청남도 천안시 서북구 불당동 815
이용시간 상시 개방
휴일 연중무휴
주차 가능
입장료 무료","등록된 댓글이 없습니다.
","충청남도 천안시 서북구 불당동 815","2025-03-18 16:44:36",36.803887,127.114954
224,224,"영월 박가네> 여행지 :대한민국 구석구석","영월 박가네 식당은 고풍스러운 한옥 분위기의 실내 인테리어가 인상 깊은 강원 나물밥 전문점으로 넓은 주차장과 공원이 있어 식사와 힐링이 함께 하는 곳이다. 대표 메뉴는 어수리 나물밥, 곤드레 나물밥으로 각각 불고기정식, 더덕정식, 제육정식 세 종류가 있다. 재료 소진 시 조기마감 하므로, 방문 전 영업여부를 확인해 보는 것이 좋다.","문의 및 안내 033-375-6900
주소 강원특별자치도 영월군 영월읍 중앙로 149
영업시간 10:00~20:00 (마지막 주문 19:30)
※ 재료 소진 시 조기 마감
휴일 연중무휴
주차 가능
대표메뉴 어수리 더덕정식
취급메뉴 어수리 불고기정식 / 어수리 제육정식 등","등록된 댓글이 없습니다.
","강원특별자치도 영월군 영월읍 중앙로 149","2025-03-18 16:44:37",37.179193,128.47742
225,225,"바다조개굽는집> 여행지 :대한민국 구석구석","‘바다조개굽는집’은 경북 구미 진평동 위치한 조개구이 전문점으로 다양한 종류의 조개를 맛볼 수 있다. 대표 메뉴는 모둠 조개로 키조개, 대합, 가리비 등으로 구성되어 있다. 싱싱한 재료로 건강한 조개를 맛볼 수 있다. ‘바다조개굽는집’의 조개구이는 다른 곳과는 다른 조리방식을 가지고 있다. 조개 위에 양념장과 육수를 얹고 연탄불위에 올려 끓여서 익혀 먹는 방식이다. 익은 조개를 바로 맛봐도 좋지만 쌀밥에 비벼 먹었을 때 더욱 맛이 좋다. 양념장과 육수는 각자 기호에 맞게 올려먹을 수 있다는 점이 장점이다.
내용 더보기","문의 및 안내 054-473-5110
주소 경상북도 구미시 인동남길 16
영업시간 17:00~02:00 (마지막 주문 00:30)
휴일 매주 일요일 / 추석 연휴
주차 가능
대표메뉴 모둠조개
취급메뉴 대합 / 대하 / 동죽 / 키조개 / 가리비 / 백합 등","등록된 댓글이 없습니다.
","경상북도 구미시 인동남길 16","2025-03-18 16:44:39",36.103832,128.421144
226,226,"국화지낚시터> 여행지 :대한민국 구석구석","인천광역시 강화군 강화읍 국화리에 위치한 낚시터로 상수원 보호 지역으로 낚시가 금지되었다가 99년 봄부터 관리형으로 변경되었다. 수질이 매우 양호하며, 연안 좌대를 설치해 낚시를 즐기기에 편하다. 강화읍에서 가까이 위치해 있어 많은 낚시 관광객들이 찾는 곳이다. 주변에 매점, 식당 및 숙박 등 편의시설이 잘 갖추어져 있고 아늑한 분위기 속에 가족 나들이 장소로 손색이 없다. 인근 관광지로 석수문, 강화향교, 소창체험관 등이 있다.
내용 더보기","문의 및 안내 010-3448-6783
홈페이지 www.kukwha.com
주소 인천광역시 강화군 강화읍 국화길 51
이용시간 상시 개방
주차 가능
요금 (무료)
이용요금 75,000원~170,000원
※ 이용요금은 변동될 수 있으므로 홈페이지 참고","등록된 댓글이 없습니다.
","인천광역시 강화군 강화읍 국화길 51","2025-03-18 16:44:44",37.747266,126.468049
227,227,"켄싱턴리조트 제주중문> 여행지 :대한민국 구석구석","1979년 시작된 제주 중문관광단지 내 유일한 패밀리콘도-한국콘도가 전면 오션뷰 객실로 새단장하고 켄싱턴리조트 제주중문으로 돌아왔다. 이국적인 분위기를 가진 켄싱턴리조트 제주중문은 전 객실에서 오션뷰를 만끽하며 여유로운 쉼을 느낄 수 있다. 누워서도 바다를 볼 수 있는 플로팅 오션뷰 배드룸인 켄싱턴 프리미어 객실은 중문에서 보기 힘든 4인 기준의 객실 구성이며, 180도 파노라마 오션뷰가 펼쳐지는 노블리안 객실은 제주의 일몰을 객실에서 즐길 수 있는 선셋 프레임이 마련되어있다. 강남 베이커리 카페로 유명한 프랑제리에서는 오직 이곳에서만 맛볼 수 있는 제주 시그니처 메뉴들과 줄서서 구매하는 프랑제리 시그니처 사과빵을 오션뷰 라운지에서 즐길 수 있다.
내용 더보기","문의 및 안내 064-738-9101
홈페이지 https://www.kensington.co.kr/rcc
주소 제주특별자치도 서귀포시 중문관광로72번길 29-29 (색달동)
주차 가능
입실시간 15:00
퇴실시간 11:00
객실내 취사 여부 가능
객실수 216실
객실유형 켄싱턴 프리미어 오션뷰 / 노블리안 오션뷰
노래방 여부 있음","등록된 댓글이 없습니다.
","제주특별자치도 서귀포시 중문관광로72번길 29-29 (색달동)","2025-03-18 16:44:50",33.247643,126.412541
228,228,"경주 풍력발전(바람의언덕)> 여행지 | 산업관광:대한민국 구석구석","토함산의 이웃산인 조항산 정상부에 경주 풍력발전이 자리해 있다. 친환경 청정에너지 생산을 위해 한국동서발전과 동국S&C가 건설한 상업용 풍력발전 단지로 총 7기의 풍력발전기가 가동 중이다. 1만여 가구가 쓸 수 있는 양인 평균 4만 mwh 정도의 전력을 연간 생산한다. 산 능선을 따라 띄엄띄엄 거대한 풍력발전기가 세워져 있는데 ‘바람의 언덕’으로 부르는 이 일대를 365일 일반 개방을 하고 있다. 풍력발전소가 한 눈에 내려다보이는 정자 ‘경풍루’가 있는 전망대와 함께 바람길 산책로, 피크닉 테이블 존 등이 갖추어져 있다. 경주풍력발전 ‘바람의 언덕’은 일몰, 노을이 아름다운 곳으로 알려져 있어 해질녘에 찾아보길 권한다. 또한 전망대, 바람길 산책로 등 곳곳에서 석양을 감상하기 좋다. 게다가 일몰 후 조금 더 기다려 별빛이 쏟아지는 낭만적인 밤까지 즐길 수 있는 곳이다.
내용 닫기","문의 및 안내 054-777-6652
홈페이지 https://www.gyeongju.go.kr/tour/
주소 경상북도 경주시 양북면 불국로 1056-185
이용시간 상시 개방
휴일 연중무휴
주차 가능
시설이용료 무료","등록된 댓글이 없습니다.
","경상북도 경주시 양북면 불국로 1056-185","2025-03-18 16:44:52",NULL,NULL
229,229,"동대산식당> 여행지 | '열린 관광' 모두의 여행:대한민국 구석구석","오대산 국립공원 월정사 입구에 위치한 오대산 먹거리 마을 속 ‘동대산 식당’은 상다리가 부러지게 차려진 밑반찬과 구수한 된장찌개가 함께 제공되는 특별한 산채정식을 맛볼 수 있다. 밑반찬은 지역 특산물을 활용하여 신선하고 정갈하며 두부구이, 연근조림, 가자미구이, 감자전, 도토리묵 등 다양하게 준비된다. 함께 나오는 된장찌개는 깊고 풍부한 맛을 자랑하여 산채정식의 맛을 한층 업그레이드를 해준다. 그 외에 메뉴로 떡갈비정식, 황태구이정식 단일메뉴인 산채비빔밥, 황탯국 등 다양한 한식메뉴가 준비되어 있어 취향껏 메뉴선택이 가능하다.
내용 닫기","문의 및 안내 0507-1429-6910
주소 강원특별자치도 평창군 진부면 오대산로 152
영업시간 - 주중 11:00~16:00 (마지막 주문 15:00)
- 주말 10:00~17:00 (마지막 주문 16:00)
※ 계절 및 재료 소진에 따라 변동 가능
휴일 연중무휴
주차 가능
대표메뉴 산채정식
취급메뉴 떡갈비정식 / 황태구이정식 / 산채비빔밥 등
출입통로 문의 형태 : 버튼식 자동문.
출입통로가 넓어 휠체어, 전동 스쿠터 진입 쉬움.
경사로 있음.
접근로 테이블 간격이 넓음. 방문 시, 휠체어 사용자 이용 쉬움.
내부 턱 없음.
지체장애 기타 상세 의자식 테이블 있음
장애인 주차 안내 장애인 전용 주차구역 주차대수 : 15대.
식당 부지 내 주차장 있음.
주변 휠체어 이용자 등이 이용할 수 있는 여유공간 있음.
점자 블록 점자블록 있음
영유아가족
기타상세 영유아거치대 있음
대중 교통 대중교통 이용가능 : 오대산먹거리마을 정류장.
저상버스 없음.
닫기","등록된 댓글이 없습니다.
","강원특별자치도 평창군 진부면 오대산로 152","2025-03-18 16:45:00",37.716059,128.601281
230,230,"[강화 나들길 제2코스] 호국돈대길> 여행지 :대한민국 구석구석","내용 더보기","문의 및 안내 032-934-1906
홈페이지 http://www.nadeulgil.org
주소 인천광역시 강화군 강화읍 해안동로1366번길 18
이용시간 상시 개방
휴일 연중무휴
주차 불가능","등록된 댓글이 없습니다.
","인천광역시 강화군 강화읍 해안동로1366번길 18","2025-03-18 16:45:03",37.733668,126.516432
231,231,"관광역사공원> 여행지 | '열린 관광' 모두의 여행:대한민국 구석구석","관광역사공원은 보문호와 맞닿아 있다. 이 덕분에 공원 산책로를 따라 걸으며 보문호의 풍경을 감상할 수 있다. 관광역사공원의 봄은 만개한 벚꽃으로 장관을 이룬다. 또한 가을에도 아름다운 풍경을 볼 수 있어 가을에 많은 관광객이 찾고 있다. 공원 안에는 보문호를 배경으로 펼쳐진 포토존, 각양각색의 조형물, 나무 그늘 벤치 등이 있다. 공원으로부터 약 2㎞ 거리에 경주 보문관광단지, 6㎞가량 떨어진 곳에 첨성대, 경주역사유적지 등이 있어 연계 관광이 가능하다.
내용 더보기","문의 및 안내 054-779-8585
홈페이지 https://www.gyeongju.go.kr/tour/index.do
주소 경상북도 경주시 북군동 114-11
이용시간 상시 개방
휴일 연중무휴
주차 가능
입장료 무료
접근로 출입구까지 턱이 없어 휠체어 접근 가능함
출입통로 주출입구는 턱이 없어 휠체어 접근 가능함_무장애 편의시설
보조견 동반 동반가능_시각장애인 편의시설","등록된 댓글이 없습니다.
","경상북도 경주시 북군동 114-11","2025-03-18 16:45:07",35.852593,129.270414
232,232,"서천국민체육센터> 여행지 :대한민국 구석구석","서천국민체육센터는 서천군민들의 건강한 체육 생활을 위해 실내체육관, 헬스장, 풋살장, 족구장, 게이트볼장 등의 시설을 두루 갖춘 군민들을 위한 시설이다. 시설 이용은 전화 및 방문 접수를 통해 이루어지며 개인 및 단체의 이용 시간은 2시간을 기준으로 한다. 사용료 납부 대상 시설은 실내, 실외(풋살장, 족구장)이다. 평일은 야간 이용 또한 가능하다.","문의 및 안내 041-952-6457
주소 충청남도 서천군 마서면 마서로 400
이용시간 [하절기(4월~10월)]
- 09:00~18:00
- 야간 평일 18:00~22:00
[동절기(11월~3월)]
- 09:00~17:00
- 야간 평일 17:00~21:00
휴일 연중무휴
주차 가능
이용요금 - 개인 1,000원 (2시간, 초과 1시간당 500원)
- 단체 20,000원 (2시간, 초과 1시간당 10,000원)
- 1일 실내 200,000원 / 실외 100,000원","등록된 댓글이 없습니다.
","충청남도 서천군 마서면 마서로 400","2025-03-18 16:45:11",36.059439,126.664764
233,233,"제3의 시간> 여행지 | '열린 관광' 모두의 여행:대한민국 구석구석","서울시 종로구 동숭동에 있는 제3의 시간 도서관은 9~19세 어린이, 청소년 누구나 자유롭게 탐색하며 자신의 이야기를 표현하는 도서관이다. 어린이, 청소년이라면 누구든지 자신의 세계를 자유롭게 탐색하고 다양하게 표현할 수 있는 공간이다.
제3의 시간 도서관에서는 다양한 장르, 주제, 형식의 책을 탐색하는 것은 것은 물론, 각 공간의 특성에 맞는 콘텐츠를 경험할 수 있다. 5층 어린이작업실 모야에서는 9~13세 어린이들이 목공, 만들기, 그림 등 원하는 작업을 자유롭게 할 수 있으며, 4층 스토리스튜디오에서는 12~19세 청소년들이 작업과 더불어 음악, 영상, 게임 등 다양한 디지털 콘텐츠들을 이용할 수 있다. 3층 스토리라이브러리에서는 12~19세 청소년들이 작가로서 존중받으며 탐색하고 자신의 이야기를 원하는 방법으로 엮어볼 수 있다. 지하철 4호선 혜화역 2번 출구에서 도보 1분 거리에 있다.
내용 더보기","문의 및 안내 02-6949-0819
홈페이지 https://formystories.org/
주소 서울특별시 종로구 대학로10길 8 (동숭동) 3~5층
이용시간 [스토리라이브러리]
- 목요일~금요일 13:00~18:00
- 토요일~일요일 10:00~18:00
[스토리스튜디오]
- 목요일~금요일 13:00~18:00
- 토요일~일요일 10:00~18:00
[모야]
- 수요일~금요일 13:00~18:00
- 토요일 10:00~18:00


더보기","등록된 댓글이 없습니다.
","서울특별시 종로구 대학로10길 8 (동숭동) 3~5층","2025-03-18 16:45:14",37.581711,127.002567
234,234,"오읍약수터> 여행지 :대한민국 구석구석","강화 산성 북문을 지나 숲 속 오솔길을 따라가면 오읍(五泣) 약수터가 있다. 고려 고종 때 북문 건축 시 기우제를 올려 하늘에서 내려주었다는 약수이다. 오읍약수터의 약수는 그 효능이 알려져 있어, 많은 사람들이 이곳에서 물을 마시며 건강을 챙기고 있다. 약수터 주변은 푸르른 숲과 맑은 공기로 둘러싸여 있어, 자연 속에서 여유로운 시간을 보내기에 이상적인 곳이다. 또한, 오읍약수터는 넓은 휴식 공간과 편의시설을 갖추고 있어 가족 단위 방문객들에게도 인기가 많다. 이곳은 단순히 약수를 마시는 것에 그치지 않고, 산책로를 따라 걸으며 자연을 만끽할 수 있는 장소로도 사랑받고 있다. 오읍약수터는 강화도의 역사와 자연을 느낄 수 있는 중요한 명소로, 힐링과 건강을 동시에 얻을 수 있는 곳이다.
내용 더보기","문의 및 안내 032-930-3114
주소 인천광역시 강화군 북문길 110 오읍약수터
이용시간 상시 개방
휴일 연중무휴
주차 불가능
입장료 무료","등록된 댓글이 없습니다.
","인천광역시 강화군 북문길 110 오읍약수터","2025-03-18 16:45:16",37.755182,126.484397
235,235,"분황사청보리밭> 여행지 :대한민국 구석구석","분황사는 신라를 대표하는 사찰로 국보인 모전석탑으로 특히 유명하다. 현재 3층만 남은 분황사 모전석탑은 본래 9층 규모였다고 전하는데, 7세기 신라의 건축과 조각을 살펴볼 수 있는 문화재로 역사적 가치가 매우 크다. 이 같은 분황사 주변에는 매년 봄 싱그러운 청보리밭이 펼쳐진다. 추석 직후에 파종한 보리가 이듬해 봄부터 초여름까지 색다른 볼거리를 제공하는 것으로 분황사 주차장에서 황룡사지 방향을 바라보면 황룡사 역사문화관을 배경으로 짙푸른 청보리밭이 끝도 없이 펼쳐진다. 파란 하늘과 따스한 햇살, 봄바람에 일렁이는 청보리가 보는 이들의 마음을 설레게 한다. 해 질 무렵에는 노을에 물든 청보리가 황금빛으로 반짝이며 천년 경주의 매력을 더한다.
내용 닫기","문의 및 안내 경주 관광안내소 054-772-3843
주소 경상북도 경주시 분황로 94-11 (구황동)
이용시간 상시 개방
휴일 연중무휴
주차 가능
입장료 무료","등록된 댓글이 없습니다.
","경상북도 경주시 분황로 94-11 (구황동)","2025-03-18 16:45:18",35.840344,129.233617
236,236,"난정리 전망대> 여행지 | 반려동물 동반여행:대한민국 구석구석","난정리 전망대는 강화 교동도 서쪽에서 북한을 조망할 수 있는 소규모 팔각정이다. 전망대는 2층으로 구성되어 있고, 2층에 망원경 2대가 마련되어 있다. 전망대에서 북한까지는 직선거리 약 5.5km로 망원경을 사용하여 북한 황해도 해남리 일대를 조망할 수 있다. 망원경은 무료이다. 전망대 앞으로 위치한 난정리 저수지는 상당히 크게 펼쳐져 있는데 주변 풍경과 더불어 운치를 자아낸다. 인근에는 해바라기마을정원이 위치하여 함께 관광하기 좋다.
내용 더보기","문의 및 안내 032-930-3061
홈페이지 https://itour.incheon.go.kr/
주소 인천광역시 강화군 교동면 난정리 729
이용시간 상시 개방
휴일 연중무휴
주차 가능
요금 (무료)
입장료 무료","등록된 댓글이 없습니다.
","인천광역시 강화군 교동면 난정리 729","2025-03-18 16:45:21",37.7764,126.229645
237,237,"애플빈커피> 여행지 :대한민국 구석구석","애플빈커피는 영주의 지역 특산물 사과를 직접 재배하여 만든 수제 애플파이가 유명한 카페이다. 오븐에서 구워진 애플파이는 설탕이 들어가지 않아 달지 않고 사과향과 맛이 물씬 풍긴다. 이 외에도 사과를 이용한 애플티, 애플라떼도 맛볼 수 있다. 부석사 근처에 있을 때 방문하기 좋다.","문의 및 안내 054-632-4013
주소 경상북도 영주시 부석면 부석사로 1
영업시간 10:00~21:00 (마지막 주문 20:45)
휴일 매달 1, 3번째 일요일
주차 가능
대표메뉴 애플파이
취급메뉴 애플티 / 애플라떼 / 아메리카노 등","등록된 댓글이 없습니다.
","경상북도 영주시 부석면 부석사로 1","2025-03-18 16:45:29",36.98027,128.65721
238,238,"원조태성실비식당> 여행지 :대한민국 구석구석","원조태성실비식당은 1995년 상장동에 문을 연 태백 한우 전문점이다. 한우 생등심 한 가지로 일관하여 태백한우고기를 제맛에 즐길 수 있는 실비집으로 뿌리내리고 있다. 가게 사장님은 오래전부터 태백에서 정육점을 해와서 정확한 태백한우의 선별은 물론 가격도 정육점에서 내놓는 가격과 일반 한우구입의 중간쯤으로 정해 놓고 고기를 다소 넉넉하게 담아내 푸짐한 식사가 가능하다.","문의 및 안내 033-552-5287
주소 강원특별자치도 태백시 감천로 4
영업시간 11:00~21:30 (준비시간 15:00~16:30)
휴일 매월 둘째, 넷째 월요일
주차 가능
대표메뉴 한우 갈빗살
취급메뉴 한우 주물럭 / 한우 육회 / 한우 모둠 등","등록된 댓글이 없습니다.
","강원특별자치도 태백시 감천로 4","2025-03-18 16:45:34",37.158947,128.986563
239,239,"대청도> 여행지 | 한국관광100선:대한민국 구석구석","대청도는 인천에서 북서쪽으로 202㎞, 옹진반도에서 남서쪽으로 약 40㎞ 거리에 있다. 주민의 대부분은 어업에 종사하며, 일부 주민은 논농사와 밭농사를 겸업으로 하고 있는 전형적인 어촌지역으로 한 때 80년대 말까지는 홍어잡이가 크게 성황을 이루었던 곳이다. 현재에도 다양한 어종 수산물이 풍부한 지역으로 섬 전체가 낚시터로도 유명하다. 황해도 장산곶과는 불과 19㎞ 거리에 위치한 국가 안보상 전략적 요충지라는 특수한 요건을 제외하고 나면, 국내의 어느 섬과도 비길 바 없는 청정해역과 천혜의 관광자원을 보유한 섬이기도 하다. 본래는 ‘암도(岩島)’라고 불렀는데, 조선시대 명종 때 국모 윤 씨의 신병 명약인 상기향을 채취, 진상하여 병이 완쾌된 후 돌만 있는 암도가 아니고, 수목이 무성한 큰 섬이라 하여 ‘대청도(大靑島)’로 붙여졌다.
내용 닫기","문의 및 안내 032-899-3610
홈페이지 https://www.ongjin.go.kr
주소 인천광역시 옹진군 대청면 (대청리)
이용시간 상시 개방
휴일 연중무휴","
댓글 더보기","인천광역시 옹진군 대청면 (대청리)","2025-03-18 16:45:39",37.824469,124.714996
240,240,"강화 용두레마을> 여행지 :대한민국 구석구석","강화 용두레 마을은 들녘 가득히 울려 퍼지는 할아버지들의 구수한 용두레질 노래 가락에 맞춰 물을 푸는 아름다운 전통을 간직한 농어촌체험·휴양마을이다. 용두레질 체험과 천연염색, 전통음식 만들기 체험 등 우리 농촌의 소중함을 배울 수 있는 곳이다. 예부터 맑은 물이 흘러 큰 인물이 난다는 전설이 내려오는 마을이다. 마을 남쪽과 동쪽은 등산을 할 수 있는 봉화산과 국수산이 엄마 품처럼 다가오고 서쪽으로 석모도와 서해 바다가 펼쳐져 있어 아름다운 서해 낙조를 관망할 수 있다. 또한 넓은 농경지 끝자락의 바닷물이 빠지면 나타나는 갯벌에서 조개잡이와 망둥어 낚시 등을 즐길 수 있으며 겨울철에는 청둥오리와 기러기 등 철새도 많이 찾아와 또 하나의 멋진 볼거리를 제공하는 곳이다.

(출처 : 인천투어)
내용 더보기","문의 및 안내 032-933-5711
홈페이지 https://itour.incheon.go.kr/
주소 인천광역시 강화군 내가면 황청포구로385번길 8
이용시간 상시 개방
휴일 연중무휴
주차 가능
요금 (무료)
입장료 무료","등록된 댓글이 없습니다.
","인천광역시 강화군 내가면 황청포구로385번길 8","2025-03-18 16:45:47",37.718517,126.360622
241,241,"서풍받이> 여행지 :대한민국 구석구석","해발고도 약 80m에 이르는 서풍받이는 하얀 규암으로만 이루어진 웅장한 수직절벽으로 서쪽에서 불어오는 편서풍을 그대로 맞이하고 있다. 지속적으로 부는 강한 서풍이 부딪히는 서풍받이의 절벽은 식생이 거의 자라지 못하지만, 동쪽의 완만한 사면은 울창한 수풀이 자라고 있다. 이곳 서풍받이에서 동쪽의 만 건너편 기름아가리를 바라보면 지층의 경사가 점차 변화하는 것을 관찰할 수 있는 흥미로운 장소이다.

(출처 : 국가지질공원)
내용 닫기","문의 및 안내 백령·대청지질공원 032-440-7884
홈페이지 https://www.ongjin.go.kr/tour
주소 인천광역시 옹진군 대청면 대청리
이용시간 상시 개방
휴일 연중무휴","
신고하기
방문자 후기
최*교 2024. 10. 10.
00","인천광역시 옹진군 대청면 대청리","2025-03-18 16:45:51",37.824469,124.714996
242,242,"초롱길> 여행지 :대한민국 구석구석","초롱길은 초평호의 물길을 따라 조성된 수변 탐방로를 주로 걷는 트레킹 코스이다. 초롱길은 초평저수지와 농다리에서 머리글 한 글자씩 따서 지은 이름으로, ‘농다리 - 전망데크 - 수변데크 - 하늘다리 - 농암정 - 농다리’ 코스로 짜여 있으며 약 3km, 1시간 30분 정도 소요된다. 농다리를 지나면 초롱길인 수변데크가 나타나며, 이 수변데크는 평탄하여 유모차와 휠체어로도 편히 다닐 수 있다. 농암정에 오르면 초평호의 너른 전망이 펼쳐진다.
내용 더보기","문의 및 안내 문화관광과 관광팀 043-539-3622
홈페이지 https://www.jincheon.go.kr
주소 충청북도 진천군 문백면 구곡리 601-32
이용시간 상시 개방
휴일 연중무휴
주차 가능
이용요금 무료","등록된 댓글이 없습니다.
","충청북도 진천군 문백면 구곡리 601-32","2025-03-18 16:45:53",NULL,NULL
243,243,"강화 인삼센터> 여행지 | '열린 관광' 모두의 여행:대한민국 구석구석","강화인삼은 고려 고종(1232년 경) 때 재배가 시작되었으며 1920년대에 특별구역으로 지정되었다. 6.25 동란 시 개성에서 인삼을 재배하던 개성인들이 피난하여 인삼재배적지를 찾던 중 토질과 기후 조건이 인삼재배에 최적인 강화도에서 인삼을 재배하게 된 것이 강화인삼 6년 근의 효시이다. 사면이 바다로 둘러싸여 있어 해풍의 영향을 받는 천혜적인 기후조건과 미사질 토양 및 식양토로 구성되어 있어 인삼재배 3대 요건을 겸비하고 있으며 인삼의 내공 및 내백이 없어 육질이 단단하여 홍삼원료 중 천지삼 비율이 높은 6년 근이 생산되는 지역이다. 강화인삼 농협은 이렇게 역사가 깊고 비옥한 토질에서 자란 양질의 인삼을 생산에서부터 가공, 유통에 이르기까지를 책임을 지고 소비자에게 안전하고 신뢰성 있는 먹거리를 제공한다.
내용 닫기","문의 및 안내 032-933-5001
홈페이지 https://itour.incheon.go.kr/
주소 인천광역시 강화군 강화읍 강화대로 335
이용시간 08:00~18:30
※ 매점마다 다를 수 있음
휴일 연중무휴
주차 가능
요금 (무료)
판매 품목 수삼, 홍삼, 각종인삼 가공 제품
접근로 출입구까지 경사로가 설치되어 있음(수동문)
출입통로 주출입구는 경사로가 있어 휠체어 접근 가능함
장애인 주차 안내 장애인 주차장 있음(1대)_무장애 편의시설","등록된 댓글이 없습니다.
","인천광역시 강화군 강화읍 강화대로 335","2025-03-18 16:45:56",37.742192,126.492497
244,244,"서촌라운지> 여행지 :대한민국 구석구석","서울 공공한옥 서촌라운지는 서울시민뿐만 아니라, 한국을 방문하는 모든 세계인에게 열린 공간으로 우리 고유 주거문화(K-하우스, K-리빙)의 가치와 매력을 선사하는 특별한 공간이다. 전통과 현대와의 조화를 담은 한옥 디자인, 타 문화와의 융복합을 시도한 K-공예 등 관련 국내·외 서적도 구비되어 우리의 삶과 한옥에 담긴 지혜를 깊이 이해할 수 있도록 한다. 서울한옥 라이프스타일을 오감으로 경험할 수 있는 서촌라운지에서 세계시민들이 만나고, 교류하며, 한 잔의 차를 곁들여 서울한옥의 새로운 일상을 음미하는 시간이 되기를 바란다.
내용 닫기","문의 및 안내 02-736-7909
홈페이지 https://www.instagram.com/Seochon_lounge/
주소 서울특별시 종로구 필운대로 27-4 (누하동)
이용시간 - 화요일~목요일 11:00~19:00
- 금요일 12:00~20:00
- 토요일~일요일 11:00~19:00
휴일 매주 월요일 / 법정공휴일
주차 불가능
이용요금 무료
체험프로그램 계절 차회 프로그램","
배경의 댓글은 현재 가볼래-터 3월호 미션을 완료한 댓글입니다.
친구와 서촌에 놀러가는 김에 서촌라운지에도 들렀어요~ 한옥의 미와 공간이 주는 안정감에 몸과 마음 모두 건강해지는 기분이었습니다!
r**e 2025. 3. 15.
00
신고하기
가족과 함께 방문했는데 모두 한옥의 매력에 푹 빠져버렸네요~ 정말 매력 넘치는 곳입니다. 날이 점점 좋아지니 한번 더 방문하고 싶은 마음이네요~
하*리 2025. 3. 5.
00
신고하기
댓글 더보기","서울특별시 종로구 필운대로 27-4 (누하동)","2025-03-18 16:46:00",37.578486,126.968858
245,245,"농가맛집토요> 여행지 :대한민국 구석구석","농가맛집토요는 넓은 주차장이 있어 편리하게 이용할 수 있으며, 주위에는 농촌의 한적한 풍경을 감상할 수 있는 산과 들, 계곡이 자리하고 있다. 마을에서 재배하는 유기농 농산물을 먼저 사용하는 로컬푸드 음식점이며, 음식에 마을의 이야기를 활용하여서 맛과 더불어 재미를 함께 맛볼 수 있도록 구성되어 있다. 막국수, 옹심이 메밀칼국수, 한우 소머리국밥, 보쌈 수육 등의 다양한 메뉴가 준비되어 있으며, 야외 숯불 구이, 능이 토종닭백숙 등의 메뉴는 최소 하루 전까지 예약을 해야 한다. 음식점 내에 지역 예술인의 예술 창작활동을 한 작품을 전시하는 갤러리를 운영하고 있어, 식사 후에도 다양한 볼거리가 마련되어 있다.
내용 닫기","문의 및 안내 0507-1327-2923
주소 강원특별자치도 원주시 흥업면 매지회촌길 110
영업시간 11:30~15:00 (마지막 주문 14:00)
휴일 매주 월요일
주차 가능
대표메뉴 한우소머리국밥
취급메뉴 물막국수 / 비빔막국수 / 보쌈 수육 등","
공간도 넓고 맛있어보여요
유* 2022. 7. 15.
00
신고하기","강원특별자치도 원주시 흥업면 매지회촌길 110","2025-03-18 16:46:07",37.253824,127.910632
246,246,"옹도 등대> 여행지 :대한민국 구석구석","태안반도 안흥신항(신진도)에서 약 12Km 떨어진 곳에 위치한 옹도는 그 모양이 마치 독(옹기)과 같이 생겼다 하여 붙여진 이름인데 섬 한가운데 정상에 등대가 있어 등대섬이라고 불린다. 옹도등대는 사람이 살지 않는 무인도로서 행정구역상 충청남도에 속하는 유인등대이며, 구한말인 1907년 1월에 세워졌다. 등탑은 높이가 14m이며 8 각형의 철근콘크리트 구조물로 만들어져 있으며, 등대의 불빛은 35~40km 거리에서도 육안 식별이 가능하며 주로 대산, 평택, 인천항을 입출항하는 선박들이 서해안 항로를 따라 이곳을 거쳐 지나간다.

옹도는 그 면적이 0.17㎢이며 높이가 80m 정도인 무인도로써 봄이면 동백꽃이 장관을 이루고, 2백 년쯤은 족히 되어 보이는 동백나무 군락이 산등성 오솔길을 따라 밀집되어 있으며 섬 정상부에 형성되어 있는 동백나무 숲이 밀림을 방불케 한다. 선박을 접안할 수 있는 동북쪽을 제외하고는 대부분이 가파른 절벽으로 되어 있어 주변경관이 수려하고 산등성이에는 천남성이, 찔레꽃, 산벚나무 등의 자생식물들이 분포되어 있다.

옹도는 태안해안국립공원 내에 있어 해양관광자원으로의 잠재적 부가가치가 매우 높아 관할관청인 대산지방해양수산청에서 친 해양수산시설 문화공간을 조성, 일반 시민과 청소년들에게 건전한 여가선용 및 체험학습공간 제공을 위한 선착장 등 부대시설을 정비하고 있다.
내용 닫기","문의 및 안내 041-660-1317
홈페이지 https://taean.go.kr/
주소 충청남도 태안군 근흥면 가의도길 44-69
이용시간 09:00~18:00
휴일 연중무휴
입장료 무료","
신고하기
방문자 후기
옹도등대는 날씨와 선사 스케줄이 맞아야 방문할수 있는 섬 등대 입니다. 옹도등대는 무인도에 있는 유인등대 입니다. 옹도가 옹기를 닮은 섬이라서 그런지 옹도 정상에 있는 옹도 등대 앞에 커다란 옹기 조형물이 있네요.
내****H 2024. 11. 30.
00
태안에 물놀이 하러간김에 다른 관광지를 찾던중 용도 등대가 멋있어보여서 방문했었어요. 생각보다 잘 안알려진 곳인지 사람은 별로 없었지만 관리가 잘 되어있어 태안에 간다면 겸사겸사 한번쯤 놀러갈만 한 거 같습니다.
동***경 2023. 8. 18.
00
신고하기","충청남도 태안군 근흥면 가의도길 44-69","2025-03-18 16:46:12",36.647394,126.008608
247,247,"쫄쫄호떡> 여행지 :대한민국 구석구석","청주시에 위치한 쫄쫄호떡은 독특한 맛과 풍미로 많은 사랑을 받고 있는 인기 있는 호떡집이다. 이곳의 호떡은 쫄깃한 반죽과 달콤한 시럽이 어우러져 특별한 맛을 자랑한다. 특히, 다양한 속재료를 선택할 수 있어 고객의 취향에 맞춘 맞춤형 호떡을 즐길 수 있다. 쫄쫄호떡은 신선한 재료를 사용하여 매일 직접 반죽을 만들어, 항상 최상의 품질을 유지하고 있다. 아늑한 분위기의 매장에서는 가족, 친구와 함께 편안하게 식사를 즐길 수 있으며, 포장 서비스도 제공되어 언제 어디서나 맛있는 호떡을 즐길 수 있다. 청주시에 방문한다면 쫄쫄호떡은 꼭 들러야 할 맛집으로 추천할 만하다. 이처럼 쫄쫄호떡은 청주에서 특별한 간식으로 자리 잡고 있다.
내용 닫기","문의 및 안내 043-221-2208
주소 충청북도 청주시 상당구 상당로55번길 40-1
영업시간 10:50~19:30 (마지막 주문 19:00)
휴일 연중무휴
※ 매주 수요일은 떡볶이 재료 포장과 호떡만 가능
주차 불가능
대표메뉴 호떡
취급메뉴 즉석떡볶이 / 쫄면 / 돌솥비빔밥 등","
신고하기
방문자 후기
맛있겠다
자***주 2024. 12. 13.
00
신고하기
방문자 후기
줄이너무길어살까말까고민중
강*네 2024. 12. 13.
00
신고하기
방문자 후기
효**선 2024. 12. 13.
00
청주에 들린다면 꼭! 먹어봐야할 명물 호떡입니다. 일반 호떡과는 다르게 식감이 매우 바삭해서 맛있습니다. 일반 호떡은 안에 설탕이 너무 뜨거워서 먹기 힘든데 쫄쫄호떡은 겉반죽에 이미 양념(?)이 되어 있어 먹기 편합니다. 다만 항상 웨이팅이 있어서 그건 감안하셔야 합니다. 오창에도 분점이 생겨서 근처 분들은 오창에서도 먹을 수 있어서 좋습니다. 추천합니다.
김*규 2024. 3. 4.
00
신고하기
신고하기
평일저녁이었는데 웨이팅이 있었어요 ㅠ 탕후루는 안먹어봤지만 호떡계의 탕후루라는 표현이 딱입니다. 달달 고소한 호떡튀김같아요. 신기한맛 식으면 많이 딱딱해져요 이나 턱관절 안좋은분들은 주의요망!!
라* 2024. 2. 20.
00","충청북도 청주시 상당구 상당로55번길 40-1","2025-03-18 16:46:16",36.633129,127.488425
248,248,"피어라 카페> 여행지 :대한민국 구석구석","카페 피어라는 충남 당진시에 위치한 카페로 보리밭을 볼 수 있는 풍경으로 유명해진 곳이다. 봄이면 흩날리는 벚꽃과 청보리는 유럽이 생각나는 풍경을 만들어낸다. 총 2개의 건물로 음료를 주문하는 공간과 편하게 음료와 디저트를 즐길 수 있는 실내 공간으로 나누어져 있다. 애견을 동반할 수 있는 야외 자리도 있어, 반려동물과 함께 산책하기 위해 찾는 사람들도 많다.","문의 및 안내 041-362-9900
홈페이지 https://www.instagram.com/cafepiora/
주소 충청남도 당진시 합덕읍 합덕대덕로 502-24
영업시간 10:30~19:30 (마지막 주문 19:00)
휴일 연중무휴
주차 가능
대표메뉴 할머니당근케익
취급메뉴 할머니크럼블크림라떼 / 아메리카노 / 버터바 등","
댓글 더보기","충청남도 당진시 합덕읍 합덕대덕로 502-24","2025-03-18 16:46:24",36.806121,126.740325
249,249,"홍파동 홍난파 가옥> 여행지 :대한민국 구석구석","­홍파동 홍난파 가옥은 1930년대 독일 선교사가 지은 벽돌조 서양식 건물을 작곡가 홍난파 선생이 인수하여 살던 곳이다. 홍난파 선생의 체취를 느낄 수 있는 이 주택은 1930년대 서양식 주택 특성이 원형대로 보존되어 있다. 홍난파 선생의 <봉선화>, <고향의 봄> 등 대표곡들이 작곡된 곳이고, 그의 대표곡들이 작곡된 산실이므로 근대문화유산으로 보존될 가치가 있다.
홍난파는 「일제강점하 반민족행위 진상규명에 관한 특별법」에 따른 친일반민족행위진상규명 보고서에 포함된 인물이다.
내용 더보기","문의 및 안내 070-8112-7900
홈페이지 https://lanpa.co.kr
주소 서울특별시 종로구 송월1길 38 (홍파동)
이용시간 - 하절기(4~10월) 11:00~17:00
- 동절기(11~3월) 11:00~16:00
휴일 매주 토요일~일요일 / 법정공휴일
주차 불가능
지정현황 국가등록문화유산 서울 홍파동 홍난파 가옥 (2004.09.04 지정)
입장료 무료","등록된 댓글이 없습니다.
","서울특별시 종로구 송월1길 38 (홍파동)","2025-03-18 16:46:27",37.571537,126.965071
250,250,"구강서원> 여행지 :대한민국 구석구석","익재 이제현의 학문과 덕행을 추모하기 위하여 영정과 위패를 모신 서원이다. 이제현은 고려 후기의 학자이며 정치가이다. 학자로서 이제현은 뛰어난 유학자로 성리학을 수용·발전시키는데 매우 중요한 구실을 하였다. 문학 부문에서도 그는 대가를 이루었다. 많은 시문을 남겼고, 고려의 한문학을 발전시켜 한 단계 높게 끌어올렸다. 한편 사학(史學)에도 많은 업적을 남겼다. 그의 저술로 현존하는 것은 『익재난고』10권과 『역옹패설』2권이다. 구강서원은 원래 고려 공민왕(재위 1351∼1374) 때 이제현의 영당(影堂)으로 세운 것을, 숙종 12년(1686)에 서원으로 다시 세웠다. 하지만 고종 8년(1871) 서원철폐령으로 폐쇄되었고, 1904년 지방 유림이 복원하였다. 서원 배치는 공간을 田자형으로 나누어 토담을 둘렀다. 그 왼쪽에는 외삼문, 강당, 내삼문, 사당을 같은 선상에 배치하였고, 오른쪽에는 고사와 경각을 두었다. 경각 안에는 익재영정과 익재집 책판을 보존하고 있다. 성현에 대한 제사와 지방 교육의 일익을 담당하여 왔으며, 해마다 음력 2월과 8월에 제사를 지낸다.

(출처: 국가유산청)
내용 더보기","문의 및 안내 054-779-6100
홈페이지 https://www.khs.go.kr/main.html
주소 경상북도 경주시 안강읍 구강길 68-6 (안강읍)
이용시간 09:00~18:00
휴일 연중무휴
주차 가능
요금 (무료)
지정현황 경상북도 문화유산자료 구강서원 (1987.05.13 지정)","등록된 댓글이 없습니다.
","경상북도 경주시 안강읍 구강길 68-6 (안강읍)","2025-03-18 16:46:33",36.010282,129.208402
251,251,"대원식당> 여행지 :대한민국 구석구석","대원식당은 경상북도 고령군에 위치한 음식점으로 인삼도토리수제비가 유명한 곳이다. 인삼, 도토리수제비, 팽이버섯, 잣, 대추, 닭고기와 육수, 은행, 파가 들어가 알싸하면서도 시원한 맛을 내고 건강까지 챙겨준다. 그리고 또 하나 유명한 것이 인삼콩나물해장국이다. 한우 등뼈를 푹 고아 만든 육수에 곱게 익은 쇠고기와 인삼, 은행, 대추, 마늘, 그리고 아삭한 콩나물이 어우러져 따끈하게 속을 달래주며 해장국으로서도 제격이다. 이색적인 메뉴들로 많은 손님들이 방문하는 곳이다.
내용 더보기","문의 및 안내 054-955-1500
주소 경상북도 고령군 쌍림면 대가야로 691
영업시간 08:00~20:00 (평일 준비 시간 14:00~14:30 / 주말 준비 시간 14:30~15:00 / 마지막 주문 19:30)
※ 주말 저녁 방문 시 전화 후 방문 요망
휴일 매주 월요일
주차 가능
대표메뉴 인삼도토리수제비
취급메뉴 인삼콩나물해장국 / 나막스조림 / 꿩만둣국 등","등록된 댓글이 없습니다.
","경상북도 고령군 쌍림면 대가야로 691","2025-03-18 16:46:35",35.686718,128.243883
252,252,"어류정항> 여행지 :대한민국 구석구석","어류정항은 강화도 석모도 남쪽 끝에 있는 소규모의 전통 어촌 항구이다. 30여 척의 어선에서 약 110여 명이 종사하는 항구로 꽃게와 새우, 병어와 밴댕이가 많이 잡히고 특히 새우젓으로 유명하다. 도로가 넓고 서울과 가까워 한때는 국가 어항으로 지정된 적도 있지만 지금은 바다낚시를 즐기려는 사람들이 주로 찾는다. 수산물 직판장이 있고 주차 시절과 편의 시설이 잘 갖춰져 있다. 석모도와 강화도를 연결하는 석모 대교가 개통되면서 타지인 들이 차박 캠핑을 위해 방문하기도 했지만 지금은 차박과 텐트 설치를 금지하고 있다. 단, 어류정항 주변으로 어류정이라는 정자가 있어 바다를 바라보면서 휴식을 즐길 수 있다.
내용 더보기","문의 및 안내 032-930-4518
홈페이지 https://itour.incheon.go.kr/
주소 인천광역시 강화군 삼산면 어류정길177번길 117
이용시간 상시 개방
휴일 연중무휴
주차 가능
요금 (무료)
입장료 무료","등록된 댓글이 없습니다.
","인천광역시 강화군 삼산면 어류정길177번길 117","2025-03-18 16:46:39",37.645209,126.343663
253,253,"운암서원(울진)> 여행지 :대한민국 구석구석","운암서원(雲巖書院)은 1826년(순조 26)에 기성면 노은동(魯隱洞)에 건립되어 김제(金濟), 손순효(孫舜孝)를 봉안하였으나 1868년(고종 5)에 철폐되었다. 1964년에는 서원 유생들의 주창으로 구인리(邱仁里)에 이건하였다. 1995년 10월에 서원의 보수와 평삼문 개축이 이루어지고 담장을 설치하였다. 현재 운암서원 내에는 평삼문·강당·사당이 일직선상으로 배치되어 있고, 사당 옆에는 비각이 있다. 강당은 정면 4칸, 측면 2칸 규모로 지붕은 골기와로 팔작지붕을 이었다. 평면은 중당협실형으로 앞면에는 반 칸 규모의 툇마루를 설치하였다. 사당은 정면 3칸, 측면 1칸 규모로 지붕은 골기와로 맞배지붕을 이었다.
내용 닫기","문의 및 안내 054-788-5464
홈페이지 http://www.seowonstay.com/
주소 경상북도 울진군 기성면 기성로 77 (기성면)
이용시간 상시 개방
휴일 연중무휴
주차 가능
요금 (무료)
입장료 무료","등록된 댓글이 없습니다.
","경상북도 울진군 기성면 기성로 77 (기성면)","2025-03-18 16:46:44",36.749678,129.465008
254,254,"토크라피> 여행지 :대한민국 구석구석","토크라피는 인천광역시 강화군 화도면에 위치한 곳으로 오션뷰와 넓은 야외 테라스를 갖춘 감성 카페이다. 주차 공간이 넓어 방문객들이 편리하게 이용할 수 있다. 대표 메뉴로는 아메리카노와 쑥라떼가 있으며, 특히 쑥라떼는 고소한 쑥향이 진하게 느껴져 인기 있다. 또한, 수제 크로크무슈는 치즈와 속 재료의 조화로 많은 사랑을 받고 있다. 토크라피는 동막해수욕장에서 차로 4분 거리에 위치해 있어 드라이브 코스 중간에 들르기 좋으며, 바다를 한눈에 담을 수 있는 오션뷰와 넓은 테라스를 갖추고 있어 힐링을 원하는 이들에게 추천할 만한 장소이다.
내용 닫기","문의 및 안내 0507-1325-1691
홈페이지 www.instagram.com/talkraphy_
주소 인천광역시 강화군 화도면 해안남로1691번길 43-12
영업시간 10:00~21:00
휴일 연중무휴
주차 가능
요금 (무료)
대표메뉴 쑥라떼
취급메뉴 아메리카노 / 크로크무슈 등","
신고하기
방문자 후기
바다가 보이는 탁트인 야외풍경 멋있는 곳입니다. 커피맛도 좋아요.
느* 2024. 11. 13.
00
여행가고 싶어요
애* 2022. 9. 16.
00
신고하기
너무 좋아보여요.가고싶어요.
초**루 2022. 9. 15.
00
신고하기
테라스쪽 자리 좋아요
유* 2021. 12. 1.
11
신고하기","인천광역시 강화군 화도면 해안남로1691번길 43-12","2025-03-18 16:46:49",37.592925,126.437381
255,255,"한탄강 지질공원센터> 여행지 | '열린 관광' 모두의 여행|한국관광100선:대한민국 구석구석","한탄강은 북한 평강군에서 발원하여 철원, 포천, 연천을 거쳐 임진강과 합류하는 길이 약 140㎞의 현무암 협곡으로 2015년 포천, 연천, 철원의 3개 지자체는 한탄강 지역을 국가지질공원으로 인증받은 바 있으며 현재는 유네스코 세계지질공원으로 지정되어 있다. 한탄강지질공원센터는 한탄강의 지질, 역사, 고고, 생태, 문화자원 등을 일반인들이 쉽게 알 수 있게 전시하였고 교육과 체험도 할 수 있도록 2019년 4월 18일 개장하였다. 주요 시설로는 전시관, 기획전시실, 지질 엘리베이터, 4D 협곡탈출 라이딩, 야외 생태놀이터, 다목적실, 강당, 야외공연장, 카페테리아 등으로 구성되어 있다. 한탄강을 탐방하는 관광객과 학생들은 반드시 들러야 하는 장소이며 해설사의 해설과 유무료의 체험프로그램들이 있다.
내용 닫기","문의 및 안내 031-538-3030
홈페이지 http://geoparkcenter.kr/
주소 경기도 포천시 영북면 비둘기낭길 55
이용시간 09:00~18:00 (입장마감 17:30)
휴일 매주 화요일 / 1월 1일 / 설ㆍ추석 당일
주차 가능
요금 (무료)
체험 안내 ※ 체험 프로그램은 변동되므로 자세한 사항은 홈페이지 참조
시설이용료 [개인]
- 일반 5,000원
- 어린이, 청소년 4,000원

[단체(20인 이상)]
- 일반 4,000원
- 어린이, 청소년 3,000원

[무료] 7세 미만, 65세 이상, 장애인, 국가유공자, 포천시민
※ 자세한 사항은 홈페이지 참고
접근로 출입구까지 턱이 없어 휠체어 접근 가능함
출입통로 주출입구는 턱이 없어 휠체어 접근 가능함(수동문)
장애인 주차 안내 장애인 주차장 있음(1대)_무장애 편의시설
화장실 장애인 화장실 있음(본관 입구 왼편)
엘리베이터 엘리베이터 있음
점자 블록 점자블록 있음(주요시설 앞)_시각장애인 편의시설
유모차 대여가능(3대, 유모차 대여실/24개월 이하)
휠체어 대여가능(2대, 안내데스크)
안내 요원 지질공원해설자 있음
점자 홍보물 점자안내판 있음
오디오 가이드 음성안내기 있음
관람석 장애인 전용 관람석 있음(2석)
닫기","
근처 캠핑장에 왔다가 아이들하고 같이 방문했는데, 유익한 정보도 많고 유치원, 초등저학년 아이들 수준에도 지루해하지 않고 잘 관람했어요. 야외놀이터를 더 좋아하긴했지만요^^
수* 2025. 2. 19.
00
신고하기
신고하기
방문자 후기
4D 협곡탐험.. 드론의 시점이라서 보는재미가 있었어요 7분이라 짧았지만 포천한탄강의 지리를 파악할슨있었어요 예전에 방문했을때는 계속 지어지는중이었나봐요 이번에는 제대느 체험했는데 좋았어요
윤*선 2024. 10. 19.
00
신고하기
디지털관이 아주 멋졌어요
진*휘 2024. 8. 19.
00
신고하기
1층에서는 한탄강의 지질 역사와를 알 수 있고 2층에서는 생물탐사대 전시로 모자랑 조끼 착용하고 탐사대원이 되어 구경할 수 있어서 재미있었어요 ㅎㅎㅎ
S**n 2024. 8. 2.
00
신고하기
포천 지질탐사를 한번에 끝낼 수 있어서 좋았습니다 디지털 그래픽 아름다웠구요 담엔 더 환상적으로 업그레이드되길 기원합니다
賢****e 2024. 6. 11.
00
입장료는 무료입니다. 영상관은 미리 신청하면 무료로 관람 가능합니다. 특정 시간마다 해설사님께서 지질관련 설명을 해주시고 각종 암석을 만저볼 수 있습니다. 생물탐사대 코너에서는 유충과 성충을 직접 만져볼 수도 있습니다. 디지털체험관에는 입장료가 있습니다만 입장료의 절반 가량의 금액을 포천지역 상품권으로 돌려줍니다. 센터 밖에는 카페와 놀이터가 있습니다.
파*달 2024. 6. 9.
00
신고하기","경기도 포천시 영북면 비둘기낭길 55","2025-03-18 16:47:03",38.073216,127.224633
256,256,"평화의 댐 물 문화관> 여행지 | 산업관광:대한민국 구석구석","강원특별자치도 화천군에 위치한 평화의 댐은 물줄기를 막은 댐이자 안보 관광지이다. 이곳에서 평화의 댐과 건설에 관한 자료와 물 자원, 금강산댐에 대한 전시를 둘러보고 외부에 전시된 평화의 종을 울려 볼 수도 있다. 주변 관광지 개발에 따라 새로운 관광명소로 부상되고 있다. 다양한 주제의 테마 공간뿐만 아니라 홍보영상물 상영도 가능하다.","문의 및 안내
033-480-1528
033-480-1510
홈페이지 https://www.kwater.or.kr
주소 강원특별자치도 화천군 화천읍 평화로 3481-18
이용시간 10:00~17:00
휴일 매주 월요일 / 법정공휴일 / 근로자의 날
주차 가능
체험가능 연령 전 연령
입장료 무료
접근로 출입구까지 경사로가 설치되어 있음_무장애 편의시설
출입통로 주출입구는 경사로가 있어 휠체어 접근 가능함
화장실 장애인 전용 화장실 있음
더보기","등록된 댓글이 없습니다.
","강원특별자치도 화천군 화천읍 평화로 3481-18","2025-03-18 16:47:11",38.213453,127.844072
257,257,"천상병 귀천(歸天) 공원> 여행지 :대한민국 구석구석","천상병 귀천공원은 인천광역시 강화군에 위치한 공원으로 천상병 시인의 대표 시 ‘귀천’의 시상을 떠올리게 한 건평 포구의 하늘을 구경할 수 있는 공원이다. 일본에서 태어나 경남 마산에서 자란 천상병 시인은 마산의 바닷가를 그리워했지만, 여비를 마련하지 못해 대신 강화도를 자주 찾았다고 한다. 건평포구에서 막걸리를 마시며 끄적인 메모가 ‘귀천’이라고 한다. 공원에서 만날 수 있는 천상병 시인의 동상은 보는 각도에 따라 느낌이 다르다고 하는데, 정면은 한없이 해맑고 측면에서는 외로움이 느껴지기도 한다. 시비는 천상병의 육필을 새긴 것이라고 하니, 이것 또한 눈여겨보면 좋겠다.
내용 더보기","문의 및 안내 032-932-2302
주소 인천광역시 강화군 양도면 건평리 889
이용시간 상시 개방
휴일 연중무휴
주차 가능
요금 (무료)","
댓글 더보기","인천광역시 강화군 양도면 건평리 889","2025-03-18 16:47:15",37.681439,126.396082
258,258,"강남축구공원> 여행지 :대한민국 구석구석","강릉 지역 주민들의 건강 증진과 생활 체육 활성화 등의 스포츠 복지를 실현하고 축구의 고장인 강릉에서 전국 규모의 축구 대회를 유치하는 등의 목적으로 세워진 체육 시설이다. 「강릉시 문화 체육 시설 관리 및 운영 조례」에 따라 운영되고 있으며, 최신 시설을 갖추고 있다. 시민 누구나 편리하게 이용할 수 있다. 강남축구공원 내 스쿼시장과 볼링장도 있다. 축구장(인조 잔디)은 유료 이용이고, 사용일 7일 전에 강릉시 체육 시설 관리사무소에 사용신청서를 제출해야 한다. 풋살장, 족구장, 농구장은 무료로 이용할 수 있고 강남축구공원 관리사무실에 사용신청서만 제출하면 된다.
내용 닫기","문의 및 안내 033-640-4552
홈페이지 https://www.gn.go.kr/
주소 강원특별자치도 강릉시 남부로 222 (노암동)
이용시간 - 하계(3월~10월) 05:00~22:00
- 동계(11월~2월) 06:00~22:00
휴일 연중무휴
주차 가능
시설이용료 이용시설·요일·시간대별 상이하므로 홈페이지 참조","등록된 댓글이 없습니다.
","강원특별자치도 강릉시 남부로 222 (노암동)","2025-03-18 16:47:19",37.74362,128.907427
259,259,"강화산성> 여행지 | '열린 관광' 모두의 여행:대한민국 구석구석","강화읍을 에워싸고 있는 고려시대의 산성이다. 몽골의 침입으로 백성과 국토가 수난을 당하자, 당시 실권자인 최우는 1232년 강화도로 수도를 옮겼다. 왕궁과 성·관아 시설은 1234년 본격적인 공사가 시작되었다. 이때 개경의 궁궐과 비슷하게 지어 산의 이름도 송악이라 지었다. 성은 흙으로 쌓았고, 내성·중성·외성으로 이루어져 있고, 내성은 주위 약 1,200m로 지금의 강화성이다. 중성은 내성을 지키기 위해 쌓았으며, 외성은 1233년 강화 동쪽해안을 따라 쌓았다. 이 외성은 몽골군이 바다를 건너 공격하지 못하게 한 가장 중요한 방어시설이자, 정부가 39년간 육지로부터 물자를 지원받았던 곳이기도 하다. 고려 원종 11년(1270) 개경으로 수도를 다시 옮기면서 몽골과 강화조약의 조건으로 성을 모두 헐게 되었다. 조선 전기에 내성이었던 강화성을 축소하여 다시 지었다. 1637년 병자호란 때 청군에 의해 다시 파괴당하였고, 숙종 3년(1677)에 성을 보수하면서 모두 돌로 쌓고 넓혀 지었다. 남문인 안파루·북문인 진송루·서문인 첨화루와 동문인 망한루가 있으며, 비밀통로인 암문 4개 그리고 수문이 2개 남아있다. 높은 곳에서 망을 보기 위한 장대와 성위에서 몸을 감추기 위한 여장 등의 방어시설도 갖추고 있었으나 여장은 모두 무너졌다. 현재 성의 동쪽 부분은 없어졌으나, 남북 쪽 산자락은 복원 정비되어 있다. 조선 후기 병인양요·신미양요와 일본 침략에 의한 강화조약을 체결한 수많은 외세침략의 역사적인 현장이다.

(출처 : 국가유산청)
내용 닫기","문의 및 안내 032-932-5464
홈페이지 http://www.ganghwa.go.kr/open_content/tour/
https://www.khs.go.kr/main.html
주소 인천광역시 강화군 강화읍 국화리 산3번지 국화리, 신문리, 관청리, 남산리
이용시간 상시 개방
휴일 연중무휴
주차 가능
요금 (무료)
지정현황 사적 강화산성 (1964.06.10 지정)
장애인 주차 안내 장애인 전용 주차구역 있음_무장애 편의시설
화장실 장애인용화장실 있음(서문)
닫기","
배경의 댓글은 현재 가볼래-터 3월호 미션을 완료한 댓글입니다.
가까이있어서 당일로 갔다오기에 좋네요 숲길을 걸으며 힐링도하고 기분전환도하고 좋았어요
아**마 2025. 3. 4.
00
신고하기
정말 웅장하면서 마음이 고요해집니다. 근거리지만 공기도 좋고 경치가 좋습니다.
이*우 2024. 12. 30.
00
신고하기
친구와 다녀왔습니다 서울과 가까워서 대중교통 타고 갈 수 있는게 가장 큰 장점입니다! 외침에 저항했던 기개를 느낄 수 있습니다
모* 2024. 12. 20.
00
신고하기
아무래도 도심에서 가까워 여행지라 그런지 강화도를 자주 가게 됩니다. 막상 가보면 웅장하고 그런 느낌은 아니지만 유적지라 느껴지는 특별함이 있어요. 특히 아이와의 여행지로 추천하고 종종 생각나는 여행지예요.
장*현 2023. 11. 30.
00
신고하기","인천광역시 강화군 강화읍 국화리 산3번지 국화리, 신문리, 관청리, 남산리","2025-03-18 16:47:25",37.75549,126.477273
260,260,"괴산 둔율 올갱이마을> 여행지 :대한민국 구석구석","둔율 올갱이마을은 올갱이가 많이 서식하는 너른 하천이 인근에 흘러 여름철에 휴가객들에게 인기가 높은 곳이다. 그러나 수확이 끝나고 겨울이 다가오는 11월이면 또다시 마을이 분주해진다. 괴산은 절임배추 생산지로도 유명하지만 고추 농사도 많이 짓는다. 이런 지역 특산물을 활용한 김장 체험이 활발하게 진행되기 때문이다. 김장뿐만 아니라 청국장, 손두부 등의 건강한 우리 음식 만들기 체험도 할 수 있다.","문의 및 안내 043-830-3903
홈페이지 https://www.goesan.go.kr/
주소 충청북도 괴산군 칠성면 둔율길 142
이용시간 상시 개방
휴일 연중무휴
주차 가능
체험 안내 친환경농사체험 / 생태체험
※ 체험은 계절에 따라 변동되므로 홈페이지 참조
입장료 무료","등록된 댓글이 없습니다.
","충청북도 괴산군 칠성면 둔율길 142","2025-03-18 16:47:28",36.783144,127.848888
261,261,"강화역사박물관> 여행지 | '열린 관광' 모두의 여행:대한민국 구석구석","강화역사박물관은 강화의 문화유산을 보존·연구하여 전시할 목적으로 세워진 공립박물관으로 갑곶돈대 옆에 있었던 것을 2010년 지금의 자리로 이전했다. 상설전시실, 기획전시실을 비롯하여 영상실 등 다양한 부대시설을 갖추고 있다. 상설전시실에는 강화의 선사유적지와 고려왕릉에서 출토된 유물과 향교, 전통 사찰 소장품 등의 문화재가 전시되어 있고, 기획전시실에서는 해마다 다채로운 주제의 특별전이 열린다. 강화 역사의 이해를 돕기 위해 영상실과 교육프로그램을 함께 운영하고 있어 복합문화공간으로서 역할을 다하고 있다. 강화역사박물관은 고인돌공원 옆에 자리 잡고 있어 세계문화유산으로 지정된 강화고인돌과 길이 710cm, 너비 550cm 되는 거석인 청동기시대의 대표적 유물인 강화지석묘를 볼 수 있다.
내용 더보기","문의 및 안내 032-934-7887
홈페이지 강화역사박물관 http://www.ganghwa.go.kr
주소 인천광역시 강화군 하점면 강화대로 994-19
이용시간 09:00~18:00 (매표 마감 17:30)
휴일 매주 월요일 / 1월 1일 / 설날·추석 당일
주차 가능
요금 (무료)
이용요금 [개인]
- 일반 3,000원
- 어린이·청소년·군인 2,000원
[단체]
- 일반 2,500원
- 어린이·청소년·군인 1,500원
※ 이용요금은 변동될 수 있으므로 홈페이지 참고
접근로 출입구까지 단차가 없어 휠체어 접근 가능함
출입통로 주출입구는 경사로가 있어 휠체어 접근 가능함
장애인 주차 안내 장애인 전용 주차구역 있음(2대,공용사용 가능한 자연사박물관에 추가 2대)_무장애 편의시설
더보기","등록된 댓글이 없습니다.
","인천광역시 강화군 하점면 강화대로 994-19","2025-03-18 16:47:30",37.773695,126.435313
262,262,"달기약수닭백숙해성> 여행지 :대한민국 구석구석","청송의 대표적인 먹거리 중의 하나가 바로 ‘달기약수닭백숙’이다. 철분 함량이 높은 청송 달기약수로 푹 곤 닭백숙은 위장병에 효험이 있다 하여 더 유명한데 그 맛도 일품이다. 지방 성분을 제거하는데 탁월하다는 달기약수 때문인지 육질에서 느껴지는 담백함도 대단하지만 미숫가루를 탄 듯한 연한 갈색의 국물이 아주 담백하고 구수하다. 주왕산을 오르는 여행객들이 ‘달기약수 닭백숙’을 두고 흔히 하는 말인 ‘주왕산도 식후경’이 떠오르는 곳이다.
내용 더보기","문의 및 안내 054-873-2351
주소 경상북도 청송군 청송읍 중앙로 415
영업시간 10:30~20:00
휴일 연중무휴
주차 가능
대표메뉴 약수토종닭백숙
취급메뉴 약수토종닭능이백숙 / 수제떡갈비석쇠구이 등","
청송에서 다른 닭요리는 먹어봤는데 백숙도 먹고싶네요
미**사 2024. 9. 11.
00
신고하기","경상북도 청송군 청송읍 중앙로 415","2025-03-18 16:47:34",36.441639,129.071389
263,263,"생수양어장횟집> 여행지 :대한민국 구석구석","생수양어장횟집은 강원도 철원군 근남면 잠곡 저수지에 위치하고 있으며 직접 송어를 양식하고 있는 음식점으로 마당에 커다란 양식장 3개가 있어 언제나 싱싱한 송어회를 먹을 수 있는 곳이다. 실내도 여러 개의 룸과 대규모 단체 손님도 받을 수 있는 큰 홀도 있으며 내부 창이 커다란 통 창으로 되어 있어 식사를 하면서 아기자기하게 꾸며진 정원을 볼 수 있도록 되어 있다. 이곳은 카페도 같이 운영 중에 있어 저렴한 가격에 후식까지 해결이 가능하다.
내용 닫기","문의 및 안내 033-458-1205
주소 강원특별자치도 철원군 근남면 하오재로 923
영업시간 11:30~20:00 (마지막 주문 18:30)
휴일 매주 일요일
주차 가능
대표메뉴 송어회","등록된 댓글이 없습니다.
","강원특별자치도 철원군 근남면 하오재로 923","2025-03-18 16:47:40",38.150553,127.465096
264,264,"아우내엄나무순대> 여행지 :대한민국 구석구석","아우내엄나무순대는 순대전문점으로 병천순대거리 가장자리에 위치하였다. 대표 메뉴는 순대국밥으로 잡내 없이 깔끔한 맛을 내며 고기가 푸짐하고 다양하게 들어가 있고 순대는 공장 순대가 아닌 식당 레시피로 직접 만들어 잡내가 없고 몸에도 좋으며 김치, 깍두기도 직접 만들어 지역 주민 사이에서 로컬 맛집으로 인정받고 있다. 매장 내부에는 단체석이 있어 모임이나 회식장소로 적합하며 주차장은 별도로 없지만 병천순대거리 공영주차장이나 식당 바로 옆, 뒤 쪽에 주차가 가능하다.
내용 더보기","문의 및 안내 041-568-5561
주소 충청남도 천안시 동남구 병천면 아우내순대길 1
영업시간 11:00~20:00 (준비시간 15:00~17:00 / 마지막 주문 19:30)
휴일 매주 화요일
주차 가능
대표메뉴 얼큰순대국밥
취급메뉴 모둠순대한접시 / 막창순대철판볶음 / 곱창순대전골 등","등록된 댓글이 없습니다.
","충청남도 천안시 동남구 병천면 아우내순대길 1","2025-03-18 16:47:51",36.75857,127.296413
265,265,"서울대학교병원 의학박물관> 여행지 | '열린 관광' 모두의 여행:대한민국 구석구석","서울대학교병원 의학박물관은 한국에서 가장 오래된 근대병원 건물인 서울 대한의원 건물에 자리하고 있다. 대한의원은 1907년 대한제국 고종 황제의 명령에 의해 설립된 종합병원이다. 의정부 직속으로 창경궁의 바깥 정원인 함춘원의 언덕에 지었다. 처음에는 병동과 부검실, 의학교가 지어졌으나, 현재는 본관건물만 남아 있다. 1910년 대한의원은 조선총독부의원으로 바뀌었고, 1911년에는 부속 의학강습소로 이름이 바뀌었으며, 1926년에는 경성제국 대학에 포함되면서 대학병원으로 되었다. 광복 뒤에는 서울대학교 의과대학 병원의 본관이 되었다.
1976년 서울대학교 의과대학 건물에 의학박물관이 설치된 이후 1992년 의과대학과 서울대학교병원이 소장하고 있던 의학 관련 유물과 문서들을 보존, 연구, 전시할 목적으로 박물관이 이 유서 깊은 건물 안에 설치되었다. 박물관의 소장품은 대한의원 개원 칙서 등 대한의원 관련 유물을 비롯하여 서울대학교병원의 역사와 한국 근현대 의료의 역사를 보여주는 각종 자료 및 기증품 등으로 구성되어 있다. 이러한 소장품을 바탕으로 근대 의료 역사를 한눈에 살필 수 있는 상설 전시와 특별전을 기획·개최하고 있으며, 방학 기간에는 다양한 주제의 교육프로그램을 운영하고 있다.
2007년에는 대한의원 설립 100주년을 맞아 사적 제248호으로 지정된 대한의원 본관(시계탑 건물) 2층 전체를 새롭게 단장하였다.
내용 닫기","문의 및 안내 02-2072-2636
홈페이지 http://medicalmuseum.org
주소 서울특별시 종로구 대학로 101 (연건동)
이용시간 [박물관]
- 월요일~금요일 09:00~18:00
- 토요일 10:00~15:00
[시계탑 전시실]
- 평일 11:00 / 16:00
- 토요일 11:00
※ 시계탑 전시실은 해당 시간에만 신청받고 개방
휴일 매주 일요일 / 법정공휴일 / 근로자의 날(5월 1일) / 법인화 기념일 (10월 15일)
주차 가능
주차 요금 30분 초과 40분까지 8,000원 / 이후 10분당 2,000원
이용요금 무료
접근로 출입구까지 턱이 없어 휠체어 접근 가능함
출입통로 주출입구는 턱이 없어 휠체어 접근 가능함
장애인 주차 안내 장애인 주차장 있음_무장애 편의시설
닫기","등록된 댓글이 없습니다.
","서울특별시 종로구 대학로 101 (연건동)","2025-03-18 16:48:01",37.57707,126.99733
266,266,"한국자연사박물관> 여행지 | '열린 관광' 모두의 여행:대한민국 구석구석","한국자연사박물관은 자연경관이 아름답기로 유명한 계룡산 국립공원 자락에 있으며, 국내 최대 규모와 최다의 소장품을 자랑하는 교육과 체험의 명소이다. 직접투자, 발굴에 참여한 청운이라 불리는 천우호연사우르스청운엔시스 공룡의 실물 화석과 계룡산 특산식물 동물, 곤충, 자연사 관련 자료 등을 수집, 보존 및 전시 연구를 하고 있다. 전시관은 총 3층으로 지구상의 생명체에 기본이 되는 정보들부터 다양한 화석, 동물의 세계와 바다의 세계까지 다양한 전시로 구성되어 있다. 특별한 날에 운영하는 특별 전시도 진행하는데 정보는 홈페이지를 참고하면 된다. 한국자연사박물관에서 과학에 대해 자연스럽고 재미있게 배워보는 시간을 가져볼 수 있다.
내용 더보기","문의 및 안내 한국자연사박물관 042-824-4055
홈페이지 http://krnamu.or.kr
주소 충청남도 공주시 반포면 임금봉길 49-25
이용시간 10:00~18:00
휴일 매주 월요일, 화요일
주차 가능
요금 (무료)
이용요금 [개인]
- 어른 9,000원
- 초, 중, 고 6,000원
- 24개월 이상 4,000원
[단체 (20인 이상)]
- 어른 8,000원
- 초, 중, 고 5,000원
- 24개월 이상 3,000원
※ 자세한 사항은 홈페이지 참고
규모 41.002㎡ / 지상3층 ~ 지하1층
체험프로그램 자연과학교육프로그램 / 과학캠프 등
접근로 출입구까지 경사로가 설치되어 있음
출입통로 주출입구는 단차가 없어 휠체어 접근 가능함
장애인 주차 안내 장애인 전용 주차구역 있음(입구 오른쪽)_무장애 편의시설
엘리베이터 엘레베이터 있음
휠체어 대여가능
유모차 대여가능
화장실 장애인 전용 화장실 있음
관람석 장애인 전용 관람석 있음
점자 홍보물 촉지안내도 있음
닫기","등록된 댓글이 없습니다.
","충청남도 공주시 반포면 임금봉길 49-25","2025-03-18 16:48:07",36.366314,127.247841
267,267,"영인산산림박물관> 여행지 | '열린 관광' 모두의 여행:대한민국 구석구석","영인산산림박물관은 영인산자연휴양림 내 산림에 관한 자료 수집과 교육, 산림문화 창달을 통한 산림문화 현장학습장의 역할과 전시 및 연구를 목적으로 건립되었다. 본관은 예술, 놀이, 체험, 교육 등 다양한 분야에서 자연과 숲을 접하고 이해하도록 하였으며, 별관은 상상과 치유의 숲 개념을 도입하여 구성하였다. 영인산산림박물관은 산림문화를 보존, 전파하여 시민에게 산림의 소중함을 다시 인식할 기회를 제공하고, 일상에 지친 현대인들에게 숲을 통한 휴식과 치유를 제공하는 신개념 산림박물관이다.
내용 더보기","문의 및 안내 041-538-1942
홈페이지 http://museum.asanfmc.or.kr/museum/
주소 충청남도 아산시 염치읍 아산온천로 16-30
이용시간 - 하절기 10:00~18:00 (입장마감 17:00)
- 동절기 10:00~17:00 (입장마감 16:00)
휴일 매주 월요일 / 1월 1일 / 설·추석 연휴
주차 가능
요금 (소형 3,000원 / 중형 3,000원 / 대형 4,000원)
주차 요금
이용요금 무료
체험프로그램 박물관활동지 / 푸른솔상영관 / 숲속체험 등
접근로 문화시설 부지가 넓음. 이동경로 폭 넓음..
문화시설 특성상 휠체어, 전동 스쿠터 사용자 이용 쉬움.
내부 턱 없음.
출입통로 출입통로 형태 : 자동문
출입통로가 넓고 주차장 진입로에 무장애숲길 마련되어있어 휠체어, 전동 스쿠터 사용자 진입 쉬움.
내부 턱 없음.
장애인 주차 안내 장애인 전용 주차구역 주차 대수 : 4대(영인산림박물관입구)
주변 휠체어 이용자 등이 이용할 수 있는 여유공간 있음.
박물관까지의 거리 : 800m
점자 블록 점자블록 있음(주요시설 앞)_시각장애인 편의시설
휠체어 대여가능
수유실 수유실 있음(2층)
유모차 대여가능
안내 요원 안내요원 있음
화장실 장애인 화장실 있음.
보조견 동반 동반가능
대중 교통 대중교통 없음.
닫기","
날씨가 갑자기 추워져 따끈한 온천생각이 나서 스파파라다이스도고에 다녀왔어요. 실내 바데풀장은 따뜻하고 실외는 온천물로 파도풀장이 운영되고 있더라고요. 따뜻하게 온천을 즐기고 왔습니다. 근처 숙박시설인 영인산 자연휴양림에서 1박했는데, 여기 휴양림에서 안쪽으로 트레킹삼아 올라가면 산림박물관이 있더라고요. 산림 안내 구성도 알차고 여러가지 체험할수 있게 해놨고요. 산림박물관 가는길은 겨울풍경을 즐길수 있었고 곳곳에 마련된 스탬프 미션 성공하면 산림박물관에서 기념품도 받을수있어요. 영인산자연휴양림에서는 수영장도 운영하는거같아 올여름에 다시 도전해보려고요.
김*정 2025. 1. 7.
00
신고하기
산을 오르다 마주친 산림박물관에서 더위를 피하고 산림의 역사도 배우고 좋았어요
빨**선 2024. 8. 15.
01
신고하기
아이와 함께 다녀왔는데 볼거리도 많고 활동지도 있어서 아이가 재미있게 배울 수 있어서 좋았어요. 생각보다 넓고 유익한 내용이 많아서 좋았습니다.
c*****s 2023. 11. 1.
00
신고하기","충청남도 아산시 염치읍 아산온천로 16-30","2025-03-18 16:48:15",36.841179,126.941731
268,268,"한국미술관> 여행지 :대한민국 구석구석","한국 미술의 다양한 전시를 소화할 수 있는 첨단 시설을 갖춘 1,460㎡의 한국 최대 규모를 갖춘 대형 전시관이다. 넓고 시원한 전시 공간과 시설로 전시 작품을 돋보이게 한다. 최신 장비를 설비하여 작품 감상을 위한 최상의 환경을 구축하였으며 미술에 친근하게 다가갈 수 있는 부대시설도 조성되어 있다. 한국 미술의 중심지이자 대표 화랑가인 인사동의 중심에 위치하여 국내외 관광객은 물론 미술 애호가, 일반인들이 쉽게 방문할 수 있다.
내용 더보기","문의 및 안내 02-720-1161
홈페이지 https://www.koreagallery.co.kr/default/
주소 서울특별시 종로구 인사동길 12 (인사동)
이용시간 10:00~18:00
휴일 연중무휴
주차 가능
요금 (30분 1,500원)
이용요금 무료","등록된 댓글이 없습니다.
","서울특별시 종로구 인사동길 12 (인사동)","2025-03-18 16:48:18",37.570812,126.987531
269,269,"충북문화관> 여행지 | '열린 관광' 모두의 여행:대한민국 구석구석","1939년 건립된 충북도지사 관사가 71년간의 역사를 뒤로하고 도민들이 자유롭게 이용할 수 있는 창조적이고 미래지향적인 문화예술 공간으로 탈바꿈하였다. 충북문화관은 역사와 건축적 상징성을 간직하고 과거, 현재, 미래가 공존하는 공간으로서 문화의 집, 카페, 숲속갤러리, 야외공연장을 갖춘 충북의 역사, 문화, 예술의 향기가 가득한 도심 속 문화예술공간이다.

(출처 : 충북문화재단 홈페이지)
내용 더보기","문의 및 안내 043-223-4100
홈페이지 www.cbfc.or.kr
주소 충청북도 청주시 상당구 대성로122번길 67 충청북도지사관사
이용시간 [하절기(3월~10월)]
- 주중 : 10:00~19:00
- 주말 : 10:00~18:00
[동절기(11월~2월)]
- 주중 : 10:00~18:00
- 주말 : 10:00~17:00
휴일 매주 월요일 / 1월 1일 / 설·추석 연휴
주차 가능
이용요금 무료
접근로 문화시설 부지 넓음. 이동경로가 넓어 휠체어, 전동 스쿠터 사용자 손쉽게 이용 가능
내부 턱 있음.
출입통로 출입통로 형태 : 여닫이문.
출입통로가 넓어 휠체어, 전동 스쿠터 진입 쉬움.
손잡이 있음. 경사로 있음.
장애인 주차 안내 장애인 전용 주차구역 주차 대수 : 2대
해당 문화시설에 미리 연락하여, 문화관 출입구쪽에 임시 주차 가능.
문화시설까지의 거리 : 약 70m.
엘리베이터 엘리베이터 있음(수동식, 2층건물)
점자 블록 점자블록 있음(주출입구)_시각장애인 편의시설
화장실 장애인 화장실 있음
대중 교통 대중교통 없음.
닫기","
신고하기
방문자 후기
충북문화인들에대한설명도잘되어있고,관사였던이곳의집구성에대해서도잘설명되어있어요 여행하다힘드실때잠시책보면서쉴수도있습니다
강*네 2024. 12. 13.
00
신고하기
방문자 후기
좋아요
자***주 2024. 12. 13.
00
신고하기
방문자 후기
문화해설도 있습니다
효**선 2024. 12. 13.
00","충청북도 청주시 상당구 대성로122번길 67 충청북도지사관사","2025-03-18 16:48:24",36.636904,127.495974
270,270,"안동선비문화박물관> 여행지 :대한민국 구석구석","안동선비문화박물관은 선비정신을 되살려 인성 함양뿐만 아니라 한국 정신문화를 표상하는 영남의 선비문화유산이 고유한 전통의 빛을 발할 수 있도록 하는데 기여하고자 2014년 11월 24일 개관한 박물관이다. 경상북도 유형문화유산 ‘향병일기’를 비롯하여 일부 소장한 자료들이 전시되고 있다. 또한 연수, 기관 단체 교육 워크숍, 세미나, 친목회, 연회 등 각종 행사가 가능한 시설을 갖춰 세대 간 누구나 즐길 수 있는 문화복합공간으로서의 기능도 하고 있다.
내용 닫기","문의 및 안내
054-852-4508
054-843-4406
홈페이지 https://www.andongsunbi.com/
주소 경상북도 안동시 풍산읍 경서로 4380-49
이용시간 10:00~17:00 (입장마감 16:00)
휴일 매주 월요일 / 1월 1일 / 설날 및 추석 당일
주차 가능
이용요금 - 초등학생 3,000원
- 일반 5,000원
※ 무료 : 미취학 아동
할인 정보 - 단체(20인 이상)관람 시 10% 할인 적용
체험프로그램 전통놀이 / 서예체험 / 유복체험 / 민화부채 그리기 / 민화패브릭 / 전통책 만들기 / 전통한복방향제 만들기 / 전통문양 LED 만들기 / 나전칠기 체험 등
닫기","등록된 댓글이 없습니다.
","경상북도 안동시 풍산읍 경서로 4380-49","2025-03-18 16:48:28",36.592829,128.595927
271,271,"(사) 국가무형유산 고성오광대보존회> 여행지 :대한민국 구석구석","고성오광대는 경상남도 고성군 지방에서 전해 내려오는 가면극이다. 가면극이라 함은 우리가 흔히 탈춤이라고 부르고 있는, 탈을 쓰고, 춤을 추며 재담(익살을 부리며 재미있게 하는 말)을 하는 오래된 우리의 공연예술이고, 경상우도(지도를 바라보며 낙동강 우측의 지역)에서 전승되는 탈놀이를 오광대라 하며, 현재 고성, 통영, 가산에서 이어져 내려오고 있다. 오광대라는 이름의 뜻은 다섯 마당(5과장)으로 놀아지기 때문이라는 말과 다섯 명의 광대가 나와서 노는 놀음이기 때문이라는 말이 있다. 이 가운데 5과장으로 구성된 것은 고성의 경우이고 다른 지역은 일곱 과장, 여섯 과장으로 구성된 경우도 있다. 후자 다섯 명의 광대가 나와서 공연함에서 연유된 것, 특히 동·서·남·북·중앙의 다섯 방위(오 방)를 상징하는 다섯 광대가 나와서 하는 놀이가 주가 되었기에 이것을 근간으로 오광대라는 명칭으로 두루 쓰이게 되었다.

고성오광대는 5과장으로 구성된다. 제1과장 문둥 광대에서는 문둥이가 소고를 들고 나와 구성지게 춤을 추며, 제2과장 오광대에서는 양반들이 춤을 추고 하인 말뚝이가 양반을 희롱하며, 제3과장 비비에서는 괴물 비비가 양반을 잡아먹으며 희롱하고, 제4과장 승무에서는 중이 각시와 어울려 춤추는 것을 풍자하며, 제5과장 제밀주에서는 큰 어미가 제밀주와 영감을 두고 다투다 죽어 상여가 나가는 처첩 관계를 풍자한다.

고성오광대는 춤과 재담, 소리와 몸짓으로 이어 나가는데 춤이 추가되고 특히 덧배기 춤이 돋보인다. 탈은 조선 후기에는 나무로 만들어 썼다고 하나 광복 이후에는 마분지를 이기어 만들어 쓰다가 다시 일부 가면은 나무로 만들기도 하였으며 다른 지방에 비해 극채색을 많이 쓴다. 현재 사용하는 탈은 문둥이, 말뚝이, 원양반, 청제양반, 적제양반, 백제양반, 흑제양반, 종가도령, 비비, 비비양반, 중, 각시, 영감, 할미, 제밀주, 마당쇠 등 거의 모든 등장인물이 쓰고 봉사, 상주, 상두꾼은 탈을 쓰지 않는다. 춤의 반주 음악으로는 주로 굿거리장단이 쓰이고, 반주 악기로는 원래 피리, 젓대, 해금, 가야금, 거문고, 장구, 북, 꽹과리 등이었다고 하나 근래에는 꽹과리, 징, 장구, 북 등 농악기를 사용하고 있다.

사단법인 국가무형유산 고성오광대보존회는 오광대가 국가무형유산으로 지정된 후 구성되어 1973년 전국민속예술경연대회에서 국무총리상을 수상하였고, 1974년에는 대통령상을 수상한 바가 있다. 그리고 2019년 에 열린 제60회 기념 한국민속예술축제 왕중왕전에서 대통령상을 수상하여 최초 2회 대통령상 수상의 영광을 안게 되었다. 고성오광대보존회에서 매년 실시하는 탈놀이배움터는 1970년부터 현재 전국의 50,000여 명의 학생과 직장인, 외국인에게 고성오광대 탈놀이를 전수했으며, 이는 전국 무형문화재 중 가장 오랜 역사와 숫자를 자랑하고 있다. 또한 매년 정기공연 및 기획공연을 비롯하여 국내외의 크고 작은 여러 공연과 국제 행사 초청 공연 등 약 1,000여 회의 공연과 행사를 통해 고성오광대를 널리 알리고 있다.
내용 닫기","문의 및 안내 055-674-2582
홈페이지 http://www.ogwangdae.or.kr
주소 경상남도 고성군 고성읍 남해안대로 2571
주차 가능
체험프로그램 고성오광대 전수교육 / 상설공연 및 전시","등록된 댓글이 없습니다.
","경상남도 고성군 고성읍 남해안대로 2571","2025-03-18 16:48:33",34.973641,128.334132
272,272,"붓이야기박물관> 여행지 :대한민국 구석구석","2017년에 문을 연 붓 이야기 박물관은 한국 전통 붓을 살펴볼 수 있고, 붓과 관련된 여러 체험이 가능하다. 박물관은 2층으로 이뤄졌다. 1층에서는 붓 한 자루를 만들기 위해서 100번이 넘는 장인의 손길이 필요하다는 사실을 깨달을 수 있다. 박물관 관장인 박경수 필장을 모델로 만든 피규어를 통해 한국 전통 붓을 어떻게 제작하는지 쉽게 이해할 수 있는 덕분이다. 2층에서는 붓을 이용해 각종 체험을 할 수 있다. 대표적인 체험으로는 화선지에 캘리그래피를 완성한 다음 머그컵이나 에코백을 만드는 캘리그래피 작품 만들기, 붓의 재료인 털을 직접 만져보고 다뤄보면서 붓을 만드는 나만의 붓 만들기, 물로 쓰는 화선지에 글씨를 직접 써보고, 그림을 그려보는 체험 등이 있다.
내용 더보기","문의 및 안내 033-255-0580
홈페이지 http://brushstory.co.kr/
주소 강원특별자치도 춘천시 서면 박사로 906
이용시간 10:00~18:00
휴일 매주 월요일
주차 가능
주차 요금 무료
이용요금 무료
체험프로그램 물로 쓰는 화선지와 붓 체험 / 캘리그라피 작품 만들기 / 나만의 붓 만들기","등록된 댓글이 없습니다.
","강원특별자치도 춘천시 서면 박사로 906","2025-03-18 16:48:35",37.896687,127.692608
273,273,"독립기념관단풍나무숲길(단풍나무숲길독립기념관)> 여행지 :대한민국 구석구석","독립기념관 단풍나무숲길은 2017년 ‘제1회 단풍나무숲길힐링축제’ 개최를 통해 독립운동사 강연, 통기타 공연, 사진 촬영 등 다채로운 프로그램을 선보였다. 전국의 관광객들에게 독립기념관 단풍나무길을 알리는데 큰 역할을 하였다. 독립기념관 단풍나무숲길은 봄과 여름에는 파랗지만 가을에는 어김없이 빨갛게 물드는 고유수종 청단풍으로 이루어졌다. 수령 20년이 넘은 나무가 터널을 이루어 여느 단풍길과 비교해도 손색이 없다.
내용 닫기","문의 및 안내 041-560-0114
홈페이지 독립기념관 홈페이지 https://i815.or.kr/2018/main.do
천안시 문화관광 https://www.cheonan.go.kr/
주소 충청남도 천안시 동남구 목천읍 독립기념관로 1
이용시간 - 하절기(3월~10월) 09:30~18:00
- 동절기(11월~2월) 09:30~17:00
휴일 매주 월요일 (단, 월요일이 공휴일인 경우 정상 운영)
주차 가능
이용요금 무료","
댓글 더보기","충청남도 천안시 동남구 목천읍 독립기념관로 1","2025-03-18 16:48:40",36.783133,127.223707
274,274,"부산 스마트시티 전시관> 여행지 | '열린 관광' 모두의 여행:대한민국 구석구석","부산 스마트시티 체험관은 부산시가 추진하고 있는 부산의 스마트시티 서비스를 국내외에 소개하고 체험관 내에서 직접 체험할 수 있는 전시체험 공간이다. 부산 스마트시티 체험관에는 ‘스마트시티 통합정보모니터링‘, ‘스마트가로등‘, ‘스쿨존 보행안전 서비스‘ 등 다양한 체험 서비스가 구성되어 있으며, 이는 현재 부산에서 실현되고 있는 스마트시티 서비스로 스마트시티로 변화하고 있는 부산을 체감할 수 있다.","문의 및 안내 051-749-9432
홈페이지 https://www.instagram.com/busan.smartcity/
주소 부산광역시 해운대구 센텀동로 41 부산정보산업진흥원 2층
이용시간 10:00~18:00
※ 사전예약제로 운영되므로 홈페이지 참조
휴일 주말 / 공휴일
주차 가능
요금 (무료)
이용요금 무료
체험프로그램 부산 스쿨존 보안안전서비스 / 스마트가로등 / 스마트 헬스케어 관광 VR





더보기","등록된 댓글이 없습니다.
","부산광역시 해운대구 센텀동로 41 부산정보산업진흥원 2층","2025-03-18 16:48:50",35.172867,129.130745
275,275,"천룡컨트리클럽> 여행지 :대한민국 구석구석","천룡컨트리클럽은 27홀 규모에 소수회원제로 운영되고 있는 골프장이다. 각각의 홀마다 다른 전략성을 가지고 있어 재미를 더한다. 이곳의 홀은 언제든 오픈할 수 있도록 최신장비 및 그린 키퍼들이 있고 잔디는 최고급 중지 및 양잔디를 사용하여 전문관리인들의 전문성을 엿볼 수 있다. 부대시설로는 프로샵, 남녀락카실, 사우나실, 경식당, 대식당, 비즈니스센터 등 특급호텔 수준의 시설을 이용할 수 있다.","문의 및 안내 043-536-1001~5
홈페이지 https://www.crcc.co.kr
주소 충청북도 진천군 이월면 진안로 347-123
이용시간 홈페이지 참고
휴일 연중무휴
주차 가능
이용요금 [그린피]
- 주중 190,000원 ~ 200,000원
- 주말 250,000원 ~ 260,000원
[카트비]
- 100,000원
[캐디피]
- 150,000원
※ 비회원기준요금
※ 자세한 사항은 홈페이지 참고
더보기","등록된 댓글이 없습니다.
","충청북도 진천군 이월면 진안로 347-123","2025-03-18 16:48:55",36.947766,127.387375
276,276,"중리어촌체험마을> 여행지 :대한민국 구석구석","중리 어촌 체험마을은 세계 5대 청정 갯벌 중 하나인 가로림만에 있는 마을로 농어업이 조화롭게 이루어지고 있는 마을이다. 중리 북쪽은 망미산을 비롯한 구릉성 산지이며, 마을 안쪽 주변으로는 대규모 간척지가 발달돼있어 바다낚시뿐만 아니라 민물낚시와 산책로로도 각광받고 있다. 중리의 해안가는 육지의 침강이나 해수면의 상승으로, 육지의 일부가 바다가 되고 바다의 일부가 육지가 되어 복잡하고 아름다운 절경으로 이루어진 리아스식 해안이다.

중리 어촌 체험마을은 자연환경이 잘 보존되어 있기에 풍부한 수산 자원을 바탕으로 마을주민들은 주로 바지락 양식, 굴 양식, 감태 채취나 주꾸미, 붕장어, 우럭, 낙지잡이 등으로 생활을 하고 있다. 또한 중리 어촌 체험마을은 수도권에서 2시간 내외의 어촌 마을 중 아름답고 뛰어난 자연환경이 잘 보존되어 있어 풍부한 수산물 채취 체험이 가능한 마을이다. 이처럼 중리 어촌체험마을은 체험마을로서의 그 무한한 가능성을 인정받아 전국의 체험마을 106개 마을이 경쟁하는 2014년 체험마을 전진대회에서 최우수상을 수상하기도 하였다.
내용 닫기","문의 및 안내 041-665-9498
홈페이지 http://www.중리어촌체험마을.kr/
주소 충청남도 서산시 지곡면 어름들2길 66 (지곡면)
이용시간 물때에 따라 다르므로 홈페이지 참조
휴일 설·추석 당일
※ 전화 문의
주차 가능
체험 안내 갯벌체험 / 깡통열차 / 캠핑카라반
체험가능 연령 전 연령
※ 보호자 동반
입장료 무료","
신고하기
여***자 2023. 8. 1.
00
우선 사무장님이 알려주신 요령으로 갯벌에서 바지락을 캐볼수 있어서 좋았습니다. 시원한 수박도 나눠주셨구요. 사람 관리는 비교적 잘되는 편인데 편의시설이 여러모로 아쉬운 체험마을입니다. 10인실 수산학교 숙소에 화장실이 1개 뿐이고 가격 대비 수건 또한 비치되어 있지 않아 숙소 시설이 비교적 깨끗한 것에 비해 많이 아쉬웠습니다. 나름 열심히 관리하는 체험마을인데 좀 더 개선되었으면 하는 마음으로 후기 남겨봅니다.
여***자 2023. 8. 1.
00
신고하기","충청남도 서산시 지곡면 어름들2길 66 (지곡면)","2025-03-18 16:49:01",36.88039,126.384542
277,277,"월악산장> 여행지 :대한민국 구석구석","월악산장은 충북 제천시에 위치하고 있는 한식 전문점이다. 계곡 근처에 위치하고 있어 여름철엔 평상에서 시원하게 식사가 가능한 곳이다. 집두부김치, 감자전, 도토리묵, 더덕구이 등이 향토음식과 비빔밥, 청국장정식 등의 식사류, 그리고 토종닭과 오리로 만드는 보양식과 민물 매운탕까지 두루 맛볼 수 있다. 사전 예약을 하면 더욱 편리하게 이용가능하다.","문의 및 안내 043-651-5615
주소 충청북도 제천시 한수면 미륵송계로2길 25
영업시간 전화문의 후 방문
휴일 전화문의 후 방문
주차 가능
대표메뉴 토종닭백숙
취급메뉴 닭볶음탕 / 비빔밥(된장) / 더덕구이 등","
댓글 더보기","충청북도 제천시 한수면 미륵송계로2길 25","2025-03-18 16:49:11",36.862381,128.089977
278,278,"사비향> 여행지 :대한민국 구석구석","사비향은 연잎밥만을 판매하는 연잎밥 전문식당이다. 메뉴는 연잎밥정식 단일메뉴이며 우렁무침, 제육볶음, 묵무침, 연근전, 잡채, 미역국 등 다양하고 푸짐하게 한식을 맛볼 수 있다. 이곳에서는 직접 농사지은 정직한 식재료를 사용하여 서비스를 제공하고 있으며 수많은 국내 고객들 뿐만 아니라 일본, 중국, 미국 등 한해 천여 명의 외국인 고객들이 방문하고 있다. 식당 내부는 단체고객을 위한 132석의 넉넉한 좌석수를 갖추고 있다.
내용 닫기","문의 및 안내 0507-1392-0437
주소 충청남도 부여군 부여읍 궁남로 38
영업시간 [평일]
- 11:00 ~15:00
- 마지막 주문 14:20
[주말]
- 11:00~20:00
- 마지막 주문 19:20
휴일 매주 수요일
주차 가능
요금 (무료)
대표메뉴 연잎밥정식","등록된 댓글이 없습니다.
","충청남도 부여군 부여읍 궁남로 38","2025-03-18 16:49:13",36.272994,126.913048
279,279,"연등국제선원> 여행지 :대한민국 구석구석","연등국제선원은 한국의 선(禪)을 수행하는 내, 외국인을 위한 선원이다. 성철 큰 스님을 조실 스님으로 모시는 문도 절로서 큰 스님의 가르침이 오롯이 살아있는 선원이기도 하다. 연등국제선원은 성철 큰 스님의 뜻에 따라 수행하고자 하는 내·외국인, 일반 재가 불자 및 타 종교인들에게도 수행공간을 제공한다. 매년 하안거, 동안거의 결제와 봄, 가을 산철 결제를 진행하여, 세속적인 삶의 혼란에서 벗어나, 참선 수행을 통해 자신의 본마음을 찾는데 전념할 수 있도록 돕고 있다.

(출처 : 인천투어)
내용 닫기","문의 및 안내 032-937-7033
홈페이지 https://itour.incheon.go.kr/
주소 인천광역시 강화군 길상면 강화동로 349-60 (길상면)
이용시간 상시 개방
휴일 연중무휴
주차 가능
요금 (무료)
체험 안내 템플스테이
입장료 무료
※ 체험료는 별도이므로 홈페이지 참고","
템플스테이 체험하니 마음 편해지고 여유롭게 지내다오니 기운이 좋아졌어요 한번씩 가면 좋겠어요
착***틴 2025. 2. 22.
00
신고하기
한해를 보내고 맞이하며 가족들과 템플스테이 다녀온 연등국제선원입니다. 고즈넉한 분위기에서 한해를 조용히 보내고 벅차오르는 새해를 맞이해서 무척 좋은 경험이었습니다. 가족들 모두 좋아한 곳입니다.
V*C 2025. 2. 22.
00
신고하기
엄마와 함께 체험형으로 템플스테이를 해 본 곳인데 방도 깔끔하고 화장실, 샤워실도 가까이 있어 편리했어요. 명상시간, 공양시간, 차담도 좋았어요. 마음이 차분해지고 건강해지는 느낌이 들어 여유만되면 몇 달을 더 지내고 싶은 만족스런 템플스테이였어요.
딩*7 2025. 2. 21.
00
신고하기
방문자 후기
힐링하기 위해 기회가 됨ㅕㄴ 가 보세요.자신을 돌압ㅗ게 되요
l***** 2025. 2. 21.
00
신고하기
머리가 복잡하고 생각할게 많아서 잠시 들렀는데 주지스님의 말씀에 감동을 받아 너무 뜻깊은 시간이었어요.기회가 될때마다 가르침을 받아야겠어요.
울**님 2025. 2. 20.
00
신고하기
정말 고즈넉한 공간이 마음에 들었어요 추천받아 가본 곳인데 후회 안될 정도로 너무 멋진 곳이더라고요 저희 엄마도 엄청 좋아하셨어요 힐링하기 좋은 곳입니다 추천하고 싶어요~~
지*나 2025. 2. 19.
00
신고하기
정말 조용하고 좋더라고요 힐링하기 좋은 곳이라 해마다 가고 있어요 추천합니다!! 가깝고 주변 경관도 예뻐요
하**무 2025. 2. 19.
00
신고하기
댓글 더보기","인천광역시 강화군 길상면 강화동로 349-60 (길상면)","2025-03-18 16:49:19",37.670733,126.483574
280,280,"도자기별카페> 여행지 :대한민국 구석구석","도자기별은 봉포해변을 한눈에 담을 수 있는 카페로 2층 도자기 공예품을 판매하는 스튜디오와 3층 카페, 루프탑으로 되어 있다. 위시벨(풍경), 도자기 드림캐쳐, 도자기 마그넷 등 도자기로 만든 인테리어 소품과 강원특별자치도를 주제로 직접 만든 다양한 기념품 판매하고 있으며, 아메리카노, 카페라테 등 다양한 커피메뉴와 음료, 차 메뉴가 준비되어 있다. 영업시간 변동이 있을 수 있어 방문 전 전화문의하는 것이 좋다.","문의 및 안내 0507-1324-0853
홈페이지 https://www.instagram.com/dojagibyeol/
주소 강원특별자치도 고성군 토성면 토성로 68
영업시간 11:00~18:00 (마지막 주문 17:30)
휴일 매주 수요일
주차 가능
대표메뉴 아메리카노
취급메뉴 카페라떼 / 바닐라라떼 / 바닐라스쿱 블루베리라떼 등","등록된 댓글이 없습니다.
","강원특별자치도 고성군 토성면 토성로 68","2025-03-18 16:49:21",38.252996,128.564905
281,281,"황산지(장흥지)> 여행지 :대한민국 구석구석","황산지는 1962년 12월에 초지진과 황산도를 연결시키는 간척공사로 생긴 양수형 저수지로 삼면이 제방으로 되어 있어 거의 직사각형의 형태를 하고 있다. 수심이 전체적으로 얕고, 바닥이 감탕질로 되어 있다. 수심이 제일 깊은 곳이 3~4m 정도이다. 상류(관리소 앞)는 수심이 얕고 수초가 많아 봄철 포인트로 각광을 받고 있고, 초봄부터 가을까지 꾸준한 조황을 보이며 특히 산란기에 호황을 보인다. 주위에 전등사, 초지진, 정주 산성 등 명승지가 있다.

(출처 : 인천투어)
내용 더보기","문의 및 안내 032-937-2732
홈페이지 https://itour.incheon.go.kr/
주소 인천광역시 강화군 길상면 장흥로 96-1
이용시간 상시 개방
휴일 연중무휴
주차 가능
요금 (무료)","등록된 댓글이 없습니다.
","인천광역시 강화군 길상면 장흥로 96-1","2025-03-18 16:49:24",37.615057,126.512348
282,282,"[백년가게]서울식당> 여행지 :대한민국 구석구석","충북 괴산군 괴산 시외버스터미널 인근에 위치한 서울식당은 1981년에 창업하여 현재 39년째 운영 중이며 아들 또는 사위가 승계 예정인 전국 최고의 다슬기요리 전문점이다. 다슬기해장국 단일 메뉴로, 해장국을 시키면 김치, 장아찌 등 네다섯 가지의 반찬들과 함께 나온다. 된장 국물에 다슬기, 시금치를 넣어 시원한 국물 맛이 매력적이다. 매장 내부에는 단체석이 있어 모임이나 회식장소로도 좋다.","문의 및 안내 043-832-2135
주소 충청북도 괴산군 괴산읍 읍내로 283-1
영업시간 06:30~19:00
휴일 연중무휴
주차 가능
대표메뉴 올갱이해장국
취급메뉴 된장찌개 / 김치찌개 / 청국장","등록된 댓글이 없습니다.
","충청북도 괴산군 괴산읍 읍내로 283-1","2025-03-18 16:49:27",36.808698,127.79403
283,283,"강화 화문석마을> 여행지 :대한민국 구석구석","인천광역시 강화군 송해면에 있는 농촌 전통 테마 마을이다. 2005년 지정되었으며 강화의 완초를 이용해 전통 화문석을 만드는 체험을 중심으로 계절별로 다양한 농사 체험과 수확 체험을 함께 즐길 수 있다. 화문석마을은 예로부터 화문석이 유명했다. 화문석은 왕골을 꽃무늬를 넣어 엮어 짠 꽃돗자리다. 고려시대부터 시작돼 가내수공업 형태로 발전하다 100여 년 전 조선 왕실에서 도안을 넣어 만들라는 명을 내려서 이 마을의 한충교 씨가 무늬를 넣은 화문석 제작에 성공했다. 마을 안에 화문석박물관이 있다. 또한 이 마을은 황해도 전통 농악인 길학군 7차 농악이 보존된 유일한 마을이기도 하다.

(출처 : 인천투어)
내용 더보기","문의 및 안내 032-934-2290
홈페이지 itour.incheon.go.kr
주소 인천광역시 강화군 송해면 전망대로468번길 11
이용시간 상시 개방
휴일 연중무휴
주차 가능
요금 (무료)
체험 안내 미니 화문석 만들기 / 순무김치 만들기 / 떡 메치기 체험 등
시설이용료 ※ 체험별 상이하므로 전화문의","등록된 댓글이 없습니다.
","인천광역시 강화군 송해면 전망대로468번길 11","2025-03-18 16:49:32",37.801934,126.458611
284,284,"수룡폭포> 여행지 :대한민국 구석구석","넓은 진달래 꽃밭이 장관을 이루는 보련산에 있는 폭포다. 정상에서 남동쪽으로 내려오는 길에 자리하고 있다. 주위 자연경관이 아름답고 물이 맑아서 여름철 많은 사람들이 찾아오고 있다. 약 6m 높이의 폭포로 수직 폭포는 아니지만 화강암질 편마암으로 이루어진 넓적한 바위 위에서 3층의 단을 이루며 물줄기가 떨어진다. 물이 맑고 수량이 많아서 보련산 등반과 연계한 여름철 휴양지로 알려져 있다. 가까운 곳에 앙성온천지구와 보련산성 등 가볼 만한 명소가 있다.
내용 더보기","문의 및 안내 충주시 관광마케팅팀 043-850-6723
홈페이지 https://www.chungju.go.kr/
주소 충청북도 충주시 노은면 수룡봉황길 249
이용시간 상시 개방
휴일 연중무휴
주차 가능
입장료 무료","등록된 댓글이 없습니다.
","충청북도 충주시 노은면 수룡봉황길 249","2025-03-18 16:49:36",37.060019,127.801535
285,285,"신촌막국수> 여행지 | '열린 관광' 모두의 여행:대한민국 구석구석","강원특별자치도 원주시 관설동에 위치한 신촌막국수의 대표 메뉴는 막국수와 옹심이 메밀 칼국수이다. 옹심이의 재료인 생감자는 영월군 무릉도원면 농가에서 생산된 풍농감자라는 신품종 감자를 직접 산지에서 구매해 가져와 매일 100㎏씩 직접 갈아 만들어 쫄깃한 식감과 고소한 맛을 담아냈다. 식당 내부는 실내뿐만 아니라 실외에도 여러 좌석을 두고 있지만 손님이 몰리는 식사 시간에는 대기를 해야 맛볼 수 있다.","문의 및 안내 033-761-5454
주소 강원특별자치도 원주시 치악로 1325-16 (관설동)
영업시간 - 주중 11:00~20:00 (마지막 주문 19:30)
- 주말 11:00~19:30 (마지막 주문 19:00)
휴일 설·추석 전날 / 당일
주차 가능
대표메뉴 물막국수
취급메뉴 비빔막국수 / 칼옹심이 순옹심이 / 메밀부침 등
출입통로 문의 형태 : 센서식 자동문
출입통로가 넓어 휠체어, 전동 스쿠터 진입 쉬움.
접근로 테이블 간격이 넓어 휠체어, 전동 스쿠터 사용자 이용 쉬움.
내부 턱 없음.


더보기","등록된 댓글이 없습니다.
","강원특별자치도 원주시 치악로 1325-16 (관설동)","2025-03-18 16:49:44",37.305161,127.975974
286,286,"부석사종점식당> 여행지 | '열린 관광' 모두의 여행:대한민국 구석구석","부석사 입구에는 향토음식점이 꽤 많이 있는데 그중에서도 산채정식과 산채비빔밥으로 유명하다. 소백산 깊은 곳에서 맑은 이슬을 듬뿍 받고 자란 산나물로 반찬이 가득 찬 진수성찬을 맛볼 수 있으며, 특히 요리 시 조미료나 감미료를 전혀 사용하지 않고 천연의 참기름, 깨소금, 간장 등을 사용하여 그 맛이 일품이며, 부석사를 찾는 관광객이 많이 찾고 있다.","문의 및 안내 054-633-3606
주소 경상북도 영주시 부석면 부석사로 319
영업시간 08:00~20:00
휴일 연중무휴
주차 가능
좌석수 450석
대표메뉴 산채정식
취급메뉴 산채비빔밥 / 간고등어정식 / 감자전 / 해물파전 / 도토리묵 / 산더덕구이 / 손두부 등
출입통로 문의 형태 : 여닫이문
출입통로가 넓어 휠체어, 전동 스쿠터 진입 쉬움.
경사로 있음.
접근로 테이블 간격이 넓음. 방문 시, 휠체어 사용자 이용 쉬움
내부 턱 없음.



더보기","
댓글 더보기","경상북도 영주시 부석면 부석사로 319","2025-03-18 16:49:52",36.99536,128.681907
287,287,"용진진> 여행지 :대한민국 구석구석","진이란 군인이 머물러 있던 무장 성곽도시를 이른다. 용진진은 조선시대 각 진에 배치되었던 병마만호의 관리하에 있었던 곳으로, 101명의 병력이 주둔해 있었다 한다. 포좌(포를 놓는 자리) 4개소, 총좌(총을 놓는 자리) 26개소의 시설물이 있었으나 석축 대부분은 남아 있지 않다. 다만 윗부분이 무지개 모양을 이루고 있는 출입문 2곳만이 남아 있었는데, 1999년 그 위로 누각을 새로이 복원해 놓았다. 조선 효종 7년(1656)에 축조되었으며, 가리산돈대·좌강돈대·용당돈대 등 3개의 돈대를 관리하였다고 한다.

(출처 : 국가유산청)
내용 닫기","문의 및 안내 032-932-5464
홈페이지 http://www.ganghwa.go.kr/
주소 인천광역시 강화군 선원면 연리
이용시간 상시 개방
휴일 연중무휴
주차 가능
요금 (무료)
지정현황 인천광역시 기념물 용진진 (1999.03.29 지정)
입장료 무료","
신고하기
강화에서 나오는길 까페에 들렀다가 오는기렝 만난 용진진입니다. 날이 너무 좋고 경치도 잔디도 얼마나 이쁘게 깎아놓았더군요. 관리가 잘 되어 보였습니다. 계단을 통해서 올라갈 수도 있고 뒤쪽으로 걸어가면 들어가는 문이 따로 있습니다. 넓고 준간에 돈대가 있더군요. 초지진이 공사중이라 아쉬웠는데 이렇게 보고 가니 좋네요.
옥* 2024. 10. 21.
00","인천광역시 강화군 선원면 연리","2025-03-18 16:49:57",37.706646,126.49466
288,288,"망월돈대 및 장성 > 여행지 :대한민국 구석구석","돈대는 해안가나 접경 지역에 쌓은 소규모 관측·방어시설이다. 병사들이 돈대 안에서 경계근무를 서며 외적의 척후 활동을 비롯한 각종 수상한 정황을 살피고 대처한다. 적이 침략할 때는 돈대 안에 비치된 무기로 방어전을 펼친다. 망월리에 있는 이 돈대는 40∼120㎝의 돌을 직사각형으로 쌓아 올린 것으로, 성곽 위로는 흙벽돌로 낮게 쌓은 담장이 둘러져 있었으나 지금은 그 흔적만 남아 있다. 망월돈대는 1679년(숙종 5)에 쌓은 48 돈대 가운데 하나로 진무영에서 직접 관할하는 영문 소속 돈대였다. 방형구조로 둘레 124m, 석벽의 높이는 180~300㎝이다. 대개 돈대들이 해안가 높은 지대에 위치하는 것과 달리 망월돈대는 갯가 낮은 지대에 설치됐다. 그래도 시야를 가리는 방해물이 없어 경계초소로 부족함이 없다. 남쪽으로 계룡돈대, 북쪽으로 무태돈대가 있다. 돈대와 함께 있는 이 장성은 고려 고종이 이곳 강화도로 도읍을 옮기면서 해안방어를 튼튼히 하기 위해 쌓아 올린 것으로, 누각을 설치한 출입문이 6곳, 물길이 드나드는 문이 7곳 마련되어 있었다.

(출처 : 국가유산청)
내용 닫기","문의 및 안내 032-930-3894
홈페이지 https://www.khs.go.kr/main.html
주소 인천광역시 강화군 하점면 망월리 2107번지
이용시간 상시 개방
휴일 연중무휴
주차 가능
요금 (무료)
지정현황 인천광역시 문화유산자료 강화 망월돈대 (1995.03.02 지정)
입장료 무료","등록된 댓글이 없습니다.
","인천광역시 강화군 하점면 망월리 2107번지","2025-03-18 16:50:01",37.741673,126.355422
289,289,"논실커피로스터스> 여행지 :대한민국 구석구석","포항 시청 건너편 논실 마을에 숨어있는 커피전문점 논실커피 로스터스 (구, 슈만과 클라라)는 실내 분위기나 주변 경관이 바쁜 일상에서 벗어나 커피 한 잔의 여유를 누리기에 충분한 곳이다. 최고의 바리스타를 꿈꾸며 일본 커피 명인으로부터 전문적인 교육을 받은 포항MBC 기자 출신의 주인이 핸드드립 방식으로 정직하게 커피를 내린다. 과일과 꽃향기가 풍부한 에티오피아 이르가체프가 핸드드립 커피의 대표 메뉴. 최고급 재료를 이용해 매일 만들어 내는 수제 케이크와 건강빵도 커피 못지않은 명품 맛이다.
내용 더보기","문의 및 안내 054-274-4258
주소 경상북도 포항시 남구 희망대로514번길 46
영업시간 11:00~21:30
휴일 매주 월요일
주차 가능
좌석수 70여 석
대표메뉴 핸드드립커피
취급메뉴 이나카 / 아메리카노 / 생크림케이크 등","
저희가배점을 소개해 주셔서 감사드립니다.
D*****************l 2023. 12. 2.
10
신고하기","경상북도 포항시 남구 희망대로514번길 46","2025-03-18 16:50:05",36.023066,129.334366
290,290,"충주호 유람선> 여행지 :대한민국 구석구석","단양유람선은 충주호를 즐기는 가장 좋은 방법이다. 단양유람선 관광은 ‘내륙의 바다’라 불리는 광활한 청풍호를 둘러보며 단양 8경의 비경과 한 폭의 산수화 같은 주변의 풍광을 감상하게 된다. 충주시, 제천시, 단양군에 걸쳐 있는 충주호에는 5개의 유람선 선착장이 있다. 그중 관광객이 많이 찾는 선착장이 장회나루이다. 장회나루에서 유람선을 타면 충주호 풍광의 백미로 꼽히는 옥순봉, 구담봉을 비롯해 금수산 제비봉, 옥순대교 등 단양의 산수비경을 즐길 수 있다. 왕복 소요시간은 대략 1시간~ 1시간 30분 정도다. 장회나루 유람선은 ‘충주호유람선’과 ‘충주호관광선’ 두 업체에서 운영한다. 서로 타는 곳이 다르고, 유람선의 크기, 운행되는 거리, 요금에서 다소 차이가 있으므로, 미리 확인하고 선택하는 것이 좋다.
내용 더보기","문의 및 안내
충주호유람선 043-422-1188~9
충주호관광선 043-423-8615~6
홈페이지 www.danyang.go.kr/tour
주소 충청북도 단양군 단성면 월악로 3827
이용시간 09:00~18:00
휴일 연중무휴
주차 가능
시설이용료 - 대인 19,000원
- 소인 12,000원
※ 이용요금은 변동될 수 있으므로 홈페이지 참조 또는 전화 문의 요망","
날 좋을때 유람선 타고 여향하는거 너무 좋았어요.
말* 2025. 3. 2.
00
신고하기
신고하기
어머니와 유람선으로 같이 하게 되어서 좋았습니다. 설명을 들으니 더욱 새로워 보였어요. 추천합니다.
e*****o 2024. 12. 19.
00
단양 여행이라면 꼭 유람선타야합니다!경치가 멋져요
걈*밍 2024. 12. 8.
00
신고하기
신고하기
방문자 후기
유람선 멋진풍경~
b******* 2024. 10. 13.
00
직장 동료들과 함께 승선해서 안내방송의 해설을 들으며 사진도 찍고 여유있는 시간을 보낼수 있어서 좋았습니다. 댐 건설 이전에 여행하며 보았던 지역들이 지금은 충주호 밑에 잠겨져있다는 것에 남다른 느낌도 경험했습니다.
더*이 2024. 9. 19.
00
신고하기
요즘 유람선 누가 타나했는데.... 상상 그리고 기대 이상입니다. 충주호 유람선 꼭 한번은 타보시길 추천합니다. 시원한 바람과 함께 웅장한 자연경관을 느끼실수 있습니다.
아*****인 2024. 8. 2.
00
신고하기
댓글 더보기","충청북도 단양군 단성면 월악로 3827","2025-03-18 16:50:10",36.930493,128.256185
291,291,"오픈더문> 여행지 :대한민국 구석구석","철원 사요길, 도피안사와 노동당사 부근에 위치한 오픈더문 레스토랑 주변 경관과 대비되는 현대적인 외관이 눈길을 끈다. 이곳은 카페 겸 레스토랑을 운영하고 있다. 대표메뉴로는 수제 돈가스와 오픈 더문 크림파스타이며 그 외에 명란오일파스타, 가든 샐러드, 피자 등 다양한 양식 메뉴가 준비되어 있다. 이뿐만 아니라 카페 메뉴로는 오픈더문 시그니처메뉴인 철원쌀롱 비건라떼가 유명하며 다양한 커피와 음료가 준비되어 있다.
내용 더보기","문의 및 안내 010-5050-2259
홈페이지 https://www.instagram.com/open_the_moon57/
주소 강원특별자치도 철원군 철원읍 사요길 57
영업시간 11:00~20:00 (마지막 주문 19:30)
휴일 매주 월요일
주차 가능
대표메뉴 수제돈까스
취급메뉴 오픈더문 크림파스타 / 하이브 고르곤졸라 피자 / 철원살롱 비건라떼 등","등록된 댓글이 없습니다.
","강원특별자치도 철원군 철원읍 사요길 57","2025-03-18 16:50:12",38.249287,127.195892
292,292,"강화전적지> 여행지 | '열린 관광' 모두의 여행:대한민국 구석구석","강화 전적지는 갑곶돈대, 고려궁지, 광성보, 덕진진, 초지진으로 5개소이며 강화도는 지리적 특성상 고려부터 조선시대까지 외세의 침입에 대항하는 첫 번째 관문으로서 수많은 전투가 일어났던 전적지이다. 몽고와의 항쟁을 비롯하여 조선 인조 때 병자호란 및 정묘호란을 피했던 곳으로, 개화기에는 병인양요, 신미양요를 겪었으며, 일본과 강화도조약을 맺은 곳이기도 하다. 현재는 서울 방위를 위한 중요한 국방 요지이며, 1977년 복원 및 보수작업을 마무리하여 역사교육의 장으로 활용하고 있다.
내용 더보기","문의 및 안내 032-832-3031
주소 인천광역시 강화군 강화읍 해안동로1366번길 18
이용시간 09:00~18:00
휴일 연중무휴
주차 가능
요금 (무료)
입장료 [갑곶돈대]
- 일반 1,200원
- 청소년 및 어린이 900원
[고려궁지]
- 일반 1,200원
- 청소년 및 어린이 900원
[광성보]
- 일반 1,500원
- 청소년 및 어린이 1,100원
※ 이용요금은 변동될 수 있으므로 전화문의
장애인 주차 안내 장애인 전용 주차구역 있음 (2개)_무장애 편의시설
화장실 장애인 전용 화장실 있음 _ 무장애 편의시설
유모차 대여가능
휠체어 대여가능
지체장애 기타 상세 장애인 이용가능 시설정보를 제공한 안내표지가 있음
닫기","등록된 댓글이 없습니다.
","인천광역시 강화군 강화읍 해안동로1366번길 18","2025-03-18 16:50:17",37.733668,126.516432
293,293,"강릉 해운정> 여행지 :대한민국 구석구석","1530년에 어촌 심언광(沈彦光) 선생이 강원도 관찰사로 있을 때 지은 것이라 전한다. 정자의 편액인 해운정(海雲亭)은 송시열이 쓴 것이고, 기문은 권진응이 지은 것이며 이 외에도 율곡 등 여러 명사들의 시문판이 보관되고 있다. 해운정의 전체적인 형식은 양반가옥의 틀을 따르고 있으나 고방의 구성, 마루의 형식 등은 민가 형식의 표현이 짙게 배어 있다. 강릉 지방에는 별당형 정자 건축이 많이 분포하고 있는데, 해운정은 조선 상류 가옥의 별당 형식의 정자 건축에 속하는 목조건물로, 강릉지방에서는 오죽헌 다음으로 오래된 건축물이다. 1963월 1월 21일 보물로 지정된 해운정은 정면 3칸, 옆면 2칸의 단층 팔작집이다. 정면 3칸 중 우측 2칸은 대청마루로 하고 좌측 1칸은 온돌방으로 되어있다. 해운정은 경포호 서안에 있는 별당 형식의 목조건물로 1530년에 어촌 심언광(沈彦光) 선생이 강원도 관찰사로 있을 때 지은 것이라 전한다.
내용 닫기","문의 및 안내 033-640-4414
홈페이지 https://www.heritage.go.kr
주소 강원특별자치도 강릉시 운정길 125
이용시간 상시 개방
휴일 연중무휴
주차 가능
지정현황 보물 강릉 해운정 (1963.01.21. 지정)
입장료 무료","
10월의 마지막날 다녀왔어요. 해운정 뒤편에 불쑥불쑥 솟은 바웃돌들도 볼만합니다. 바다와 아주가까이 위치하고 바다가아닌 육지를 보고있는 건물입니다.
물**개 2024. 11. 1.
00
신고하기","강원특별자치도 강릉시 운정길 125","2025-03-18 16:50:22",37.786081,128.89129
294,294,"노성궐리사> 여행지 :대한민국 구석구석","노성궐리사는 공자의 영정을 봉안한 영당이다. 궐리사라는 이름은 공자가 태어나고 자란 마을인 궐리촌에서 유래한 것이다. 숙종 13년(1687) 우암 송시열이 궐리사를 세우려고 했으나 2년 뒤 세상을 떠나 뜻을 이루지 못하였다. 그 뒤 숙종 42년(1716) 권상하, 김만준, 이건명 등의 제자가 현 위치에서 서쪽방향으로 있는 노성산 아래에 궐리사를 세우고 다음 해에 공자의 영정을 봉안하였다. 정조 15년(1791)에는 송조 5현을 봉안하였고 순조 5년(1805)에 관찰사 박윤수가 지금 있는 자리로 옮겼다. 지금 있는 영당은 앞면 3칸, 옆면 3칸 규모이고, 지붕은 옆면에서 볼 때 사람 인(人) 자 모양을 한 맞배지붕으로 꾸몄다. 이곳 외에도 강릉, 제천, 화성에도 궐리사가 있었으나, 지금은 이곳과 화성에만 남아 있다.
내용 닫기","문의 및 안내 논산시청 국가유산팀 041-746-5415
홈페이지 https://www.nonsan.go.kr
주소 충청남도 논산시 노성면 교촌길 35
이용시간 상시 개방
휴일 연중무휴
주차 가능
지정현황 충청남도 기념물 노성궐리사 (1978.12.30. 지정)
입장료 무료","
방문자 후기
궐리사는 공자가 탄생한 궐리촌에서 유래된 이름이래요. 노성사 옆에 궐리탑과 공자상도 있네요.
김*현 2024. 11. 2.
00
신고하기","충청남도 논산시 노성면 교촌길 35","2025-03-18 16:50:26",36.28248,127.133079
295,295,"레인보우힐링센터> 여행지 | '열린 관광' 모두의 여행|우수웰니스관광지:대한민국 구석구석","레인보우 힐링센터는 인구감소에 직면해 있는 농촌에서 아이들의 웃음소리를 듣고 싶어하는 소망이 반영되어 있으며, 물성이 다른 것들은 서로에게 공간을 두어 오늘만큼은 다른 이와 공유하지 않아도 영동의 자연과 함께라면 나로서 완전하다는 건축가의 철학이 담겨 있는 곳이다.
어디에서나 영동의 빛과 바람을 느낄 수 있으며, 웰컴 로비를 지나면 영동의 바람 길이 안내해 어디로든 갈 수 있는 느낌을 받을 수 있다.","문의 및 안내 043-740-3655
홈페이지 https://www.yd21.go.kr/healing
주소 충청북도 영동군 영동읍 영동힐링로 95 레인보우힐링센터
이용시간 10:00~18:00
휴일 매주 월요일/설날/추석 당일
※ 월요일이 공휴일인 경우 그 다음날 휴무
주차 가능 (150대)
체험 안내 족욕체험 / 개인찜질 / 와인(먹기)명상
입장료 - 성인 10,000
- 청소년·군인·노인·영동군민 7,000
- 어린이 2,000
접근로 휠체어가 올라갈 수 있는 경사로가 설치되어 있음
출입통로 휠체어 통과 가능(자동문)

더보기","
주차도편하고 시설도 생각보다 좋고 도심에서 벗어나서 가족들과 보내기좋았어요
j*****g 2025. 2. 10.
00
신고하기
영동 레인보우 힐링센터 가족들과 힐링하기 너무 좋아요♡
워**니 2025. 2. 9.
00
신고하기
댓글 더보기","충청북도 영동군 영동읍 영동힐링로 95 레인보우힐링센터","2025-03-18 16:50:38",36.156939,127.785549
296,296,"터득골북샵> 여행지 :대한민국 구석구석","터득골북샵은 강원도 원주시 흥업면 대안리에 위치해 있다. 200여 명이 함께 할 수 있는 야외공연장, 산책로가 있으며, 각종 독서 모임, 강좌 등을 진행하고 있다. 터득골북샵에서는 ‘마음과 닿는 책’을 지향하며 명상, 자연 등 마음과 삶을 다독이는 책을 주제로 삼고 있다. 매장 내부에 여러 방마다 다양한 책들과 책 읽을 테이블이 있어 힐링하는 시간을 보낼 수 있다. 이곳은 주차공간이 넓어 주차걱정 없이 여유로운 시간을 보낼 수 있다.
내용 닫기","문의 및 안내 033-762-7140
홈페이지 https://www.instagram.com/tudeukgol_bookshop/
주소 강원특별자치도 원주시 흥업면 대안로 511-42
이용시간 - 목요일~금요일 10:00~17:00
- 토요일~일요일 10:00~18:00
휴일 매주 월요일~수요일
주차 가능","등록된 댓글이 없습니다.
","강원특별자치도 원주시 흥업면 대안로 511-42","2025-03-18 16:50:44",37.267813,127.872247
297,297,"향적산한상> 여행지 :대한민국 구석구석","향적산한상은 충청남도 계룡시 엄사면에 위치한 한식 전문점이다. 향적산 줄기의 아늑한 향한리 마을에 자리한 곳으로 국내산 재료만을 엄선하여 요리한다. 실내 및 실외석이 완비되어 있어 단체 및 가족 회식장소로 적당한 곳이다. 대표 메뉴는 대부분 정식 메뉴로 보리굴비정식, 불고기정식, 코다리정식을 제공한다. 정식은 메인 요리와 수육, 된장국, 돌솥밥으로 구성되어 있다. 주변 관광지로 무상사, 연지리 카페 등이 있다.
내용 닫기","문의 및 안내 042-841-5557
주소 충청남도 계룡시 엄사면 광석향한길 223
영업시간 11:00~21:00
휴일 매주 일요일
주차 가능
대표메뉴 보리굴비정식
취급메뉴 불고기정식 / 톳밥정식 / 숙성생오겹살 등","등록된 댓글이 없습니다.
","충청남도 계룡시 엄사면 광석향한길 223","2025-03-18 16:50:47",36.281073,127.221471
298,298,"항포낚시터> 여행지 :대한민국 구석구석","석모도는 여성 부츠를 거꾸로 놓아둔 듯한 모양새를 갖췄다. 부츠 뒷굽에 해당되는 굽과 밑창 사이 지점에 넓은 호수와 같은 삼산저수지가 있다. 낚시터 뒤로는 316m의 상봉산과 호수 밖 앞으로는 바다가 펼쳐지며 저수지 주변으로 산자락이 둘러쳐져 있어 아름다운 풍광을 만들어 내는 곳이다. 이곳은 여느 낚시터와는 달리 여러 곳에 철재 데크와 나무 데크들이 설치되어 있다. 이 데크 위에 개인 텐트를 치고 낚시를 할 수 있다.
내용 닫기","문의 및 안내 032-932-8265
홈페이지 https://cafe.naver.com/chamiik/
주소 인천광역시 강화군 삼산면 삼산서로310번길 21
이용시간 상시 개방
주차 가능
이용요금 20,000원
※ 이용요금은 변동될 수 있으므로 홈페이지 참조 또는 전화 문의 요망","등록된 댓글이 없습니다.
","인천광역시 강화군 삼산면 삼산서로310번길 21","2025-03-18 16:50:50",37.706126,126.286866
299,299,"늘푸른솔> 여행지 | '열린 관광' 모두의 여행:대한민국 구석구석","충남 공주시 사곡면 유룡리에 있는 충청남도 ‘미더유’ 로컬푸드 인증, 공주 향토음식 지정 업소이다. 메뉴로는 공주 지역의 향토음식인 퉁퉁장을 재료로 한 시래기 퉁퉁장 정식, 시래기 된장정식 등 다양한 메뉴를 제공한다. 이곳은 직접 재배한 농산물로 김치를 비롯하여 갖가지 음식을 만들고 두부는 매일 만들어 고소함과 신선함을 느낄 수 있고 청국장은 시골집의 재래방법으로 발효하여 옛날 그 맛을 느낄 수 있다.","문의 및 안내 041-841-6387
주소 충청남도 공주시 사곡면 정안마곡사로 1198
영업시간 11:30~17:00
휴일 연중무휴
주차 가능
대표메뉴 시래기 퉁퉁장 정식
취급메뉴 시래기된장칼국수 / 단호박들깨칼국수 / 촌두부 등
출입통로 문의 형태 : 여닫이문.
출입통로가 좁음. 진입로에 계단 있어 휠체어, 전동 스쿠터 진입 쉬움.
경사로 있음
접근로 신발 벗고 들어가는 방식.
휠체어 사용자 이용 어려움.
장애인 주차 안내 장애인 전용 주차구역 없음
식당 부지 내 주차장 있음.

더보기","등록된 댓글이 없습니다.
","충청남도 공주시 사곡면 정안마곡사로 1198","2025-03-18 16:51:00",36.586427,127.046791
300,300,"장어마을> 여행지 | '열린 관광' 모두의 여행:대한민국 구석구석","인천광역시 강화군에 위치한 장어마을은 신선한 장어 요리로 유명한 맛집이다. 이곳은 강화도의 특산물인 장어를 이용한 다양한 요리를 제공하며, 특히 장어구이가 인기가 많다. 장어마을의 장어는 신선하고 고소한 맛이 일품으로, 건강에 좋은 음식으로도 잘 알려져 있다. 근처에는 바다와 들판이 펼쳐져 있어 산책이나 드라이브를 하며 여행을 즐기기에 좋다. 장어마을은 지역 주민들뿐만 아니라 관광객들에게도 큰 인기를 끌고 있으며, 강화도의 대표적인 미식 여행지로 손꼽힌다.
내용 더보기","문의 및 안내 032-937-0592
홈페이지 http://0329370592.modoo.at
주소 인천광역시 강화군 길상면 해안남로 298
영업시간 10:30~21:00 (마지막 주문 19:30)
휴일 연중무휴
주차 가능
요금 (무료)
대표메뉴 장어구이
출입통로 문의 형태 : 여닫이문(밖), 자동문(안)
출입통로가 넓어 휠체어, 전동 스쿠터 사용자 진입 쉬움.
경사로 있음
접근로 테이블 간격이 넓어 휠체어, 전동 스쿠터 사용자 이용 쉬움.
지체장애 기타 상세 의자식 테이블 있음
장애인 주차 안내 장애인 전용 주차구역 없음.
식당 부지 내 주차장 있음.
유아용보조의자 구비
대중 교통 대중교통 이용 가능 : 장흥삼거리 정류장
저상버스 없음.
유아용보조의자 구비
닫기","등록된 댓글이 없습니다.
","인천광역시 강화군 길상면 해안남로 298","2025-03-18 16:51:03",37.609933,126.52021
301,301,"까꾸네 모리국수> 여행지 :대한민국 구석구석","까꾸네 모리국수는 모리국수로 유명한 음식점이다. 모리국수란 구룡포 뱃사람들이 팔다 남은 것으로 만들어 먹던 토속음식으로, 커다란 양은냄비에 아귀와 아귀 내장, 미더덕, 대게, 바다메기, 홍합 등을 듬뿍 넣고 콩나물, 파, 마늘로 다진 양념장을 섞어 걸쭉하고 얼큰하게 끓여 먹는 음식이다. 무조건 2인분 이상, 인원수대로 주문해야 한다.","문의 및 안내 054-276-2298
주소 경상북도 포항시 남구 구룡포읍 호미로 239-13
영업시간 10:30~17:00
휴일 연중무휴
주차 가능 (공용주차장 이용)
좌석수 25석
대표메뉴 모리국수
취급메뉴 모리국수","등록된 댓글이 없습니다.
","경상북도 포항시 남구 구룡포읍 호미로 239-13","2025-03-18 16:51:05",35.991449,129.55621
302,302,"조양방직> 여행지 | '열린 관광' 모두의 여행:대한민국 구석구석","1933년 국내 자본으로 설립된 강화 최초의 인견 공장이었던 조양 방직은 세월이 흘러 강화 직물이 쇠락하자 폐가로 전락했다. 흉물스럽게 쓰러져가던 건물은 거대한 카페로 재탄생하였다. 허물어져 가던 벽면은 근사한 미술관이며 영화관이 됐고, 기다란 작업대는 커피 테이블로 바뀌었으며, 기계도 사람도 떠난 공간은 중국과 유럽 등지에서 찾은 골동품으로 채워졌다. 깨진 유리창을 간직한 영국제 문짝, 체코의 옛 기차에 달렸던 둥근 거울, 겨울마다 몸을 뒤집느라 애쓴 붕어빵 기계가 원래부터 그 자리에 있었던 듯 자연스럽게 배치하여 990㎡(약 300평)가 넘는 공장 터와 건물 골조를 그대로 살려 시간의 이야기를 카페 곳곳에 남겨두고 있다. 현재 각종 음료와 케이크를 판매하고 있다.
내용 더보기","문의 및 안내 032-933-2192
주소 인천광역시 강화군 강화읍 향나무길5번길 12
영업시간 - 평일 11:00~20:00 (마지막 주문 19:20)
- 주말 11:00~21:00 (마지막 주문 20:20)
휴일 연중무휴
주차 가능
대표메뉴 아메리카노
취급메뉴 코코넛라테 / 블루베리 히비스커스 티 / 고운 쑥 라테 / 레모네이드 / 꿀생강차 등
출입통로 주출입구는 턱이 없어 휠체어 접근 가능함
접근로 출입구까지 턱이 없어 휠체어 접근 가능함
지체장애 기타 상세 의자식 테이블 있음_무장애 편의시설
닫기","
배경의 댓글은 현재 가볼래-터 3월호 미션을 완료한 댓글입니다.
강화도여행에는 필수 코스가 더어버린 조양방칙은 사람들로 북적이는 장소다, 빵과 커피를 사는데도 줄서서 기다린다,그래서 포기하고, 참새들과 같이 놀기도 한다
전*식 2025. 3. 11.
00
신고하기
볼거리와 사진찍기 좋구 빵도 맛있네요 다녀오세요~
홍*옥 2025. 2. 25.
00
신고하기
댓글 더보기","인천광역시 강화군 강화읍 향나무길5번길 12","2025-03-18 16:51:11",37.746799,126.480985
303,303,"풍기인삼삼계탕> 여행지 | '열린 관광' 모두의 여행:대한민국 구석구석","풍기인삼삼계탕은 풍기 IC 앞 ‘만남의 광장’ 농업인 회관 내에 위치하며 영주를 찾는 관광객들이 이용하기 좋은 위치에 있다. 만남의 광장에서는 영주농산물 주말장터도 열리며 시외(고속)버스 정류장이기도 하다.
대표 메뉴인 풍기 인삼을 넣은 삼계탕은 황기와 인삼을 많이 넣어 국물이 진하고 영양가가 많아 보양식으로는 그만이다. 한우국밥 역시 가마솥에 푹 고아 국물 맛이 진하고 부드러워 업소를 찾는 손님들이 많이 찾는 음식이다.
내용 더보기","문의 및 안내 054-636-6900
주소 경상북도 영주시 봉현면 소백로 1653
영업시간 09:00~21:00
휴일 매주 화요일
주차 가능
대표메뉴 한방삼계탕
취급메뉴 청계탕 / 옻삼겹살 / 매운삼계탕 등
출입통로 문의 형태 : 여닫이문
출입통로가 넓어 휠체어, 전동 스쿠터 사용자 진입 쉬움.
경사로 있음.
접근로 테이블 간격이 넓어 휠체어, 전동 스쿠터 사용자 이용 쉬움.
내부 턱 없음.
지체장애 기타 상세 의자식 테이블 있음_무장애 편의시설
장애인 주차 안내 장애인 전용 주차구역 주차대수 : 3대
주변 휠체어 이용자 등이 이용할 수 있는 여유공간 없음.
음식점까지의 거리 : 약 30m
점자 블록 건물 출입구 앞
대중 교통 대중교통 이용 가능 : 봉현초등학교 정류장
저상버스 없음.
닫기","등록된 댓글이 없습니다.
","경상북도 영주시 봉현면 소백로 1653","2025-03-18 16:51:15",36.849007,128.526876
304,304,"건평항 > 여행지 :대한민국 구석구석","인천광역시 강화군 양도면 건평리에 있는 어항으로 강화나들길 제4코스 ‘해가 지는 마을 길’ 중 한 곳이다. 건평항은 어촌 및 어항법에 의하여 어촌의 생활 근거지가 되는 소규모 어항인 어촌정주어항으로 지정된 곳이다. 어항시설 관리가 철저한 곳으로 주요 어종은 민물장어, 새우, 숭어, 망둥어이다. 조용하고 한적한 곳을 찾아 힐링을 즐기는 사람들에게 인기 있는 장소다. 건평항 쉼터에서는 신선한 회와 먹거리를 판매한다.","문의 및 안내 032-930-4255
주소 인천광역시 강화군 양도면 건평리 623-16
이용시간 상시 개방
휴일 연중무휴
주차 가능
요금 (무료)
입장료 무료","등록된 댓글이 없습니다.
","인천광역시 강화군 양도면 건평리 623-16","2025-03-18 16:51:23",37.679964,126.399057
305,305,"전태일동상> 여행지 :대한민국 구석구석","전태일(1948~1970)은 대한민국의 노동자이자 노동운동가이다. 1960년대 중반 평화시장 봉제공장에서 시다, 미싱사, 재단사로 일하면서 노동자의 권리를 되찾기 위해 노동운동에 뛰어들었으나 정부의 탄압과 사회의 냉대에 분노했다. 1970년 11월 13일 근로기준법 화형식을 치르기로 한 날 집회, 시위가 경찰에 의해 막히자 “근로기준법을 준수하라. 우리는 기계가 아니다!”를 외치며 분신(焚身)으로 항거하였다. 메디칼센터(현, 국립의료원) 응급실로 이송하여 응급치료를 받았으나 다음날인 14일 오전 1시 30분에 임종하였다.
이 동상은 당시 평화시장 봉제공장의 재단사 전태일을 추모하기 위한 것이다. 2005년 서울시는 청계천로 평화시장 인근 일대에 전태일 거리를 조성하고, 청계천 버들다리 내에 전태일 기념 동상과 동판을 설치했다. 2013년에는 전태일 분신장소(신당동 평화시장 A동과 B동 사이 대로변) 일대가 ‘서울시 미래유산’으로 선정되었다. 선정 근거는, 고도성장의 과정에서 일방적인 희생을 강요당하며 신음하던 노동자의 삶이 사회문제로 등장하게 된 계기이자 우리나라 노동운동과 민주화운동의 신호탄이 된 역사적 사건이 발생한 장소로 보존 가치가 높은 곳이기 때문이다.
내용 더보기","문의 및 안내 종로구청 관광체육과 02-2148-1852
주소 서울특별시 종로구 종로5가
이용시간 상시 개방
휴일 연중무휴
주차 불가능
입장료 무료","등록된 댓글이 없습니다.
","서울특별시 종로구 종로5가","2025-03-18 16:51:32",37.570721,127.001617
306,306,"역전추어탕> 여행지 | '열린 관광' 모두의 여행:대한민국 구석구석","경상도식 추어탕은 미꾸라지를 삶아 으깨어 살코기만을 조리해 자극적이지 않으면서 깊은 맛이 나는 것이 특징이다. 이곳은 2대째 40년 넘게 전통을 이어가고 있는 청도의 대표 음식점으로 경상도식 추어탕의 진수를 보여주고 있다. 잡고기가 아닌 100% 미꾸라지만을 사용하여 비린내가 없고 화학조미료 대신 메기를 가공한 첨가물을 넣어 담백한 맛을 더해 외지인의 입맛을 사로잡았다. 바로 이점이 이 집의 인기 비결이다.","문의 및 안내 054-371-2367
주소 경상북도 청도군 청도읍 청화로 204
영업시간 07:00~21:00
휴일 연중무휴
주차 가능
대표메뉴 전통추어탕
취급메뉴 미꾸라지튀김
출입통로 주출입구는 턱이 없어 휠체어 접근 가능함(수동문)
접근로 출입구까지 턱이 없어 휠체어 접근 가능함
지체장애 기타 상세 의자식 테이블 있음
장애인 주차 안내 장애인 주차장 있음_무장애 편의시설","등록된 댓글이 없습니다.
","경상북도 청도군 청도읍 청화로 204","2025-03-18 16:51:35",35.640849,128.746066
307,307,"강화어부네꽃게탕> 여행지 :대한민국 구석구석","강화어부네꽃게탕은 인천광역시 강화군 내가면 외포리 포구의 외포리 젓갈시장 앞 어촌에 위치하고 있다. 이곳은 주말이면, 석모도, 보문사, 볼음도, 아차도 방문, 관광객 및 낚시꾼, 등산객으로 붐비는 예쁜 어촌이다. 그리고 매년 10월이면 어촌 앞에서 강화 새우젓축제가 열린다. 서울 반포대교에서 85km 정도 떨어진 거리에 위치하고 있으며, 강서구, 양천구, 마포구, 동작구, 일산, 인천 등에서도 1시간 남짓 소요된다. 어선(고기잡이 어선)을 소유하고 있으며 외포리 어민이 직영하는 식당으로서 주메뉴는 꽃게탕, 꽃게찜, 밴댕이회, 밴댕이무침, 매운탕, 생선회이다. 주변에 가볼 만한 곳으로 식당 100m 앞에는 바다가 있고, 150m 앞에는 외포리 어촌계에서 운영하는 현대식으로 잘 지어지고 깨끗하고 유명한 외포리 젓갈시장이 있다. 그리고 외포리 배를 타고 10분 정도 들어가면 환상의 섬 석모도와 석모도에 있는 고찰 보문사를 볼 수 있다.
내용 닫기","문의 및 안내 0507-1482-0603
주소 인천광역시 강화군 내가면 해안서로 920
영업시간 10:00~21:00
휴일 연중무휴
주차 가능
요금 (무료)
대표메뉴 꽃게탕
취급메뉴 우럭탕 / 밴댕이회 / 밴댕이무침 / 활어회 / 바지락칼국수 등","등록된 댓글이 없습니다.
","인천광역시 강화군 내가면 해안서로 920","2025-03-18 16:51:38",37.701619,126.376883
308,308,"옛날어씨네집> 여행지 :대한민국 구석구석","금강에서 잡히는 민물고기는 계절에 따라 종류는 다르지만 주로 잉어, 메기, 참게, 쏘가리, 빠가사리 등이 주된 재료이다. 20년 전만 해도 이 집은 주막집으로 막걸리에 빠가사리 매운탕을 내놓곤 했는데, 그 매운탕 맛이 일품이어서 차츰 소문이 나 본격적인 매운탕 전문집이 되었다. 현재는 쏘가리나 빠가사리가 귀해져서 주로 참게와 메기매운탕을 갖은양념과 쑥갓, 냉이, 미나리 등을 넣고 끓이는데 손맛과 36년의 오래된 솜씨가 좋아 널리 알려지게 되었다.
내용 더보기","문의 및 안내 041-853-0999
주소 충청남도 공주시 반포면 창벽로 720
영업시간 11:00~21:00 (마지막 주문 20:00)
휴일 매주 수요일
주차 가능
대표메뉴 장어 1판
취급메뉴 참게탕 / 메기탕 / 새우탕 등","등록된 댓글이 없습니다.
","충청남도 공주시 반포면 창벽로 720","2025-03-18 16:51:41",36.434322,127.20993
309,309,"황청포구> 여행지 :대한민국 구석구석","인천광역시 강화군에 위치한 황청포구는 아름다운 자연경관과 고즈넉한 분위기로 유명한 관광지이다. 주차장이 넓고 화장실이 깨끗하게 유지되어 있어 차박이나 차크닉으로 적합한 공간이다. 주변에 작은 카페도 있어 추운 날 커피 한 잔 하기도 좋고, 바다 풍경이 좋아 힐링되는 시간을 보내기에 좋은 장소이다. 노을을 보며 낚시하기에도 낭만 있는 분위기를 연출할 수 있어 가족과 함께 오면 추억을 쌓을 수 있다.","문의 및 안내 032-930-4270
홈페이지 https://itour.incheon.go.kr/
주소 인천광역시 강화군 내가면 황청포구로 492
이용시간 상시 개방
주차 가능
요금 (무료)","
댓글 더보기","인천광역시 강화군 내가면 황청포구로 492","2025-03-18 16:51:49",37.712226,126.35366
310,310,"문학의 길> 여행지 :대한민국 구석구석","문학의 길은 가산 이효석선생의 문학적 발자취가 가장 많이 남아 있는 구간으로 소설 「메밀꽃 필 무렵」의 실제 배경지인 봉평효석문화마을은 그 자체로 문학의 향기가 흐르는 곳이다. 장돌뱅이와 성씨 처녀의 사연이 있는 물레방앗간과 메밀꽃밭, 이효석 생가마을, 이효석문학관 등을 둘러보고 주변 경관이 수려한 흥정천을 따라 걷다 보면 마치 소설 속에 와 있는 듯한 설렘을 느낄 수 있다.","문의 및 안내 033-330-2771
홈페이지 https://tour.pc.go.kr/
주소 강원특별자치도 평창군 봉평면 기풍3길 21-4
이용시간 상시 개방
휴일 연중무휴
주차 가능
입장료 무료","등록된 댓글이 없습니다.
","강원특별자치도 평창군 봉평면 기풍3길 21-4","2025-03-18 16:51:55",37.615316,128.376954
311,311,"새재왕건집> 여행지 :대한민국 구석구석","새재왕건집은 경북 문경시 문경새재 도립공원 내에 있는 한식 전문점이다. 메뉴는 간고등어구이 및 조림, 더덕구이, 양념석쇠구이 등이 있다. 음식을 숯불에 직접 구워 석쇠에 올려 나오는 것이 특징으로 남녀노소 모두의 입맛을 사로잡은 곳이다.","문의 및 안내 054-571-8857
홈페이지 https://새재왕건집.kr
주소 경상북도 문경시 문경읍 새재로 926
영업시간 08:00~20:00
휴일 연중무휴
대표메뉴 왕건정식
취급메뉴 약돌양념석쇠정식 / 안동 간고등어정식 / 산채비빔밥 / 송이전골 등","등록된 댓글이 없습니다.
","경상북도 문경시 문경읍 새재로 926","2025-03-18 16:52:00",36.76115,128.076956
312,312,"양구선사근현대사박물관> 여행지 | '열린 관광' 모두의 여행:대한민국 구석구석","양구선사근현대사박물관은 강원특별자치도 내 최초의 근현대사 전문박물관으로 개관하였다. 양구의 선사시대부터 현대까지의 역사를 한눈에 볼 수 있다. 박물관의 기증자를 소개하는 기증자특별전시관과 근현대사 속에서 만날 수 있는 영화, 아리랑, 출판물들을 만날 수 있는 공간과 대한민국 선거의 역사를 볼 수 있는 기획전 등 다양한 전시가 구성되어 있어 누구나 즐겁게 관람할 수 있다.","문의 및 안내 033-480-7220~1
홈페이지 http://www.ygpm.or.kr/
주소 강원특별자치도 양구군 양구읍 금강산로 439-51
이용시간 10:00~18:00 (매표 마감 17:00)
휴일 매주 월요일 (단, 월요일이 공휴일일 경우 정상 개관) / 1월 1일 / 설·추석 오전
주차 가능
접근로 출입구까지 경사로가 설치되어 있음
출입통로 주출입구는 경사로가 있어 휠체어 접근 가능함
장애인 주차 안내 장애인 주차장 있음(2대)_무장애 편의시설
화장실 장애인 화장실 있음
엘리베이터 엘리베이터 있음
점자 블록 점자블록 있음_시각장애인 편의시설
휠체어 대여가능(1대)
더보기","
댓글 더보기","강원특별자치도 양구군 양구읍 금강산로 439-51","2025-03-18 16:52:12",38.122225,127.990374
313,313,"서해꽃게전문> 여행지 :대한민국 구석구석","서해꽃게전문은 외포리 맛집으로 싱싱한 꽃게와 밴댕이회, 무침, 구이 등을 맛볼 수 있는 음식점이다. 게 전문점답게 얼큰한 꽃게탕, 백숙과 양념으로 선택할 수 있는 꽃게찜, 간장게장 등 게를 이용한 맛있는 요리가 많으며 전반적으로 깔끔하고 담백하여 호불호 없이 음식맛을 느낄 수 있다. 메뉴 주문 시 샐러드, 감자조림, 나물무침, 된장찌개 등의 밑반찬이 준비되며 리필이 가능하다. 매장 내에 단체석이 있어 각종모임이나 회식장소로도 안성맞춤이다.
내용 더보기","문의 및 안내 032-933-5859
주소 인천광역시 강화군 내가면 중앙로 1238
영업시간 09:00~21:00 (마지막 주문 20:00)
휴일 연중무휴
주차 가능
요금 (무료)
대표메뉴 꽃게탕
취급메뉴 서해정식 / 돌게정식 / 꽃게찜 / 밴댕이회무침 / 게장백반 등","등록된 댓글이 없습니다.
","인천광역시 강화군 내가면 중앙로 1238","2025-03-18 16:52:21",37.704478,126.386545
314,314,"장경사(경기)> 여행지 :대한민국 구석구석","장경사는 유네스코 세계유산에 등재된 남한산성 내에 자리하고 있는 사찰이다. 남한산성이 만들어지던 때 같이 세워졌다. 임진왜란 때 크게 활약한 승군[僧軍 ; 전쟁과 같은 나라의 위기 때 만들어지는 승려로 구성된 군대]은 전쟁 후에도 국가의 필요에 따라 여러 일을 맡았다. 남한산성 역시 당시 북쪽에서 새롭게 힘을 키우던 후금[後金]을 대비하여 벽암 각성스님을 책임자로 하여 승군을 동원해 서울의 남쪽에 새로 쌓은 대규모 산성이다. 이때 전국에서 올라온 승군이 머무를 수 있도록 하기 위해 이전부터 있던 망월사와 옥정사 외에 산성 안에 7개의 사찰을 함께 세우게 되는데, 장경사도 이 중 하나이다. 승군은 공사가 끝난 후에도 산성을 관리하고 지키는 역할을 맡게 되어 9개 사찰에 머물면서 승려이자 군인으로 생활하였다. 1907년 일제에 의해 대한제국의 군대가 해산될 때 남한산성의 군사시설과 함께 승군의 주둔지인 사찰도 대부분 파괴되었지만, 장경사는 이를 피한 유일한 사찰이었다. 1975년 화재로 큰 피해를 입었지만 복구되어 지금에 이르고 있다. 장경사는 남한산성 동문인 좌익문에서 북쪽방향 망월봉 중간쯤 되는 곳에 위치하여, 산성의 제1암문을 통해서 사람들이 많이 드나들었다. 이 사찰에는 석가모니불을 모신 대웅전을 중심으로 승려가 머무르며 생활하는 공간인 요사와 문루인 진남루, 작은 불전인 칠성각이 남아 있다. 승군이 주둔하였던 곳이기에 예불을 드리는 불전보다 요사의 규모가 큰 것이 특징이다.

(출처 : 국가유산청 홈페이지)
내용 닫기","문의 및 안내 031-743-6548
홈페이지 http://jangkyungsa.or.kr/
주소 경기도 광주시 남한산성면 남한산성로 676
이용시간 상시 개방
휴일 연중무휴
주차 가능
지정현황 경기도 문화유산자료 장경사 (1983.09.19. 지정)
체험 안내 템플스테이","등록된 댓글이 없습니다.
","경기도 광주시 남한산성면 남한산성로 676","2025-03-18 16:52:26",37.475169,127.197577
315,315,"대한성공회 강화성당> 여행지 :대한민국 구석구석","강화성당은 고요한 (Charies Jone Corfe) 초대주교가 1900년에 축성한 건물로 성베드로와 바우로 성당으로 명명되었다. 당시 건축공사는 궁궐 도편수가 주도하였고 이후 몇 차례 보수가 있었으나 처음 모습이 그대로 보존되고 있다. 성당터는 세상을 구원하는 방주로서의 의미를 분명히 하기 위해 배의 형상을 따랐다. 성당 건물은 장방형(넓이 4칸, 길이 10칸) 중층구조로 전체적인 건축양식은 한국전통양식을 따르고 있으며, 배치와 내부구조는 서양식 바실리카 건축양식을 응용하여 조화의 아름다움과 토착정신을 드러나게 하였다. 성공회 강화성당은 1981년 경기도 지방유형문화유산으로 처음 지정된 이래 강화군이 인천광역시로 편입되면서 인천지방유형 문화유산으로 변경되었다가 2001년 1월에 국가사적으로 변경 지정되었다.
내용 더보기","문의 및 안내 032-930-4571
홈페이지 http://www.ganghwa.go.kr
주소 인천광역시 강화군 강화읍 관청길27번길 10
이용시간 상시 개방
휴일 연중무휴
주차 가능
요금 (무료)
지정현황 사적 대한성공회 강화성당 (2001.01.04 지정)
입장료 무료","
성당안에서 서양느낌이라 신기하고 마음이편해지는곳입니다
선* 2025. 1. 28.
00
신고하기
신고하기
한국적인미 기와와 서양의 양식이 어우러진 강화성당 가족나들이로 좋아요 강화독특한 젓국갈비도 별미에요
스**유 2025. 1. 20.
00
절 같은 성당 유교와 불교의 토착신앙을 존중하여 지어진성당 불교의 종형상에 십자가를 그려넣었습니다 기독교 역사의 유물로서 하나님의 말씀을 온 세계에 전하는 그 사역이 진리안에 이루어지길 바랍니다
샤*로 2024. 11. 20.
00
신고하기
신고하기
저번주 다녀온 대한성공회 강화성당은 차분헌 분위기가 있었어요~ 가족여행으로 처음 가봤는데 사람도 많지 않아서 구석구석 잘 보고 왔어요 밖은 동양인데 안은 서양이라 신기했어요
리* 2024. 10. 21.
00
신고하기
방문자 후기
대한성공회성당 말고도 주변에 둘러볼 관광지가 많네요. 저는 용흥공원주차장에 주차하고 고려궁지-대한성공회성당-용흥궁 이렇게 다녀왔습니다. 지금 강화원도심사진여행 이벤트도 하고 있으니까 참여해보심 좋을것 같아요.~~~~
내****H 2024. 9. 23.
00
옛모습 그대로 간직한 초기성당의 모습을 볼 수 있어서 좋았습니다. 가족과함께 성당주변도 둘러보니 마음이 더 편안해졌습니다.
m********** 2024. 9. 10.
00
신고하기
지난 토요일 강화성당을 방문했다. 지나가는 승려가 합장하고 간다는 말처럼 외관은 전통적인 한국의 향교와 같은데 내부는 여느 예배당과 같았다. 왕의 명에 의해 궁궐을 짓는 대목장이 지었다는 사실과 마당 한켠에 심겨진 보리수에 관한 이야기를 들으며 “균형과 조화”에 대해 생각해보게 되었다.
정*경 2024. 6. 19.
01
신고하기
댓글 더보기","인천광역시 강화군 강화읍 관청길27번길 10","2025-03-18 16:52:30",37.748399,126.486135
316,316,"장곶횟집> 여행지 :대한민국 구석구석","장곶횟집은 인천 강화군 화도면에 위치한 왕새우 양식장으로 크고 통통한, 싱싱한 새우를 제공하고 있다. 이미 유명한 곳으로 새우구이를 먹으러 찾는 이들이 많다. 또한 아름다운 낙조가 분위기를 더해준다. 메뉴는 새우구이, 새우 칼국수, 새우 라면, 새우 머리 버터구이가 있다. 이곳은 시즌별로 운영하며 새우를 먹기에 제철인 가을에 운영을 한다. 날짜는 해마다 상이할 수도 있으니 방문 전 전화문의 하는 것을 추천한다.","문의 및 안내 032-937-8266
주소 인천광역시 강화군 화도면 해안남로 2532
영업시간 10:00~21:00 (20:00 라스트오더)
휴일 연중무휴
주차 가능
요금 (무료)
대표메뉴 새우구이
취급메뉴 새우 칼국수 / 새우 라면 / 새우 머리 버터구이 등","등록된 댓글이 없습니다.
","인천광역시 강화군 화도면 해안남로 2532","2025-03-18 16:52:33",37.62872,126.37756
317,317,"뒷뜨루관광농원> 여행지 :대한민국 구석구석","뒷뜨루관광농원은 퇴비공장인 부림산업이 폐업하면서 생긴 산업폐기물 공장을 활용하여 아름다운 농원으로 재탄생시킨 공간이다. 입장권은 현장과 예약예매 모두 가능하다. 티켓을 들고 내부로 들어서면 가장 먼저 카페가 나온다. 카운터에 티켓을 제시하면 먹이체험을 할 수 있는 먹이를 준다. 카페에서 음료를 마시며 휴식을 취할 수도 있고, 강릉을 배경으로 한 소품도 구경할 수 있다. 카페 바로 옆에는 갤러리가 위치해 있으며, 뒤로는 뒷뜨루로 통하는 문이 있다. 뒷뜨루로 들어가면 온실정원이 펼쳐진다. 자연의 향기가 물씬 풍기고, 다양한 식물들로 꾸며져 있어 구경하기 좋다. 뒷뜨루 곳곳에는 쉴 수 있는 벤치가 놓여 있어 포토존으로 활용하기 딱이다. 뒷뜨루관광농원의 야외에 봄이면 예쁜 꽃이, 가을이면 핑크뮬리가 가득 피어있다. 또한 말과 토끼에게 먹이를 줄 수 있는 체험공간도 마련되어 있어 아이와 함께 방문하기에 좋다. 빛의 동굴은 퇴비공장에 교반기 자리인데, 이곳을 불빛이 반짝이는 동굴로 변화시켰다. 동굴의 끝엔 포토존이 마련되어 있다.
내용 더보기","문의 및 안내 033-645-9466
홈페이지 인스타그램 https://www.instagram.com/dwittteuru/
네이버 블로그 https://blog.naver.com/dtr9466
주소 강원특별자치도 강릉시 사천면 청솔공원길 108
이용시간 - 하절기 10:00~18:00 (입장 마감 17:00)
- 동절기 10:00~17:00 (입장 마감 16:00)
휴일 매주 목요일
※ 단, 법정공휴일 제외
주차 가능
체험 안내 그림 그리기(부채) / 먹이주기 체험
입장료 - 성인 (14세~19세 이상) 5,000원
- 아동 (12개월~만 12세) 4,000원
닫기","등록된 댓글이 없습니다.
","강원특별자치도 강릉시 사천면 청솔공원길 108","2025-03-18 16:52:39",37.835091,128.837231
318,318,"남한산성도립공원 [유네스코 세계유산]> 여행지 | '열린 관광' 모두의 여행:대한민국 구석구석","과거 한양을 지키던 4대 요새 중 하나인 남한산성을 품은, 남한산성도립공원이 있다. 북쪽의 개성, 남쪽의 수원, 서쪽의 강화, 동쪽의 광주였다. 동쪽의 광주에는 남한산성이 있었다. 서울에서 동남쪽으로 24km, 성남시에서 북동쪽으로 6km 떨어져 있는 남한산에 위치하고 있으며, 길이는 총 12.4km(본성 8.9km, 외성 3.2km, 신남 산성 0.2km), 높이는 7.3m이다. 원래 2천여 년 전, 고구려 동명왕의 아들 백제의 시조 온조의 왕성이었다는 기록이 있고, 나당전쟁이 한창이던 신라 문무왕 13년(673)에 한산주에 쌓은 주장성이라는 기록도 있다. 그 옛 터를 활용하여 후대에도 여러 번 고쳐 쌓다가, 조선조 광해군 때(1621) 본격적으로 축성하였다 한다. 석축으로 쌓은 남한산성의 둘레는 약 12km이다. 자연석을 써 큰돌을 아래로, 작은 돌을 위로 쌓았다. 동서남북에 각각 4개의 문과 문루, 16개의 암문을 내었으며 동서남북 4곳에 장대가 있었다. 성 안에는 수어청을 두고 관아과 창고, 행궁을 건립했다. 유사시에 거처할 행궁은 상궐 73칸, 하궐 154칸, 좌전 26칸으로, 모두 252칸을 지었다. 80개의 우물, 45개의 샘을 만들고 광주읍의 행정처도 산성 안으로 옮겼다. 이쯤 되면 남한산성의 중요성과 성안이 유치 가능 인구도 짐작해 볼 수 있을 것이다. 산성이 축조되고 처음으로 시행(인조 17년, 1639)된 기동 훈련에 참가한 인원만 해도 12,700명이었다. 그러나 지금 성내에 남아 있는 건물은 불과 몇 안 된다. 동·남문과 서장대, 현절사, 연무관, 장경사, 지수당, 영월정, 침괘정, 숭렬전 이서 장군사당, 보, 루, 돈대 등이 남아있다. 그중 4대 문과 수어장대, 서문 중간쯤의 일부 성곽은 원형이 잘 보존되어 있다. 남한산성은 사적과 도립공원으로 지정되어 있다.
내용 더보기","문의 및 안내 031-8008-5155
홈페이지 http://www.gg.go.kr/namhansansung-2
주소 경기도 광주시 남한산성면 남한산성로 731
이용시간 [남한산성 행궁]
하절기(4월~10월) 10:00~18:00
동절기(11월~3월) 10:00~17:00
※ 관람시작시간 30분전 매표 시작, 관람마감시간 30분전 매표 마감
휴일 매주 월요일
주차 가능
입장료 무료
장애인 주차 안내 전용주차구역 있음
더보기","등록된 댓글이 없습니다.
","경기도 광주시 남한산성면 남한산성로 731","2025-03-18 16:52:42",37.47671,127.188478
319,319,"고려옥> 여행지 :대한민국 구석구석","고려옥은 아산 사람들이 사랑하는 밥집이다. 28년 동안 곰탕 하나만을 끓여 온 곰탕 달인의 집으로 진한 국물 맛이 한결같다. 변치 않는 국물 맛의 비결은 처음 배운 전통 방식을 여전히 고집하기 때문이다. 국물은 커다란 가마솥에 뼈를 넣고 밤새 끓여내고, 고기는 핏물을 세 번에 걸쳐 빼내고 삶는다. 가장 인기 있는 메뉴는 진곰탕과 꼬리곰탕이다. 진곰탕은 삼겹 양지만을 사용하고, 꼬리곰탕은 특제 양념장에 찍어 먹는 맛이 일품이다. 하루에 두세 번씩 담그는 겉절이와 이틀에 한 번씩 담그는 깍두기는 진한 곰탕과 찰떡궁합이다.
내용 더보기","문의 및 안내 041-545-6254
주소 충청남도 아산시 청운로 163 (권곡동)
영업시간 09:00~22:00 (준비시간 15:00~16:30 / 마지막 주문 21:30)
휴일 설·추석 연휴
주차 가능
대표메뉴 소머리곰탕
취급메뉴 진곰탕 / 우족곰탕 / 도가니탕 등","등록된 댓글이 없습니다.
","충청남도 아산시 청운로 163 (권곡동)","2025-03-18 16:52:46",36.788578,127.008938
320,320,"해마루공원> 여행지 :대한민국 구석구석","구미시 옥계동에 위치한 구미의 대표적인 공원이다. 해마루라는 명칭은 해와 정상을 뜻하는 마루를 합성한 순우리말로, 공단도시 구미가 ‘세계 최고의 전자산업을 꿈꾸는 곳’이란 의미 담겨 있다고 한다. 분수, 전망대, 야외공연장, 거북광장, 산책로, 운동시설지 등 다양한 휴식, 운동 공간으로 구성돼 있다.","문의 및 안내 054-480-5573
주소 경상북도 구미시 해마루공원로 86 (옥계동)
이용시간 상시 개방
※ 전망대 09:00~17:30
휴일 연중무휴
주차 가능 (소형 10대)
입장료 무료","등록된 댓글이 없습니다.
","경상북도 구미시 해마루공원로 86 (옥계동)","2025-03-18 16:52:48",36.142686,128.431379
321,321,"마량포구칠구지횟집> 여행지 :대한민국 구석구석","제법 규모가 큰 편으로 넓은 창문으로 보이는 바다풍경을 볼 수 있는 1층과 2층을 모두 좌석으로 운영하고 있다. 서해안 각종 해산물 축제가 열려 관심 있는 관광객이 모여들고 있다. 3,4월에 제철인 주꾸미는 여러 가지 형태로 요리를 해 맛을 즐길 수 있다. 칠구지횟집의 주꾸미볶음은 매운 양념에 각종 채소로 볶아 입맛을 자극하여 침이 고이게 한다. 주인장이 직접 담근 전어젓은 달콤함이 은은하게 묻어난다.","문의 및 안내 041-951-5630
주소 충청남도 서천군 서면 서인로 95
영업시간 08:00~22:00
휴일 연중무휴
주차 가능 (30대)
대표메뉴 자연산활어회
취급메뉴 광어 / 농어 / 도미 등","등록된 댓글이 없습니다.
","충청남도 서천군 서면 서인로 95","2025-03-18 16:52:53",36.132103,126.500939
322,322,"홍양저수지(빼뽀저수지)> 여행지 :대한민국 구석구석","홍양저수지는 1945년에 준공된 홍성군에서 제일 큰 저수지로 금마면에 위치하고 있다. 모양이 고구마처럼 길쭉하고 주변에 수양버들이 우거져 있어 경관도 아름답다. 홍양저수지는 현재도 농업용수 보호구역이며 어종이 풍부하여 낚시터로도 인기가 많다. 저수지 수변을 따라 4.3km의 산책로가 조성되어 있으며 대략 1시간 30분 걷기 코스이다. 큰 나무들과 한적한 농촌풍경, 탁 트인 풍경이 펼쳐져 지루한 줄 모른 채 걷게 된다.
내용 더보기","문의 및 안내 홍성군 관광안내소 041-633-1141
홈페이지 https://www.hongseong.go.kr/
주소 충청남도 홍성군 금마면 장성리
이용시간 상시 개방
휴일 연중무휴
주차 가능
요금 (무료)","등록된 댓글이 없습니다.
","충청남도 홍성군 금마면 장성리","2025-03-18 16:52:57",36.598136,126.698734
323,323,"마라도회식당> 여행지 :대한민국 구석구석","경상북도 포항시 북구 두호동에 있는 물회 전문 마라도회식당은 20년 전통의 물회 전문식당이다. 싱싱한 도다리와 매실 육수로 맛을 낸 도다리 물회가 이 집의 대표 메뉴다. 물회와 함께 나오는 매운탕 맛도 일품이다. 마라도회식당은 각종 물회 메뉴와 회국수, 회덮밥, 모듬회, 전복죽 등을 메뉴로 하고 있다.","문의 및 안내 054-251-3850
주소 경상북도 포항시 북구 해안로 217-1
영업시간 10:30~21:00 (준비 시간 15:30~17:00 / 마지막 주문 20:00)
휴일 명절
주차 가능
대표메뉴 물회
취급메뉴 모듬회 / 물회 / 회덮밥 / 전복죽 등","등록된 댓글이 없습니다.
","경상북도 포항시 북구 해안로 217-1","2025-03-18 16:53:03",36.064788,129.387197
324,324,"청와대 전망대> 여행지 :대한민국 구석구석","청와대 뒷길 산책로인 백악정 코스를 따라 오르면 만날 수 있는 전망대이다. 청와대는 물론 서울 도심 풍경을 한눈에 감상할 수 있는 장소로 입소문이 나면서 즐겨 찾는 사람이 폭발적으로 늘었다. 전망대 왼쪽으로는 남산이, 오른쪽으로는 관악산이 보이고 날씨가 좋은 날에는 잠실 롯데월드타워까지 조망할 수도 있다. 덕분에 파노라마 뷰 사진 촬영의 단골 명소로 손꼽히기도 한다. 칠궁 뒷길에서 백악정을 지나 청와대 전망대에 이르는 코스는 가파른 언덕길이 이어지지만 군데군데 훌륭한 전망 포인트와 수령이 오래된 소나무 등 볼거리가 풍부하다. 계단이 제법 많으므로 등산 스틱 등을 이용할 사람은 미리 준비하는 것도 좋은 방법이다.
내용 닫기","주소 서울특별시 종로구 필운동 종로구 세종로 산1-1
이용시간 [3월~4월] 07:00~18:00
[5월~8월] 07:00~19:00
[9월~10월] 07:00~18:00
[11월~2월] 09:00~17:00
※ 금융연수원 맞은편, 춘추관, 칠궁 뒤편은 탐방시간에 맞춰 출입문을 열고 닫으며, 탐방종료 2시간 전가지 출입 가능
※ 대통문은 탐방종료 1시간 전 폐문
휴일 매주 화요일
주차 불가 능
입장료 무료
닫기","
춘추관에서 올라가면 좀 힘들긴 하지만 길이 비교적 잘 되어 있습니다. 날 좋은 날 가면 서울 전경이 다 보이고 속이 뻥 뚫려서 청와대 방문하면 꼭 가보시길 바랍니다.
문***람 2024. 10. 22.
00
신고하기","서울특별시 종로구 필운동 종로구 세종로 산1-1","2025-03-18 16:53:08",NULL,NULL
325,325,"소창체험관> 여행지 | '열린 관광' 모두의 여행:대한민국 구석구석","소창 체험관은 1938년에 건축된 한옥과 염색공장이었던 옛 평화 직물 터를 2016년에 리모델링하며 꾸며졌다. 강화군 전통산업인 소창에 대한 전통문화유산 보존과 가치를 재조명하는 공간으로, 화문석에서 시작되는 강화의 직물산업 역사와 마지막 종착지인 소창 이야기에 대한 이해는 물론 소창 손수건 스탬프 체험, 다도 체험, 소창 직조 시연 체험이 상시로 운영되어 소창을 오감으로 느낄 수 있다. 스탬프체험은 사전예약을 할 수 있고, 차 시음회, 문화해설은 현장신청을 통해 가능하다.
내용 닫기","문의 및 안내 032-934-2500
홈페이지 https://www.ganghwa.go.kr/tour/
주소 인천광역시 강화군 강화읍 남문안길20번길 8
이용시간 10:00~18:00
※프로그램 준비 및 시설 정비 12:00~13:00
휴일 매주 월요일 / 1월 1일 / 설·추석 연휴
※ 단, 월요일이 공휴일인 경우 그 다음날 휴무
주차 가능
요금 (무료)
체험 안내 문화해설 / 직조시연 / 소창스탬프체험 / 한복체험 등
시설이용료 ※ 체험별로 상이하므로 홈페이지 참고
접근로 출입구까지 경사로가 설치되어 있음_무장애 편의시설
출입통로 주출입구는 경사로가 있어 휠체어 접근 가능함(전시관 및 한옥 이용불가)
닫기","
방문자 후기
강화 여행때마다 가보고 싶었던 곳인데 어른들만 가니 못가본곳였어요. 이번 초등 조카가 있어서 남자 둘 싫어해도 우겨서 갔었네요.ㅋ 한옥집에 대문부터 멋스러운것이 정겹고 포근했어요. 입구 앞에 정원은 현대적인데 고풍스러움이 묻어있는 한옥과 소창체험관이 너무 잘 어울렸어요. 입구 들어서면 좌측 소창 체험관과 우측 다도체험관이 보이고 안쪽으로 깔끔한 신축으로 소창전시관이 있었어요. 1층은 소창으로 만들 옷들과 소품들을 전시도 판매도 하였고, 2층은 천, 소품, 인두부터 다리미, 재봉틀, 바늘 등등 옛것들을 볼 수 있어서 조카는 신기해하고 우리는 추억을 소환하고 좋았네요. 우물과 우물펌프도 어린시절을 생각나게 했어요.ㅎㅎ 입구 사랑채 뒷편에 소창으로 손수건을 만드는 무료 체험관도 있어서 조카와 시누와 셋이 한장씩 만들고 받아왔네요.^^ 유료 체험관 뒤로는 소창 직물기계가 돌아가는것을 볼 수 있게 유리로 된 직물실이 있어요. 느림의 미학이 멋짐을 또 느꼈네요. 옆에 목화밭?ㅋ 화단이 작은것이 있고요. 다도는 초등생은 안된다 해서 참여를 못하고 왔지만 젊은 연인들 중년부부들이 참여율이 꽤 되는듯 보였어요. 아이가 없어도 잠깐 들려 다도를 즐겨보고 가는것도 꽤 좋은시간일것 같아요. 가보고 싶었던곳이라 제겐 너무 즐겁고 유익했던 곳이였어요!^^
영*이 2024. 11. 8.
00
신고하기
소창체험관에서 무료로 손수건도 만들고 작물이 어떻게 짜여지는지도 볼수있어서 아이들에게 너무 좋은 추억을 만들수 있었던거 같습니다 시간만 맞으면 다른프로그램도 할수있어서 좋은거같아요! 강화간다면 한번쯤 방문해도 좋을거같아요~
얍 2024. 10. 7.
00
신고하기
신고하기
방문자 후기
지난 주말 소창체험관 행사가 있어서 다녀왔습니다. 체험도 하고 공연도 보고 로컬아트마켓에서 물건도 구매하고 이벤트 참여도 하고 즐거운 하루 보냈습니다. 10월도 한번 더 하는거 같아요.
내****H 2024. 9. 23.
00
신고하기
방문자 후기
스탬프찍으면서 손수건만들기 프로그램도 있고 다도공간도 있고 소창이 어떻게 만들어지는지 설명도 잘되어있습니다! 강추입니다!!!!
슈**총 2024. 8. 1.
00
소창을 이용해 나만의 손수건도 만들고 한복 무료 체험이 있어 한복을 입고 체험관 내에서 사진도 찍었답니다. 아쉽게도 이제는 한복 체험이 유료라고 하니 참고하세요. 차체험도 할 수 있는데 뜨거운 물을 사용하다보니 화상의 위험이 있어 어른들만 체험 가능하답니다. 무료로 다양한 체험도 하고 소창 만드는 것도 관람할 수 있어 너무 좋았답니다.
여**아 2024. 7. 19.
00
신고하기
댓글 더보기","인천광역시 강화군 강화읍 남문안길20번길 8","2025-03-18 16:53:14",37.745716,126.48486
326,326,"중앙호수공원 카페거리> 여행지 | '열린 관광' 모두의 여행:대한민국 구석구석","서산시 중앙호수공원 카페거리는 다양한 카페와 음식점이 모여 있는 매력적인 공간이다. 이곳은 호수의 아름다운 경치를 감상하며 여유로운 시간을 보낼 수 있는 최적의 장소이다. 각기 다른 테마와 분위기를 가진 카페들이 있어 방문객들은 취향에 맞는 곳을 선택할 수 있다. 특히, 테라스 좌석이 마련된 카페에서는 호수의 경관을 즐기며 커피 한 잔의 여유를 만끽할 수 있다. 또한, 카페거리 주변에는 산책로와 자전거 도로가 있어 방문객들이 산책이나 자전거 타기를 즐기기에도 좋다. 이곳은 친구, 연인, 가족과 함께 소중한 시간을 보내기에 적합한 장소로, 서산시의 새로운 핫플레이스이다.
내용 더보기","문의 및 안내 서산시 관광과 041-660-2499
주소 충청남도 서산시 예천동 1303
이용시간 매장별 상이
휴일 매장별 상이
접근로 출입구까지 턱이 없어 휠체어 접근 가능함
출입통로 주출입구는 턱이 없어 휠체어 접근 가능함_무장애 편의시설
보조견 동반 동반가능_시각장애인 편의시설","등록된 댓글이 없습니다.
","충청남도 서산시 예천동 1303","2025-03-18 16:53:18",36.774262,126.448927
327,327,"철원향교> 여행지 :대한민국 구석구석","철원향교는 철원군 철원읍 월하리 현 위치에 조선시대 초기에 건립되어 6·25 때까지 존속해 있으면서 철원지방 정신문화의 구심점 역할을 하였던 곳이다. 철원향교는 외삼, 서재(西齋), 동재(東齋), 내삼문, 명륜당, 대성전, 관리실, 묘정비로 구성되어 있다. 철원향교 건물은 정면 삼문(三門) 3칸, 측면 1칸 규모의 대성전이 있고, 대성전 옆으로 전면 4칸, 측면 3칸의 명륜당이 있다. 또 명륜당 앞 동쪽에는 동재가 있고, 서쪽에는 서재가 있다. 동재에는 현재 유도회철원지부(儒道會鐵原支部)의 현판이 걸려 있다.
내용 더보기","문의 및 안내 033-450-5365
홈페이지 https://www.cwg.go.kr/tour/index.do
주소 강원특별자치도 철원군 철원읍 금학로 591 (철원읍)
이용시간 상시 개방
휴일 연중무휴
주차 가능
입장료 무료","등록된 댓글이 없습니다.
","강원특별자치도 철원군 철원읍 금학로 591 (철원읍)","2025-03-18 16:53:21",38.23933,127.214079
328,328,"경주 산내 반딧불이캠핑장> 여행지 :대한민국 구석구석","경주에서 캠핑장을 즐길 수 있는 곳이며, 다양한 체험과 놀이를 즐길 수 있는 곳이다. 넓은 사이트와 계곡이 있어 여름철엔 시원하게 캠핑을 즐길 수가 있으며, 캠핑장 조성이 잘 되어 있는 곳이다. 사계절 내내 색다른 계절의 매력을 느낄 수 있는 곳으로 즐거운 추억을 쌓을 수 있다.

※ 본 캠핑장은(관광진흥법에 의거) 관광사업 등록 캠핑장임
내용 더보기","문의 및 안내 0507-1478-8785
홈페이지 http://cafe.daum.net/kjautomcamping
주소 경상북도 경주시 산내면 대현길 250-13
휴일 전화 문의 요망
이용요금 홈페이지 참조","등록된 댓글이 없습니다.
","경상북도 경주시 산내면 대현길 250-13","2025-03-18 16:53:25",35.712663,129.07416
329,329,"양양하조대스카이워크> 여행지 :대한민국 구석구석","양양 하조대 스카이워크는 하조대해변을 배경으로 인생샷을 남길 수 있는 사진 명소다. 투명한 유리 바닥 아래로는 깎아지른 듯 웅장한 절벽과 짙푸른 바다가 훤히 내려다보여 아찔함을 선사한다. 하지만 길이가 짧은 편이라 남녀노소 누구든 부담 없이 오를 만하다. 스카이워크는 하조대해변을 따라 조성된 해안 산책로와 연결된다. 동해의 투명한 물빛과 우거진 소나무숲을 함께 즐길 수 있는 산책코스다. 둘레길을 따라 느긋하게 걷다 보면 양양을 대표하는 명승지인 하조대를 만날 수 있다. 옥빛 바다와 기암절벽, 그 위에 우뚝 솟은 노송이 한 폭의 동양화처럼 어우러진다. 특히 정자에 올라 바라보는 풍광이 눈과 마음을 사로잡을 만하다. 하조대에서 울창한 소나무가 줄지어 있는 구름다리를 건너면 동심을 자극하는 하얀 등대가 운치를 더한다.
내용 닫기","문의 및 안내 033-670-2516
홈페이지 https://tour.yangyang.go.kr/
주소 강원특별자치도 양양군 현북면 하륜길 54
이용시간 06:00~20:00
휴일 연중무휴
주차 가능
입장료 무료","등록된 댓글이 없습니다.
","강원특별자치도 양양군 현북면 하륜길 54","2025-03-18 16:53:27",38.021951,128.728485
330,330,"해명산> 여행지 :대한민국 구석구석","강화군 삼산면 매음리에 위치한 산으로 해명산은 서해에서 불어오는 해풍을 받으며 산과 바다의 정취를 동시에 즐길 수 있는 곳이다. 서해에서 불어오는 해풍을 듬뿍 받으며 산행을 할 수 있는 해명산의 정상에 서면 낙가산과 상봉산의 모습이 한눈에 들어오고 서쪽 바다에는 이름 모를 섬들이 아른거린다. 정상을 떠나 주변 바다를 보면서 군데군데 피어있는 진달래 능선을 따라 낙가산으로 갈 때면 마치 바다 위를 걷는 기분이 든다.

(출처 : 강화군 문화관광 홈페이지)
내용 더보기","문의 및 안내 032-930-4318
홈페이지 https://www.ganghwa.go.kr/open_content/tour/
주소 인천광역시 강화군 삼산면 석포리 산 185
이용시간 상시 개방
휴일 연중무휴
주차 가능
요금 (무료)
입장료 무료","등록된 댓글이 없습니다.
","인천광역시 강화군 삼산면 석포리 산 185","2025-03-18 16:53:31",37.680588,126.350849
331,331,"강화루지(강화씨사이드리조트)> 여행지 | '열린 관광' 모두의 여행:대한민국 구석구석","강화루지는 특별한 동력장치 없이 특수 제작된 카트를 타고 땅의 경사와 중력만을 이용해 트랙을 내려오는 다이내믹한 체험 레포츠 시설이다. 방향조정과 제동이 가능하며, 어린이부터 어른까지 누구나 즐길 수 있는 것이 특징이다. 트랙 경사도는 완만하지만 곡선 코스가 반복되는 트랙으로 이내 속도감과 스릴을 느낄 수 있으며 보호구를 착용하고 안전하게 즐길 수 있다. 트랙 규모는 연장 1.8km/line 총 2코스(오션코스, 밸리코스)로 동양 최대 규모를 자랑하며, 각 코스마다 흥미와 재미를 배가 시켜주는 360 º 회전코스와 구간별 터널과 낙차구간을 배치하였다.
내용 닫기","문의 및 안내 032-930-9000
홈페이지 https://www.ganghwa-resort.co.kr/
주소 인천광역시 강화군 길상면 장흥로 217
이용시간 - 평일 09:30~17:30
- 주말 09:30~18:00
※ 이용시간은 변동될 수 있으므로 홈페이지 참고
휴일 연중무휴
주차 가능
요금 (무료)
시설이용료 - 루지&케이블카 1회권 19,000원
- 루지&케이블카 2회권 31,000원
- 루지&케이블카 3회권 38,000원
- 루지&케이블카 5회권 50,000원
- 어린이 1회권 (케이블카포함) 7,000원
- 어린이 2회권 (케이블카포함) 14,000원
- 어린이 3회권 (케이블카포함) 21,000원
- 어린이 5회권 (케이블카포함) 35,000원
※ 이용요금은 변동될 수 있으므로 홈페이지 참고
접근로 출입구까지 턱이 없어 휠체어 접근 가능함_무장애 편의시설
출입통로 주출입구는 턱이 없어 휠체어 접근 가능함
장애인 주차 안내 장애인 주차장 있음_무장애 편의시설
화장실 장애인 화장실 있음(매표소 왼쪽)
엘리베이터 엘리베이터 있음
점자 블록 점자블록 있음_시각장애인 편의시설
수유실 수유실 있음(1층 의무실 내)
닫기","
배경의 댓글은 현재 가볼래-터 3월호 미션을 완료한 댓글입니다.
케이블카와 루지 너무 재미있었어요 :) 별로 안빠를거 같은데 막상 타보면 스릴 만점이에요!
황*나 2025. 3. 4.
00
신고하기
첫 루지탓던곳인데 진짜 매년타러가야되요 루지는 ㅋㅋ너무재밋어요 . 강화는 차는 다소 막혀도 매년 한번씩 들리면서 가게되서 날씨풀리면 강화루지 다시 터러가야겟어요
마* 2025. 3. 4.
00
신고하기
댓글 더보기","인천광역시 강화군 길상면 장흥로 217","2025-03-18 16:53:38",37.617106,126.4981
332,332,"무흘구곡선바위> 여행지 :대한민국 구석구석","무흘구곡은 총 35.7㎞에 이른다. 경북 성주군의 수륜면과 금수면부터 김천시의 증산면까지 이어져 있다. 그중 1~4곡은 성주군에, 5~9곡은 김천시에 위치하고 있다. 제1곡 봉비암, 제2곡 한강대, 제3곡 무학정, 제4곡 입암, 제5곡 사인암, 제6곡 옥류동, 제7곡 만월담, 제8곡 와룡암, 제9곡 용추폭포로 구분되어 있다. 대가천의 맑은 물과 주변 계곡의 기암괴석, 수목이 절경을 이루어 조선 시대 성주가 낳은 대 유학자인 한강 정구 선생(1543~1620)이 시를 지어 노래한 곳으로 경관이 아주 빼어나 행락 피서지로 주목을 받고 있다.
내용 더보기","문의 및 안내 054-930-8371~4
주소 경상북도 성주군 금수면 영천길 210
이용시간 상시 개방","등록된 댓글이 없습니다.
","경상북도 성주군 금수면 영천길 210","2025-03-18 16:53:43",35.932678,128.063455
333,333,"스코그> 여행지 :대한민국 구석구석","경기도 광주에 위치한 스코그는 2024년 7월에 오픈한 지상 3층 규모의 대형 카페이다. 1층과 2층은 식음 공간으로, 맨 꼭대기 층인 3층은 루프탑 테라스로 운영 중이다. 노르웨이어로 '숲'을 의미하는 스코그는 이름에 어울리게 남한산 한가운데 자리하고 있다. 사방으로 뚫린 시원한 창으로 아름다운 남한산 숲의 경관을 감상할 수 있는 공간이다. 건물의 외부와 내부는 숲의 초록색과는 대비되게 빨간 벽돌로 이루어져 있어 독특한 모습을 마주할 수 있다. 카페 내에서는 식음뿐만 아니라 빠르게 돌아가는 현대사회에서 쉼을 제공하기 위하여 'Skog 느린 우체통'을 운영하고 있다. 또한 스코그는 지리적, 공간적 특징을 담아 '아침부터 밤까지, 봄부터 겨울까지, 동서남북 남한산의 아름다운 면면을 가장 잘 볼 수 있는 공간'이라는 이야기를 전달하고자 한다.
내용 닫기","문의 및 안내 0507-1314-1176
홈페이지 https://www.instagram.com/skogseoul_official
주소 경기도 광주시 남한산성면 남한산성로 507-18
영업시간 [일요일~목요일]
-10:00~22:00
- 마지막 주문 21:00
[금요일~토요일]
- 10:00~24:00
- 마지막 주문 23:00
휴일 연중무휴
주차 가능
대표메뉴 플라워화이트초코라떼
취급메뉴 타타리 슈페너 / 타타리 크림라떼 / 타타리 아포카토 등
닫기","
지방에 사는 저로서는 수도권은 늘 크게 계획을 세워서 가게되는 곳이랍니다. 붉은 벽돌색 카페가 아주 인상적이네요. 여기에 앉아서 창밖을 바라만봐도 마냥 마음이 푸근할거 같습니다. 조만간 수도권여행을 두루 떠날 계획이랍니다. 우선 이렇게 온라인 여행을 하게 되어서 미리 사전답사 하게 돼서 좋습니다.
초**이 2024. 10. 6.
00
신고하기
주말 자주가는 남한산성에 늦게까지 이야기 꽃을 피울 수 있는 시간에 쫒기지 않고 쉬어갈 수 있는 공간이 생겨 좋아요. 붉은 색 건물 안과 밖에서 초록색 숲을 눈에 담을 수 있는 공간이에요. 느린 우체통 이벤트로 마음도 전하고요~
j* 2024. 9. 19.
00
신고하기
남한산성에서 가까운 스코그.. 생긴지 얼마 안되어서 그런지 요즘 sns에서 핫하더라구요 커피도 마실겸 붉은 건물이 이뻐서 들렀어요 커피가격은 비쌌지만 케이크도 맛있고 분위기가 좋았어요 단풍이 절정일때 또 가보려구요~
o* 2024. 9. 19.
00
신고하기
오! 스코그가 벌써 가볼래터에 올라왔군요?ㅎㅎ👍🏻 가봤던 친구가 너무 좋았다고 추천을해줘서, 저희 커플도 8월에 다녀왔어요! 서울하고도 가까워서 좋고, 무엇보다 디저트가 아주 맛있었어요 ㅎㅎ 신상 대형카페라 손님이 많았는데, 부지 자체가 넓다보니 앉을곳이 부족하지도 않고 여유롭게 힐링 즐기고 왔어요 :) 숲, 강이 한 눈에 보이는 이쁜 카페 찾는다면 추천합니다
히* 2024. 9. 7.
00
신고하기","경기도 광주시 남한산성면 남한산성로 507-18","2025-03-18 16:53:48",37.46657,127.205927
334,334,"대학로> 여행지 | '열린 관광' 모두의 여행:대한민국 구석구석","젊음의 열기가 가득한 대학로는 대한민국의 예술, 공연, 자유 등을 대표하는 문화 집결지라 할 수 있다. 대학로가 젊은이들에게 이처럼 아낌없는 사랑을 받았던 것은 서울대학교 문리대와 법대가 자리한 시절부터이다. 서울대학교 학생들을 중심으로 주변 대학 학생들과 젊은이들이 모여들었고, 자연스럽게 다른 어떤 장소와도 비교 불가한 대학로만의 개성을 만들어갔다. 1975년 서울대학교는 관악산 아래로 캠퍼스를 이전했다. 그러나 그 자리에는 아름드리 마로니에 나무가 있어 ‘마로니에공원’이라 이름 붙은 공원이 조성되었다. 이후 젊은이들과 방문자들을 위한 연극, 뮤지컬 등의 크고 작은 문화시설들이 하나 둘 들어서게 되면서 비로소 오늘날의 대학로가 완성되었다.
서울시는 1985년 5월 대학로를 ‘문화예술의 거리’로, 인사동에 이어 두 번째로 2004년에 ‘문화지구’에 지정했다. 문화지구는 문화자원이 밀집된 장소를 선별해 시장뿐 아니라 정부 차원에서도 보호하고 관리할 필요성을 느껴 선정한다. 대학로의 공연 예술을 활성화시키고 방문객을 늘면서도 상업 관련 시설이 주가 되는 것은 지양하고 소극장 및 문화시설을 보호하기 위함이다. 앞으로도 대학로만의 순수한 낭만과 예술이 번창하는 곳이기를, 대학로의 더욱 빛나는 내일을 소망한다.
내용 더보기","문의 및 안내 서울관광안내센터 02-6365-3100
홈페이지 https://tour.jongno.go.kr/tour/
주소 서울특별시 종로구 대학로 104 (동숭동)
이용시간 상시 개방
휴일 연중무휴
주차 불가
입장료 무료
접근로 출입구까지 턱이 없어 휠체어 접근 가능함
출입통로 주출입구는 턱이 없어 휠체어 접근 가능함
화장실 장애인 화장실 있음(마로니에공원에 남녀화장실 각 1개씩 설치)","
삭제된 댓글입니다.
대학로에서 오랜만에 연극도 보고 방탈출 카페도 다녀왔어요 방린이라 너무 재밌었고 여러 테마로 해보고 싶어요
마* 2024. 2. 18.
00
신고하기
마로니에공원에서 데이트하기 좋아요~독특하고 맛있는 식당도 많고 볼거리도 풍성합니다~
휴*통 2023. 11. 1.
00
신고하기
다양한 예술인들과 문화가 가득합니다. 연극보고 맛집가서 데이트하면 딱이예요!
j*a 2023. 10. 6.
00
신고하기","서울특별시 종로구 대학로 104 (동숭동)","2025-03-18 16:53:53",37.580561,127.002117
335,335,"문경산악바이크(문경레저투어)> 여행지 :대한민국 구석구석","초보자연습장, 안전교육장이 있으며 매표소, 매점, 휴게실도 있다. 체험코스는 경상북도의 8경중 1경으로 감싸도는 7㎞거리의 대자연전문코스이다. 강변길은 물론 숲속길에서 즐기게 된다. 중·고등학생 팀웍활동 기본체력과 협동정신훈련이 가능하다.","문의 및 안내 054-554-3911
홈페이지 http://www.mgatv.kr
주소 경상북도 문경시 문경대로 1325
이용시간 09:00~17:30 (휴게 시간 12:00~13:00)
주차 가능 (소형 50대 / 대형 10대)
체험가능 연령 16세 이상
이용요금 [산악바이크 이용요금 ]
- 기본 1인 27,500원
- 소인 동승 38,500원
- 성인 동승 44,000원
※ 이용요금은 변동될 수 있으므로 홈페이지 참조 또는 전화 문의 요망
더보기","
댓글 더보기","경상북도 문경시 문경대로 1325","2025-03-18 16:54:07",36.657955,128.126954
336,336,"새빛공원> 여행지 | '열린 관광' 모두의 여행:대한민국 구석구석","경기 광명시 일직동에 위치한 공원이다. 소규모에 단조로운 공원이었으나 공원 내 자경 저류지를 단장하여 시민 휴식공간으로 조성하였다. 총 35억 원의 예산을 투입하여 자경 저류지 9333㎡의 공간에 철쭉, 코스모스, 왕벚나무, 억새 등 다양한 꽃과 나무를 심고 물 위의 데크로드, 지하수를 활용한 수변공원을 조성하였다. 이외에도 벤치와 그늘막을 설치해 시민에게 휴식공간을 제공하고 분수와 조명을 설치해 다양한 볼거리를 제공하고 있다. 지하철 1호선 광명역과 가까이 있으며 안양 새물공원과는 서로 맞닿아 있다.
내용 더보기","문의 및 안내 02-898-9053
주소 경기도 광명시 일직동 293
이용시간 상시 개방
휴일 연중무휴
주차 가능
입장료 무료
접근로 출입구까지 턱이 없어 휠체어 접근 가능함
출입통로 주출입구는 턱이 없어 휠체어 접근 가능함
보조견 동반 동반가능_시각장애인 편의시설
장애인 주차 안내 장애인 주차장 있음_무장애 편의시설
화장실 장애인 화장실 있음","등록된 댓글이 없습니다.
","경기도 광명시 일직동 293","2025-03-18 16:54:09",37.416012,126.888395
337,337,"문수사> 여행지 :대한민국 구석구석","경상북도 구미시 도개면 청량산에 있는 사찰이다. 대한불교조계종 제8교구 본사인 직지사의 말사이다. 사자암, 천년 동굴, 셀프 차방 등 볼거리와 즐길 거리가 다양하다. 특히 8월에는 메밀꽃, 가을에는 국화꽃이 만개해 한층 더 아름다운 경관을 즐길 수 있다. 사후 전 내에 있는 법당이 반은 굴 속에 반은 굴 밖에 조성되어 있어 반쪽 사찰이라고도 불린다.","문의 및 안내 054-474-0615
주소 경상북도 구미시 도개면 신곡4길 186
이용시간 05:00~18:00
휴일 상시 개방
주차 가능 (소형 100대 / 대형 19대 가량)","등록된 댓글이 없습니다.
","경상북도 구미시 도개면 신곡4길 186","2025-03-18 16:54:11",36.327864,128.36098
338,338,"안터생태공원> 여행지 :대한민국 구석구석","안터생태공원은 환경부의 생태계 보전 협력금 사업으로 금개구리의 서식처를 보호하기 위해 복원된 도심 속의 내륙 습지이다. 생태적 수질정화시스템을 통해 점 비점오염원을 처리하여 수질환경을 개선하고, 건강한 생태계로 유도한다. 안터생태공원에는 금개구리를 포함해 7종의 양서파충류가 서식하고 있고, 애기부들 등 식물66종, 버들붕어 등 어류 6종, 쇠물닭 등 조류 27종을 비롯해 각종 동식물이 풍부하게 서식하고 있다. 주변에는 자생초 화원이 조성되어 있으며, 우리 곁에 살고 있는 다양한 생물의 소중함을 직접 몸으로 느끼고 체험할 수 있는 다양한 생태교육프로그램을 운영하고 있다.
내용 닫기","문의 및 안내 02-2619-1050
홈페이지 https://www.gm.go.kr/
주소 경기도 광명시 안재로1번길 27 (하안동)
이용시간 상시 개방
휴일 연중무휴
주차 불가능
입장료 무료","
서울 인근의 생태공원을 찾다가 발견한 광명의 안터 생태공원은 그야말로 볼거리가 넘쳤습니다. 그리고 주차공간이 넓은건 물론 주차요금도 무료인 점이 좋았어요. 생태공원에는 어류와 조류 그리고 유명한 금개구리가 서식하고 있습니다. 쾌적한 공간을 거닐다보면 연못이 있어 잠시 멈춰 풍경을 관람하기 정말 좋습니다.
r***** 2024. 10. 21.
00
신고하기
신고하기
도심가까이 휴식처로 좋은곳이예요 느티나무 많고 금개구리 서식지입니다
전*조 2024. 5. 5.
00","경기도 광명시 안재로1번길 27 (하안동)","2025-03-18 16:54:15",37.459323,126.869808
339,339,"숭인근린공원> 여행지 :대한민국 구석구석","숭인근린공원은 서울특별시 종로구 숭인동 동망산에 있는 공원이다. 동망산공원이라고도 한다. 1980년에 개원한 도시공원으로 주민들이 휴식과 산책, 가벼운 운동을 할 수 있도록 조성되었다. 면적 45,615㎡로서 주민들이 휴식과 산책, 가벼운 운동을 할 수 있는 자연친화적 공간이다. 공원 안에는 정자와 체력단련시설, 관리사무소, 화장실 등이 있다. 공원이 있는 동망산의 봉우리를 동망봉이라 부르는데, 단종이 영월로 귀양을 가자 단종비 정순왕후가 초가 암자인 정업원을 짓고 동쪽 영월을 바라보며 단종을 그리워한 곳이라 하여 붙여진 이름이다. 2008년 4월 이 공원에서 정순왕후를 기리는 추모제가 열렸다.
내용 더보기","문의 및 안내 02-2148-4152
홈페이지 https://parks.seoul.go.kr/
주소 서울특별시 종로구 숭인동 58-70
이용시간 상시 개방
휴일 연중무휴
주차 불가능
입장료 무료","등록된 댓글이 없습니다.
","서울특별시 종로구 숭인동 58-70","2025-03-18 16:54:17",37.577112,127.017803
340,340,"천내강> 여행지 :대한민국 구석구석","금산에서 동쪽으로 7km 지점에 산과 강, 옛 문화재와 임진왜란의 전적지가 금강을 사이에 두고 펼쳐지고 있다. 이곳이 금산의 명승지이며, 사계절 끊이지 않고 관광객이 찾아드는 천연의 모습을 간직한 곳이다. 천내강은 제원면 저곡리와 개티 건너편의 천내강 사이에 있는 금강 상류로, 담수어가 많이 잡히며 천내리 강가에는 고려 시대 유물인 용호석(龍虎石)이 280m의 간격으로 서 있고, 강가에는 임진왜란 당시 금산 군수로 적을 막다 이곳에서 순국한 권종의 전적비가 옛 격전지에 서 있어 찾는 사람들로 하여금 옷깃을 여미게 한다. 저곡리 갯벌 옆산은 그 이름이 봉황대(鳳凰臺)로 강을 향해 높이 솟아 있어, 예부터 시인 묵객들이 즐겨 찾았다. 이 산마루에 봉황대라는 정자가 있어 찾는 사람의 좋은 휴식처가 되었다고 전하나 지금은 그 터만 남아있고 저곡리 뒷산에는 임진왜란 때 쌓은 성터가 지금도 남아있다.
내용 닫기","문의 및 안내 금산관광안내소 041-750-2626
홈페이지 https://tour.chungnam.go.kr/
주소 충청남도 금산군 제원면 명암리 107-2
이용시간 상시 개방
휴일 연중무휴
입장료 무료","등록된 댓글이 없습니다.
","충청남도 금산군 제원면 명암리 107-2","2025-03-18 16:54:21",36.107791,127.545971
341,341,"방태산> 여행지 :대한민국 구석구석","방태산은 강원도 인제군 기린면 방동리에 위치하고 있으며, 인제군과 홍천군의 경계를 이루는 산이다. 북쪽으로 설악산, 점봉산, 남쪽으로 개인산과 접하고 있다. 사방이 긴 능선과 깊은 골짜기를 뻗고 있는 풍광이 뛰어나 ‘정감록’이라는 책에도 이 산의 오묘한 산세에 대해 여러 번 언급되어 있다. 교통이 불편한 관계로 아직도 오염되지 않은 깨끗한 계곡을 간직하고 있으며, 아침가리골의 짙푸른 물은 암반 위를 구슬처럼 굴러 떨어지고, 적가리골은 펼쳐진 부채 같은 독특한 땅 모양을 가지고 있다.
피나무, 박달, 소나무, 참나무류 등 수종이 다양하여 계절에 따른 자연경관이 수려하고 뿐만 아니라 열목어, 메기, 등의 물고기와 멧돼지, 토끼, 꿩, 노루, 다람쥐 등의 많은 야생동물도 서식하고 있다.
내용 더보기","문의 및 안내 033-463-8590
홈페이지 http://tour.inje.go.kr
주소 강원특별자치도 인제군 기린면 방태산길
이용시간 09:00~18:00
휴일 매주 화요일
주차 가능
입장료 [개인]
- 어른 1,000원
- 청소년 600원
- 어린이 300원
[단체]
- 개인 800원
- 청소년 500원
- 어린이 200원
※ 동절기(12월~3월)에는 입장료 면제
더보기","등록된 댓글이 없습니다.
","강원특별자치도 인제군 기린면 방태산길","2025-03-18 16:54:23",37.920864,128.379019
342,342,"버드나무백숙> 여행지 :대한민국 구석구석","버드나무백숙은 경북 구미시 영남 8경 중에 하나로 손꼽히는 금오산 밑자락에 자리한 음식점이다. 이곳은 2대에 걸쳐 닭과 오리만을 고집하며 장인 정신을 이어가고 있다. 직접 농사지은 식자재와 청국, 당귀, 작약 등 30여 가지의 금오산 약재들과 금오산 정기 받은 토종닭이 만나 이 집의 보양식이 된다. 구미시 모범음식점으로 지정되어 믿고 방문할 수 있다. 주변 관광지로 금오산도립공원, 금오랜드 놀이동산, 야은역사체험관 등이 있어 가족단위로 즐기기 좋다.
내용 닫기","문의 및 안내 054-452-5069
주소 경상북도 구미시 공원로 26
영업시간 11:00~22:00 (마지막 주문 20:30)
휴일 연중무휴
주차 가능
대표메뉴 한방백숙
취급메뉴 한방삼계탕 / 오리백숙 등","등록된 댓글이 없습니다.
","경상북도 구미시 공원로 26","2025-03-18 16:54:26",36.111321,128.316128
343,343,"갑곶돈대> 여행지 | '열린 관광' 모두의 여행:대한민국 구석구석","돈대는 해안가나 접경지역에 돌이나 흙으로 쌓은 소규모 관측·방어시설로, 조선시대 강화도 해안에 돌로 쌓은 돈대 53개가 설치됐다. 갑곶돈대는 1679년 5월에 완성된 48 돈대 가운데 하나이다. 강화 돈대는 황해도·강원도·함경도 승군 8,900명과 어영청 소속 어영군 4,262명이 80일 정도 걸려서 쌓았다. 갑곶돈대는 망해돈대·제승돈대·염주돈대와 함께 제물진의 관할 하에 있었으며, 포좌가 있는 본래의 갑곶돈대는 옛 강화대교 입구 북쪽 언덕에 있었다. 지금 사적으로 지정된 갑곶돈대는 제물진과 강화 외성의 일부이다. 갑곶돈대에서는 강화전쟁박물관, 강화 갑곶리 탱자나무, 홍이포, 이섭정, 비석군 등을 관람할 수 있다.

(출처: 강화군시설관리공단 홈페이지)
내용 닫기","문의 및 안내 032-930-7076
홈페이지 https://www.ghss.or.kr/user/main.do
주소 인천광역시 강화군 강화읍 해안동로1366번길 18
이용시간 09:00~18:00 (입장마감 17:00)
휴일 연중무휴 (전쟁박물관은 매주 월요일, 1월 1일, 설날 및 추석 당일 휴무)
주차 가능
요금 (무료)
입장료 [개인]
- 어른 1,200원
- 어린이·청소년·군인 900원
[단체]
- 어른 1,000원
- 어린이·청소년·군인 800원
화장실 장애인화장실 있음_무장애 편의시설
닫기","
강화만의 아름다움을 느낄수있는 곳이에요 갑곶돈이라는 이름만큼이나 특유의 풍취가 있어 어르신들이 굉장히 좋아하는 곳이랍니다 강화의 풍경 아름답고 고즈넉해요
꼬*마 2024. 9. 29.
00
신고하기
갑곶돈의 의미를 몰랐는데 갑곶의 유래와 이야기들을 접하고 더욱 보는 눈이 달라졌던 기억이 있어요! 인천 강화군 갑곶돈대에서 강화도의 풍경을 경험해 보는 것도 좋을 것 같습니다:) 뜻깊은 시간이라 추천해요~
초* 2024. 8. 15.
00
신고하기
지난 겨울에 가족과 함께 강화도에 여행을 갔었는데, 가장 기억에 남았던 장소가 바로 갑곶돈대였어요! 아이들과 역사이야기도 나누고 갑곶돈대에서 바다도 바라보면서 좋은 시간을 가졌습니다!
d**** 2024. 2. 1.
00
신고하기
지붕없는 박물관이라고 불리는 곳이지요 아이들 역사수업에서 당일코스로 다녀왔던곳인데 요새같이 잘 지어졌던 곳이 아직도 기억에 선합니다 일정이 빠듯해 전등사를 해지고 어둑해질무렵 다녀왔는데 힘들지만 안갔으면 후회할뻔했더라구요 다시한번 가고 싶네요
송*란 2023. 11. 20.
00
신고하기
신고하기
바람이 많이 불고 물살도 쎈 곳이더군요. 저 바다에서 지체할 수 밖에 없을텐데, 그 사이 대포를 쏘면 여지없이 침몰할 것 같은 거리입니다. 강화를 떠나기 아쉬움에, 갑곶돈대 순교성지도 함께 있고 강화전쟁박물관도 있어 여기저기 둘러보고 지나가기 좋은 곳 같습니다.
부*기 2023. 4. 17.
00","인천광역시 강화군 강화읍 해안동로1366번길 18","2025-03-18 16:54:32",37.733668,126.516432
344,344,"복어세상> 여행지 :대한민국 구석구석","경북 경산시 진량읍 진량공단 인근에 있는 복어세상은 복어요리 전문점이다. 다양한 메뉴의 복어요리를 접할 수 있으며, 어린이를 위한 어린이 복까스도 준비되어 있다. 주인이 직접 복어를 하나하나 손질해서 더욱더 신선하고 안전하게 먹을 수 있다. 또 매일 아침 복어뼈를 넣고 푹 고아낸 육수는 한층 깊은 복어탕, 지리 맛을 느낄 수 있다.","문의 및 안내 053-856-9767
주소 경상북도 경산시 진량읍 공단1로 20
영업시간 11:00~21:00 (준비 시간 15:00~17:00 / 마지막 주문 20:20)
휴일 명절 연휴
주차 가능
대표메뉴 참복 샤브구이
취급메뉴 참복 샤브구이 / 밀복맑은탕 / 복불고기 등","등록된 댓글이 없습니다.
","경상북도 경산시 진량읍 공단1로 20","2025-03-18 16:54:33",35.873624,128.82099
345,345,"홍성 속동갯벌마을> 여행지 :대한민국 구석구석","예로부터 천수만은 갯벌이 발달하여 있고, 서해안의 고기들의 산란장소로 생태환경의 보고였으나 무분별한 개발로 인하여 생태자연이 보존된 지역이 사라져 가고 있으나, 갯벌체험마을은 다양한 수산자원을 보유하고 있다. 속동갯벌마을은 서해안의 보고인 천수만에 위치한 농어촌마을로 바닷가에 위치하고 있으면서 갯벌체험을 2004년도부터 실시하여 지속적으로 활성화되고 있으며, 홍성 8경 중에 하나인 마을의 갯벌과 속동 전망대에는 외지에서 관광객들이 많이 방문하고 있다. 2005년도 서해안 임해관광도로의 개설로 그동안 오지였던 마을이 관광객, 체험객이 찾아오는 마을이 되었으며, 마을관광객의 증대를 위하여 봄에는 유채꽃단지 조성, 가을에는 코스모스 단지를 조성하였으며 홍성 8경 중에 하나인 마을의 갯벌과 속동 전망대에서 바라보는 낙조는 많은 관광객들의 발길을 머물게 한다.
내용 닫기","문의 및 안내 070-7763-8450
홈페이지 https://www.hongseong.go.kr/
주소 충청남도 홍성군 서부면 남당항로 689
이용시간 상시 개방
휴일 연중무휴
주차 가능
체험 안내 바지락 캐기
입장료 무료","등록된 댓글이 없습니다.
","충청남도 홍성군 서부면 남당항로 689","2025-03-18 16:54:37",36.576918,126.464656
346,346,"채석장 전망대> 여행지 | '열린 관광' 모두의 여행:대한민국 구석구석","채석장 전망대는 창신동 채석장 정상에 지어졌으며 도시와 자연이 한눈에 보이는 전망대이다. 한양도성 낙산 자락에 있는 창신동에는 채석장이 있었다. 채석장 일대는 일제 강점기 조선총독부와 옛 서울역, 한국은행 등의 건물들이 지어지고 있어서 건물에 사용될 외장재 석재가 필요했다. 그래서 운송하기에도 가깝고 질 좋은 화강암으로 이루어진 낙산은 건축에 필요한 재료를 공급하기에 좋은 위치였다. 산의 단면을 뚝 잘라낸 듯한 수직 절벽과 잘린 땅이 이곳 창신동 낙산에 남아있는 이유는 이 시기 수탈의 흔적이다. 한국 전쟁 이후 채석장 사용은 중단되었고 이주민과 피란민이 모여 마을을 이루었다.
마을 위로 이어지는 계단을 따라 올라가다 보면 길쭉한 직사각형 건물이 나타나는데 이 건물이 채석장 전망대이다. 2019년 11월 채석장 상부에 문을 연 창신숭인 채석장 전망대는 시야에 걸리는 것이 없이 서울의 스카이라인이 한눈에 보인다. 2층은 실내로 커피숍(카페 낙타)이 있다. 계단이 없이 엘리베이터로만 올라갈 수 있다. 유리창으로 외부 풍경을 볼 수 있다. 3층은 실외로 시원한 바람을 맞으며 서울 도심의 풍경과 자연을 함께 즐길 수 있다. 해가 질 무렵이면 노을과 함께 펼쳐지는 멋진 야경이 한참을 이곳에 머무르게 한다.
내용 더보기","문의 및 안내 0507-1330-5416
홈페이지 https://korean.visitseoul.net/
주소 서울특별시 종로구 낙산5길 51 (창신동)
이용시간 - 화요일~목요일 / 일요일 10:00~20:00
- 금요일~토요일 10:00~22:00
휴일 매주 월요일
주차 불가능
입장료 카페낙타 이용 시 무료
접근로 출입구까지 턱이 없어 휠체어 접근 가능함
출입통로 주출입구는 턱이 없어 휠체어 접근 가능함
엘리베이터 엘리베이터 있음_무장애 편의시설","등록된 댓글이 없습니다.
","서울특별시 종로구 낙산5길 51 (창신동)","2025-03-18 16:54:42",37.578245,127.011579
347,347,"솔매기식당> 여행지 :대한민국 구석구석","솔매기식당은 경북 경산시에 위치한 두부요리 전문점이다.
우리 콩으로 만든 두부를 판매하는데, 고소하고 부드러운 맛이 일품이다. 두부보쌈, 두부버섯전골, 청국장, 순두부찌개, 촌두부 등 두부로 만드는 다양한 요리를 맛볼 수 있다. 전 요리 또한 인기가 많다. 특히 호박전은 달큰 고소한 맛이 고객들의 입맛을 사로잡는다.","문의 및 안내 053-852-5566
주소 경상북도 경산시 와촌면 갓바위로 314
영업시간 09:00~21:00
휴일 연중무휴
주차 가능 (100대)
좌석수 200석
대표메뉴 두부 요리
취급메뉴 오리백숙 / 닭볶음탕 / 오리불고기 등","
신고하기
팔공산 갓바위 근처 맛집 솔매기 식당을 소개 합니다. 바삭하고 달달한 호박전, 국산콩으로 만든 두부 전문 맛집으로 구수한 청국장은 먹어도 질리지 않는 건강한 한식 맛집입니다. 꼭 먹어봐야 알 수 있는 이 맛. 밑 반찬, 김치도 직접 담그고 매일 만드신다고 합니다. 모르면 지나칠 수 있지만 한 번 맛 본 분은 잊을 수 없는 호박전을 소개 합니다.
플*워 2025. 1. 15.
10","경상북도 경산시 와촌면 갓바위로 314","2025-03-18 16:54:47",35.97497,128.770916
348,348,"부암동> 여행지 | '열린 관광' 모두의 여행:대한민국 구석구석","종로구에 있는 부암동은 세련된 삼청동 분위기와 옛날 모습의 촌스러움이 고스란히 남아있는 구불구불한 골목길을 가진 동네이다. 부암동은 미술관, 개성 있는 카페와 레스토랑이 1960~70년대 방앗간과 이발소와 함께 자리 잡고 있다. 본래는 화가, 문인, 교수 등 다양한 분야를 아우르는 예술가들이 느릿느릿 살아가던 동네였으나 최근에 부암동사무소 앞에서부터 드라마 <커피 프린스 1호점> ‘최한성의 집’으로 유명해지면서 산모퉁이 카페에 이르는 길 곳곳에 개성 넘치는 카페와 가게가 줄지어 들어서고 있다. 삼청동, 신사동 가로수길과 더불어 감각적인 공간으로 주목받는 곳이다. 산책코스로도 좋으며 관광지 분위기도 나는 다양한 모습을 가진 동네이다.
내용 닫기","문의 및 안내 관광플라자 관광정보센터 02-6365-3100
주소 서울특별시 종로구 창의문로 145
이용시간 상시 개방
휴일 연중무휴
주차 불가능
입장료 무료
접근로 출입구까지 경사로가 설치되어 있음
장애인 주차 안내 장애인 주차장 있음(부암동 주민센터)_무장애 편의시설
화장실 장애인 화장실 있음(주민센터1층)
점자 블록 점자블록 있음(주민센터 접근로,건물 내 통로)_시각장애인 편의시설","등록된 댓글이 없습니다.
","서울특별시 종로구 창의문로 145","2025-03-18 16:54:50",37.592401,126.964045
349,349,"[강릉 바우길 4구간] 사천 둑방길> 여행지 :대한민국 구석구석","백두대간의 줄기에서 푸른 동해바다까지 나아가는 길이다. 이름도 예쁜 해살이 마을의 개두릅밭을 지나 작은 강물의 둑방을 따라 바다로 나간다. 봄이면 둑방에 온갖 꽃이 피고, 여름이면 들풀이 자라고, 가을이면 이 냇물로 연어가 올라오는 모습을 바라볼 수 있다. 누구든 가을에 이 길을 걸으면 연어를 만날 수 있고, 교산 허균이 태어난 애일당 마을의 꼬부랑 논둑길을 따라 걷는 재미도 각별하다.

(출처 : 강릉 바우길)
내용 닫기","문의 및 안내 033-645-0990
홈페이지 http://www.baugil.org
주소 강원특별자치도 강릉시 성산면 삼왕길 204-15
이용시간 상시 개방
휴일 연중무휴
주차 가능","등록된 댓글이 없습니다.
","강원특별자치도 강릉시 성산면 삼왕길 204-15","2025-03-18 16:54:53",37.760932,128.795187
350,350,"문화산수 옥화구곡 관광길> 여행지 :대한민국 구석구석","하늘이 감춰두고 땅이 비밀로 했다는 옥화구곡. 충청북도 청주시 미원면에 위치한 옥화구곡은 조선시대 성리학을 공부하던 선비들의 철학과 사색, 문학과 풍류의 공간이다. 구곡은 팔경과 함께 대표적인 동아시아 유교문화유산으로, 구곡과 팔경은 성리학적인 세계관이 그대로 반영된 인문경관으로, 수많은 지식인과 시인묵객들이 노닐던 문학과 문화경관이기도 하다. 옥화구곡은 임진왜란 이후 정치가 혼란해지자 조선시대 역학자이자 음악인인 서계 이득윤이 1609년에 처음 설정한 곳이다.
옥화구곡은 1609년 처음 설정된 이후 400년 넘게 역사와 철학, 문학과 자연이 함께 하나가 된 시공간이며 우리 삶의 실체이기도 하다. 우리나라 대부분의 구곡은 산간 계곡을 따라 설정되어 훼손되거나 잊혀졌지만 옥화구곡은 완만한 물줄기를 따라 형성된 마을과 함께 살아온 덕분에 끊임없이 사람들과 호흡하며 온전히 보존될 수 있었다. 2020년 '옥화구곡 관광길'을 역사와 문화가 함께하는 자연친화적인 관광지로 조성하는 프로젝트를 통해 그 옛날 아름다운 옥화구곡의 절경을 볼 수 있도록 14.8km의 관광길로 새롭게 조성하였다.
내용 더보기","문의 및 안내 043-201-2052
홈페이지 공식 홈페이지 https://okhwa.cheongju.go.kr/
청주시 문화관광 https://www.cheongju.go.kr/
주소 충청북도 청주시 상당구 미원면 남부로 6724-35
이용시간 상시 개방
휴일 연중무휴
주차 가능
체험가능 연령 전 연령","
사람이 많이 없어서 요즘 같은 때 가기 딱 좋은 걷기길이에요. 난이도도 어렵지 않고 경치도 좋아서 편하게 가기 좋아요.
초**왕 2021. 12. 16.
11
신고하기","충청북도 청주시 상당구 미원면 남부로 6724-35","2025-03-18 16:55:00",36.611985,127.68517
351,351,"연호사> 여행지 | '열린 관광' 모두의 여행:대한민국 구석구석","* 고타소랑과 신라 장병의 원혼을 달래기 위해 지은 원찰, 연호사 *

합천 연호사는 행정구역상 경상남도 합천군 합천읍 합천동에 있다. 대야성 아래에 있는 연호사 뒤로는 황우산이 솟아 있으며, 앞으로는 황강이 흐르고 있다. 합천읍에 있는 군청에서 남쪽으로 3㎞ 정도 떨어져 있는데, 이곳에는 고려 충숙왕 8년(1321년)에 중건하여 여려 차례 중수한 조선시대 성리학의 대가 이황, 조식, 송시열의 글이 있는 함벽루가 있다. 합천 팔경 중 제5경으로 절벽을 등지고 푸른 산들이 병풍처럼 둘러쳐져 있으며, 앞으로는 푸른 황강이 흐르고 있다. 산을 뒤로하고 누각에 앉으면 유유히 흐르는 황강을 보는 즐거움을 만끽할 수도 있으며, 비 오는 날에는 누각 처마에서 황강으로 바로 떨어지는 빗물을 보는 재미도 맛볼 수 있다.

달빛을 받은 합천 황강의 푸름이 절경을 자랑하는 곳에 말없이 강물에 그 모습을 비추고 세상의 온갖 번뇌망상은 흐르는 물에 흘려버리고 부처님의 불법만 고이 지키고 있는 연호사(烟湖寺). 삼국시대 신라의 변방으로 군사 요충지였던 황우산 대야성에서 풍광이 가장 아름다운 남쪽 석벽 위에 지어진 연호사는 김춘추의 딸 고타소랑과 신라 장병 2천여 명의 원혼을 달래기 위해 지은 원찰(願刹)이다.

* 신라의 김품석의 설화가 있는 곳 *

642년 백제의 일만 대군이 신라의 대야성을 공격했을 때 김춘추의 사위인 김품석이 이끄는 신라군은 내부 분란으로 위기에 처하고 항복을 권유받았지만, 장병 2,000여 명과 함께 장렬하게 싸우다 전사하였다. 바로 이 전투에서 죽은 김춘추의 사위인 김품석과 처자, 그리고 신라 장병 2,000여 명의 영혼을 위로하기 위해 643년 와우 선사가 연호사를 세운 것이라 한다. 신라의 대야성 패배는 비록 쓰라렸지만, 6년 후 김유신은 백제군을 대파하였고, 김춘추는 대당 외교로 삼국통일의 대업을 이루게 한 의미 있는 패배였다.

푸른 황강에 패전으로 물든 붉은 핏물은 대나무의 곧음으로 안타깝게 죽은 영혼들을 지극정성으로 위로하였기에 지금의 황강이 다시 푸름으로 흐르고 있지는 않을까? 연호사 밑에는 푸름이 젖어드는 곳이라는 하여 지어진 함벽루(涵碧樓)라는 누각이 있다. 함벽루는 핏빛의 역사와는 다르게 옛 선비들이 풍류를 즐기던 곳이었다. 함벽루는 진주 촉석루나 밀양 영남루보다 더 오래된 정자로 누각 처마의 빗물이 황강으로 바로 떨어지게끔 지어져 누마루에 앉으며 배를 타고 있는 느낌마저 든다. 강물은 언제나 그렇듯이 유유히 흐르고 역사의 사연들만이 기억의 저편에 남아있듯 부처님이 큰 가르침은 속인들에게 흐르는 물과 같이 한 곳에 잡아 두지 못하고 멀어져 가기만 한다. 연호사 법당에 앉아 황강에 비친 달빛을 바라보고 있노라면 들리는 풍경소리에 절개를 지키며 죽어간 영혼들의 아우성이 들리는듯 하다.
내용 닫기","문의 및 안내 055-930-3176
홈페이지 https://www.hc.go.kr/
주소 경상남도 합천군 죽죽길 80 연호사
이용시간 일출~일몰
휴일 연중무휴
주차 가능
입장료 무료
화장실 장애인용화장실 있음_무장애 편의시설","등록된 댓글이 없습니다.
","경상남도 합천군 죽죽길 80 연호사","2025-03-18 16:55:03",35.559839,128.165394
352,352,"구름산 산림욕장(구름산 도시자연공원)> 여행지 :대한민국 구석구석","구름산 내에 위치한 산림욕장은 높이 20m가량의 나무숲으로 울창하게 조성되어 있다. 주요 시설로는 종합놀이시설, 시냇물 건너기, 평상, 벤치 등을 갖추고 있으며 경기도 내 13개 산림욕장 중 피톤치드 농도가 가장 높다. 전나무 356그루를 식재하고 184m 황톳길이 조성되어 있어, 등산로를 맨발로 체험할 수 있는 등 시민과 관광객의 휴식을 돕는 힐링 공간으로 각광받고 있다. 특히 산림욕장 구석구석을 잇는 숲 속 길 대부분에 우드 칩을 깔아놓아 걷기가 편하다.
내용 닫기","문의 및 안내 02-898-9053
주소 경기도 광명시 오리로619번길 34 (하안동)
이용시간 상시 개방
휴일 연중무휴
주차 불가능","등록된 댓글이 없습니다.
","경기도 광명시 오리로619번길 34 (하안동)","2025-03-18 16:55:06",37.454532,126.877195
353,353,"강화 달빛동화마을> 여행지 :대한민국 구석구석","강화 달빛동화마을은 인근 진강산과 덕정산, 용천과 삼흥천 등과 어우러져 평화로운 분위기를 자아내는 농촌체험마을이다. 이곳에서는 짚풀 공예, 버섯 수확 체험, 인삼고추장 만들기, 수제 쑥비누 만들기 등 다양한 체험 프로그램을 즐길 수 있다. 또한 3~5월에는 딸기 수확, 6~8월에는 블루베리, 7~9월에는 고추 따기, 10~11월에는 속 노란 고구마 캐기 등 계절별로 체험 활동을 할 수 있다. 아이들과 함께 좋은 추억을 만들 수 있는 자연 친화적인 공간이다.
내용 닫기","문의 및 안내 032-937-9960
홈페이지 http://달빛동화마을.kr/
주소 인천광역시 강화군 양도면 강화남로921번길 10-6
이용시간 상시 개방
휴일 연중무휴
주차 가능
요금 (무료)
체험 안내 트랙터마차 타기 / 블루베리 수확 / 고구마 와플 만들기 / 짚풀공예 등","등록된 댓글이 없습니다.
","인천광역시 강화군 양도면 강화남로921번길 10-6","2025-03-18 16:55:10",37.680306,126.416368
354,354,"잠홍 저수지(상홍지)> 여행지 :대한민국 구석구석","잠홍저수지는 1951년 11월 5일 착공하여 1958년 12월 31일 준공된 저수지이다. 2003년 한 차례 제방 보강 공사가 있었으며, 현재 한국농어촌공사 서산·태안지사에서 관리하고 있다. 국도 32호선과 지방도 649호선이 분기하는 지점에 위치하고 있으며 서산 A지구 간척지 북측에 농업용수를 제공하고 있다. 일부 방문객과 낚시객들의 쓰레기 투기를 방지하고 수질과 환경을 보호하기 위하여 2021년 5월 10일 이후로부터 낚시금지구역으로 지정되었다.
내용 더보기","문의 및 안내 서산관광안내소 041-688-3069
주소 충청남도 서산시 음암면 상홍리 (음암면)
이용시간 상시 개방
휴일 연중무휴
주차 가능
이용요금 무료","등록된 댓글이 없습니다.
","충청남도 서산시 음암면 상홍리 (음암면)","2025-03-18 16:55:13",36.790319,126.500147
355,355,"월명낚시터> 여행지 :대한민국 구석구석","파로호에 위치한 월명낚시터는 식당, 좌대, 민박시설, 노천데크시설을 갖추고 있다. 낚시마니아와 휴양객 미식가들의 쉼터이다. 인근에는 펜션과 식당이 있으며, 보트를 이용해서 파로호 주변의 평화의 댐, 이승만별장터, 연애골, 삼거리 등의 명승지를 볼 수 있다.
좌대는 3인용이 15대, 6인용이 2대 있으며 의자, 가스보일러, 침구, 떡밥그릇, 파라솔 등이 구비되어 있다.","문의 및 안내 033-482-3385
주소 강원특별자치도 양구군 양구읍 간척월명로 1715
이용시간 10:00~20:00
휴일 연중무휴
주차 가능
체험가능 연령 전 연령","등록된 댓글이 없습니다.
","강원특별자치도 양구군 양구읍 간척월명로 1715","2025-03-18 16:55:20",38.117799,127.898032
356,356,"국립나주숲체원> 여행지 | '열린 관광' 모두의 여행:대한민국 구석구석","국립나주숲체원은 호남지역 산림복지 서비스 제공을 위하여 호남의 8대 명산 중 하나인 금성산 자락에 조성된 산림복지시설이다. 2020년 11월 개원 이후, 야생차 군락지인 금성산 산림자원과 지역의 우수한 역사, 전통, 문화를 접목한 다양한 산림복지 서비스를 제공하고 있다. 몸과 마음이 건강해지는 자연 휴식처인 국립나주숲체원은 대강당, 체험센터, 다도실 등 교육장소와 휴양관, 숲속의 집으로 구성된 숙박시설이 있고, 숲길, 데크로드, 전망대 등 프로그램을 체험할 수 있는 시설을 보유하고 있다.
숲에서 걷기, 명상, 아로마테라피를 활용한 건강증진 활동 등 몸과 마음이 맑아지는 다양한 체험 프로그램도 진행하고 있어 외부의 자극에서 벗어나 숲속에서의 완전한 휴식과 힐링이 가능하다.
국립나주숲체원에서 차량 이동 10분, 3.5㎞ 거리에 대호동의 대호수변공원이 있고, 인접하여 금성관, 정수루등 조선시대 문화재와 나주곰탕거리, 사매기 째깐한 박물관 등 다양한 경험을 할 수 있다.
내용 닫기","문의 및 안내 061-338-8400
홈페이지 https://sooperang.or.kr
주소 전라남도 나주시 금성산길 116 (경현동)
이용시간 09:00~18:00 (휴게시간 12:00~13:00)
휴일 매월 첫 번째 월요일
주차 가능 (약 소형 20~30대)
지정현황 전남 대표 웰니스 관광지, 전남 유니크베뉴 지정
체험 안내 숲 한 빛깔 / 마실 숲 / 건강숲 테라피 / 오감다도 등
체험가능 연령 프로그램마다 연령 상이
입장료 무료
시설이용료 [숲 한 빛깔]
- 개인 17,000원
- 단체 15,000원
[마실 숲]
- 개인 13,000원
- 단체 11,000원
[건강숲 테라피]
- 개인 14,000원
- 단체 12,000원
[오감다도]
- 개인 15,000원
- 단체 13,000원

[숙박시설]
단체형(3인실)
- 비수기·주중 44,000원
- 성수기·주말 76,000원
단체형(6인실)
- 비수기·주중 95,000원
- 성수기·주말 162,000원
단독형(6인실)
- 비수기·주중 98,000원
- 성수기·주말 173,000원

[식사]
- 성인 8,000원
- 어린이 5,500원
- 영·유아 무료

[프로그램 체험료]
-개인 12,000원
- 단체 10,000원
*2시간 기준, 단체는 20인 이상부터 할인금액 적용

[시설 대여]
- 60,000원~210,000원
*2시간 기준, 추가일 경우 1시간당 2시간 기준의 1/2 이용료 산정

※ 자세한 사항은 홈페이지 참조
접근로 휄체어로 시설 내 이동 가능
출입통로 바닥표면이 평탄하여 휠체어 이동 가능
장애인 주차 안내 장애인 전용 주차구역[주차장] 2대
장애인 전용 주차구역[숙소동(휴양관1·2·3) 각 1대] 3대
화장실 방문자센터 1층·2층, 체험센터·대강당
엘리베이터 방문자센터, 체험센터 내 장애인 이용가능 엘리베이터 있음
점자 블록 출입구, 계단, 화장실, 엘리베이터 등
휠체어 휠체어 필요하실 경우 방문자센터 사무실 내방(총 3대)
점자 홍보물 점자 안내판, 장애인 화장실 내 호출 도움 벨 포함
닫기","
신고하기
연휴동안 시댁 가족들 모두 휴식이 필요해서 생태관 숲속의집을 예약하고 1박2일 다녀왔어요. 광주에서 그다지 멀지 않은 거리에 있는 숲속 휴양림이에요. 날이 덥고 조금 습했지만 모기도 많지 않았고 날파리만 조금 많았네요. 가볍게 가족끼리 걸을 수 있는 산책로가 잘 되어있어요. 숲체험도 있다고 하니 스케줄 보고 신청하면 될 거 같아요. 나주근교라 숲체험과 휴식이 필요한 분들에게 추천합니다.
소*아 2024. 9. 21.
00
신고하기
비오는 날 나주 숲체원에서 맑은 공기를 마시니 기분이 아주 좋았고 아이들과 함께하니 기쁨이 두배가 되었어요.
W***v 2023. 10. 6.
00","전라남도 나주시 금성산길 116 (경현동)","2025-03-18 16:55:25",35.047446,126.704223
357,357,"코오롱가든골프장> 여행지 | '열린 관광' 모두의 여행:대한민국 구석구석","토함산이 바라보이는 자연경관에 천연잔디 위에 설계된 골프장으로써, 연중무휴로 누구나 쉽게 이용이 가능한 골프장이다. 전장 150미터, 15타석의 골프연습장이 준비되어 있다. 심신의 건강을 위한 노캐디와 수동카트, 깊고 아름다운 숲 속 라운딩의 감동을 느낄 수 있다.","문의 및 안내 054-746-7900
홈페이지 https://kolongolf.com/
주소 경상북도 경주시 불국로 289-17 (마동)
이용시간 일출 시~일몰 시
※ 자새한 사항 홈페이지 참조
주차 가능
접근로 출입구까지 턱이 없어 휠체어 접근 가능함
장애인 주차 안내 장애인 주차장 있음(3대)_무장애 편의시설
출입통로 주출입구는 턱이 없어 휠체어 접근 가능함
엘리베이터 엘리베이터 있음","등록된 댓글이 없습니다.
","경상북도 경주시 불국로 289-17 (마동)","2025-03-18 16:55:29",35.78746,129.322686
358,358,"강화 석수문> 여행지 | '열린 관광' 모두의 여행:대한민국 구석구석","강화읍의 중심부를 흐르는 동락천 위에 설치하였던 수문이다. 조선 숙종 37년(1711)에 강화산성의 내성을 쌓을 때 연결하여 처음 설치하였으나, 광무 4년(1900)에 갑곶 나루터의 통로로 삼기 위하여 개천 어구에 옮겼다. 그 뒤 1977년에 다시 지금의 위치로 옮겨 복원하였다. 길이는 18.2m이고 높이는 2.7m, 너비는 4.7m이다. 무지개 모양의 수문이 3개이며, 화강암을 다듬어 쌓았다.

(출처 : 국가유산청)
내용 닫기","문의 및 안내 032-930-3893
홈페이지 https://www.khs.go.kr/main.html
주소 인천광역시 강화군 강화읍 국화리
이용시간 상시 개방
휴일 연중무휴
주차 가능
요금 (무료)
지정현황 인천광역시 유형문화유산 강화 석수문 (1995.03.02 지정)
입장료 무료
장애인 주차 안내 장애인 전용 주차구역 있음_무장애 편의시설
화장실 장애인용화장실 있음(강화산성 서문)
닫기","등록된 댓글이 없습니다.
","인천광역시 강화군 강화읍 국화리","2025-03-18 16:55:35",37.747466,126.474511
359,359,"도래미마을 > 여행지 :대한민국 구석구석","강화군 선원면에 위치한 도래미 마을은 대몽항쟁 당시 팔만대장경의 판각을 맡았던 선원, 군사요충지로서 중요한 역할을 한 용진진, 화도돈대, 용당돈대, 그리고 장어요리로 유명한 더리미 장어마을 등 문화, 역사, 자연이 한데 어우러진 아름다운 농촌마을이다. 강화도에는 예로부터 농사짓는 사람들에게 이런 말이 있다. ＂강화 1년 농사면, 3년 흉년도 걱정 없다.＂ 강화도의 풍성함을 단적으로 보여주는 말이다. 그만큼 사는 사람들의 마음도 풍성하다. 아름다운 풍경과 더불어 시골의 여유가 묻어나는 강화 도래미 마을에서 행복함을 한껏 충전해 갈 수 있다.
내용 더보기","문의 및 안내 032-934-4994
홈페이지 http://www.doraemi.kr/
주소 인천광역시 강화군 선원면 해안동로 1129-19
이용시간 상시 개방
주차 가능
요금 (무료)
체험 안내 농촌체험
시설이용료 ※ 시설별 상이하므로 홈페이지 참고","등록된 댓글이 없습니다.
","인천광역시 강화군 선원면 해안동로 1129-19","2025-03-18 16:55:39",37.715187,126.509121
360,360,"경주 원성왕릉> 여행지 | '열린 관광' 모두의 여행:대한민국 구석구석","원성왕릉은 낮은 구릉의 남쪽 소나무 숲에 있는 것으로 신라 제38대 원성왕(재위 785∼798)의 무덤으로 추정된다. 원성왕의 이름은 경신이며 내물왕의 12대 후손으로 독서삼품과를 새로 설치하고 벽골제를 늘려쌓는 등 많은 업적을 남겼다. 왕릉이 만들어지기 전에 원래는 작은 연못이 있었는데, 연못의 모습을 변경하지 않고 왕의 시체를 수면 위에 걸어 장례하였다는 속설에 따라 괘릉이라는 이름이 붙여졌다. 이 능은 원형 봉토분으로 지름 약 23m, 높이 약 6m이다. 흙으로 덮은 둥근 모양의 무덤 아래에는 무덤의 보호를 위한 둘레석이 있는데, 이 돌에 12지신상이 조각되어 있다. 봉분 바로 앞에는 4각 석상이 놓였고 그 앞으로 약 80m 떨어진 지점부터 양 옆으로 돌사자 두쌍·문인석 한쌍·무인석 한쌍과 무덤을 표시해주는 화표석[華表石] 한쌍이 마주보고 서 있다. 이 석조물들의 조각수법은 매우 당당하고 치밀하여 신라 조각품 중 가장 우수한 것으로 꼽히고 있는데, 특히 힘이 넘치는 모습의 무인석은 서역인의 얼굴을 하고 있어 페르시아인이라는 주장도 있다. 원성왕릉의 무덤제도는 당나라의 영향을 받은 것이지만 둘레돌에 배치된 12지신상과 같은 세부적인 수법은 신라의 독창적인 것이다. 또한 각종 석물에서 보여지는 뛰어난 조각수법은 신라인의 예술적 경지를 잘 나타내고 있다.

(출처 : 경주시청 문화관광 홈페이지)
내용 더보기","문의 및 안내 054-779-8585
홈페이지 http://www.gyeongju.go.kr/tour
주소 경상북도 경주시 외동읍 신계입실길 139
이용시간 상시 개방
휴일 연중무휴
주차 가능
지정현황 사적 경주 원성왕릉 (1963.01.21 지정)
체험가능 연령 전 연령
입장료 무료
접근로 출입구까지 턱이 없어 휠체어 접근 가능함
출입통로 왕릉 인근은 잔디로 이루어져 있음
화장실 장애인 화장실 있음(주차장 공중화장실)
점자 블록 점자블록 있음(공중화장실 입구)_시각장애인 편의시설
더보기","등록된 댓글이 없습니다.
","경상북도 경주시 외동읍 신계입실길 139","2025-03-18 16:55:45",35.759863,129.321312
361,361,"이섭정> 여행지 :대한민국 구석구석","인천광역시 강화군 강화읍 갑곳리에 위치하고 있는 정자이다. 최초로 건축된 것은 1398년(태조 7년) 강화 부사 이성(李晟)이 세웠다고 한다. 고려 때 몽고와의 협상에서 우리 측이 이롭게 되기를 염원하고 외교 사신들을 영접, 환송하기 위해 지은 강화도 관문의 팔각정이다. 이섭정은 옛 진해루 옆에 있었는데 무너진 지 오래되어 1398년(태조 7년) 강화 부사 이성이 현 자리에 복원하였으나 다시 무너졌고 1976년 국난극복의 역사 전적지 복원 사업의 일환으로 옛 건물을 복원하여 오늘에 이르고 있으며 이곳에 오르면 망원경이 설치되어 있어 강화도와 김포 사이를 흐르는 염하강의 절경을 감상할 수 있다.
내용 닫기","문의 및 안내 032-930-4571
홈페이지 https://itour.incheon.go.kr/
주소 인천광역시 강화군 강화읍 갑곳리
이용시간 상시 개방
휴일 연중무휴
주차 가능
요금 (무료)
입장료 무료","등록된 댓글이 없습니다.
","인천광역시 강화군 강화읍 갑곳리","2025-03-18 16:55:50",37.737776,126.510233
362,362,"수성동계곡> 여행지 :대한민국 구석구석","수성동계곡은 인왕산에서 흘러 내려와 청계천으로 합류하는 계곡으로, 계곡의 물소리가 크고 맑아 동네 이름이 조선 시대에 수성동(水聲洞)으로 불렸다고 한다. 겸재 정선이 북악산과 인왕산의 경승 8경을 그려 담은 ‘장동팔경첩’에 속할 만큼 아름다운 곳으로 조선 시대 역사 지리서인 『동국여지비고』, 『한성지략』 등에 ‘명승지’로 소개된 곳이다. 또한 안평대군과 겸재 정선이 자주 찾아와 아름다운 수성동계곡을 바라보며 한문과 예술을 즐겼다고 한다. 1971년 옥인시범아파트가 들어서면서 수려한 경관을 잃어버렸으나 그로부터 40년 후, 아파트를 철거하고 문화재보호 구역으로 지정되면서 본래의 아름다움을 되찾게 되었다. 역사와 자연이 어우러져 멋진 숲과 시원한 계곡을 도심 속에서 만나 볼 수 있는 큰 매력이 있는 장소이다. 아름다운 인왕산 풍경을 그리는 사람들의 모습을 볼 수 있고, 시원한 물에 발을 담그며 즐거운 시간을 보내는 사람들도 있다.
내용 닫기","문의 및 안내 02-2148-2844
홈페이지 https://korean.visitseoul.net/
주소 서울특별시 종로구 옥인동 185-3 (옥인동)
이용시간 상시 개방
휴일 연중무휴
주차 불가능
입장료 무료","
비온 다음날이라 물이 적당하게 흘러서 아이들이 물놀이 재미있게 하고 왔어요.
땡**글 2024. 8. 1.
00
신고하기
신고하기
바로 앞까지 가는 마을 버스 종로09가 있어 편하게 갈 수 있다. 뒤의 인왕산이 압도적으로 다가오는 곳. 가서 발담구고 열좀 식힌후에 뒤쪽에 있는 무무대 까지 가면 하루 뚝딱이다.
a***9 2024. 1. 4.
00","서울특별시 종로구 옥인동 185-3 (옥인동)","2025-03-18 16:55:56",37.582219,126.963096
363,363,"경주 남산동 동ㆍ서 삼층석탑> 여행지 :대한민국 구석구석","2003년과 2008년에 걸쳐 진행된 발굴조사를 거쳐, 8세기 초반에 창건되어 12세기에 폐사된 사찰로 추정된다. 이 사지에 위치한 동ㆍ서 삼층석탑은 통일신라시기인 8세기 전반에 건립된 5.85m 높이의 삼층석탑이다. 두 탑은 모두 상, 하 2층의 기단으로 구성되어 있고, 탑신[塔身, 몸돌]과 옥개석[屋蓋石, 지붕돌]은 각각 1매의 석재로 이루어져 있으며, 상륜부는 대부분 사라지고 노반석[露盤石, 탑의 상륜부를 받치는 돌]만 남아 있다. 동탑은 1963년에 불국사역 광장으로 이전되었던 것을 2009년 사지 정비와 함께 원위치에 이전 복원되었으며, 탑지 발굴조사 결과 서탑과의 높이를 맞추기 위해 기초부를 추가로 조성하였음이 확인되었다. 서탑은 무너져 있었던 것을 발굴조사 결과에 따라 동탑과 함께 원위치에 복원되었으며, 전체적으로 동탑과 동일한 형태로 구성되어 있다. 두 탑은 복원 과정에서 일부 새로운 부재들이 사용되었으나, 전체적인 조영 기법과 양식, 석탑 기초부에 대한 발굴 조사 결과 등을 고려할 때, 8세기 전반에 건립되어 통일신라 석탑의 전형과 양식사의 흐름을 파악하는데 귀중한 자료로 평가된다. 이러한 역사적, 학술적, 예술적 가치를 고려할 때 국가지정국가유산로서의 가치가 충분한 것으로 판단된다.

(출처 : 경주시청 문화관광 홈페이지)
내용 닫기","문의 및 안내 054-779-8585
홈페이지 www.gyeongju.go.kr/tour
주소 경상북도 경주시 남산동 1129-3
이용시간 상시 개방
휴일 연중무휴
지정현황 보물 경주 남산동 동ㆍ서 삼층석탑 (1963.01.21 지정)
입장료 무료","등록된 댓글이 없습니다.
","경상북도 경주시 남산동 1129-3","2025-03-18 16:56:01",35.787958,129.243805
364,364,"청풍호 유람선> 여행지 | '열린 관광' 모두의 여행:대한민국 구석구석","청풍호 유람선은 제천 청풍호반의 대표 유람선으로, 천혜의 자연이 살아 숨 쉬는 청풍호의 물 위를 직접 갈라 보며 남한강 줄기의 아름다움을 느낄 수 있다. 아름다운 봄의 벚꽃, 청푸른 여름의 수면, 오색찬란한 가을의 단풍, 눈 덮인 새하얀 겨울의 설경은 청풍호를 찾은 여행객들에게 즐거운 추억을 남긴다. 선착장에는 엘리베이터가 설치되어 있어서, 거동이 불편하신 어르신이나 유아가 이용하기에 편리하다.","문의 및 안내 043-644-8859
홈페이지 chungpoongferry.modoo.at
주소 충청북도 제천시 청풍면 청풍호로50길 6
이용시간 09:00~18:00
휴일 연중무휴
주차 가능
입장료 [청풍호 유람선]
- 일반(만 13세 이상) 19,000원
- 어린이(13개월~12세) 10,000원
[청풍호 쾌속선]
- 일반(만 13세 이상), 어린이(13개월~12세) 19,000원
※ 무료
- 12개월 이하 유아
출입통로 주 보행로는 원활한 보행 가능하고, 청풍호유람선 탑승 시 인적 지원 요청 가능
장애인 주차 안내 청풍랜드 주차장
화장실 청풍랜드 내 화장실
더보기","
댓글 더보기","충청북도 제천시 청풍면 청풍호로50길 6","2025-03-18 16:56:12",37.01079,128.181189
365,365,"용흥궁> 여행지 | '열린 관광' 모두의 여행:대한민국 구석구석","조선 제25대 왕인 철종(재위 1849∼1863)이 왕위에 오르기 전에 살던 집으로 철종이 왕위에 오르자 강화유수 정기세가 건물을 새로 짓고 용흥궁이라 이름을 붙였다. 지붕 옆면이 여덟 팔(八)자 모양인 팔작지붕집이고, 기둥머리에서 보와 도리가 직교하여 직접 결구되는 민도리양식이다. 용흥궁은 창덕궁의 연경당, 낙선재와 같이 살림집의 유형을 따라 지어져 소박하고 순수한 느낌이 든다. 경내에는 철종이 살았던 옛 집임을 표시하는 비석과 비각이 있다.

(출처 : 국가유산청)
내용 더보기","문의 및 안내 032-932-2302
홈페이지 강화군 문화관광 http://www.ganghwa.go.kr/
국가유산청 https://www.khs.go.kr/main.html
주소 인천광역시 강화군 강화읍 동문안길21번길 16-1
이용시간 09:00~18:00
휴일 연중무휴
주차 가능
요금 (무료)
지정현황 인천광역시 유형문화유산 용흥궁 (1995.03.02 지정)
입장료 무료
출입통로 높낮이차가 없어 휠체어로 출입가능
화장실 장애인 전용 화장실 있음_무장애 편의시설
닫기","
신고하기
방문자 후기
강화도 시내쪽이라 접근성이 좋습니다~ 찾아가기 쉽고 한바퀴 둘러보기 부담없습니다. 안힘들어요^^ 해설사님 설명도 들을수있으니 미리 확인하고 가세요~
슈**총 2024. 11. 4.
00
철종이 살았다는 집이 있는 용흥궁 여러번 강화원도심 투어를 했지만 지난 야행때 처음 해설사 투어를 하면서 정확히 알게된 용흥궁 강화는 고려의 역사, 조선의 역사가 많아서 교육적으로도 참 좋은 도시 같다
송*미 2023. 10. 13.
00
신고하기
드라마를 계기로 철종에 대해 관심이 커졌는데, 흔적 따라 깊이 들여다 보고 싶네요♥
아*****************고 2022. 9. 15.
00
신고하기","인천광역시 강화군 강화읍 동문안길21번길 16-1","2025-03-18 16:56:19",37.747833,126.485585
366,366,"청룡사(서울)> 여행지 :대한민국 구석구석","청룡사(靑龍寺)는 대한불교조계종 직할교구 조계사의 말사로, 종로구 숭인동에 위치한다. 922년(고려 태조 5)에 도선(道詵) 국사의 유언에 따라 태조 왕건이 어명을 내려 창건했다. 풍수지리적으로 한양의 외청룡(外靑龍)에 해당하는 산등에 지었다고 하여 사호를 청룡사라 하였다. 1036년(정종 2년)에 만선 비구니스님이 퇴락한 절을 창건 이후 처음으로 중창하였고, 이후에도 여러 차례 중창하여 10차의 중창 역사를 갖고 있다. 1923년 다시 옛 이름인 청룡사로 불리게 되었고, 1950년대에 대대적인 중창이 있었으며, 1973년에 다시 중창하여 오늘에 이르고 있다.
내용 닫기","문의 및 안내 02-763-4031
주소 서울특별시 종로구 동망산길 65 (숭인동)
이용시간 상시 개방
휴일 연중무휴
주차 불가능
입장료 무료","등록된 댓글이 없습니다.
","서울특별시 종로구 동망산길 65 (숭인동)","2025-03-18 16:56:25",37.579787,127.016991
367,367,"백덕산(평창)> 여행지 :대한민국 구석구석","평창의 백덕산(1,350.1m)은 남서쪽 영월 땅에 법흥사라는 사찰을 품고 있다. 이 산은 예로부터 네 가지 재물이 있다고 해서 사재산이라고도 불린다. 네 가지 재물이란 동칠, 서삼, 남토, 북토라고 해서 동쪽에는 옻나무 밭이 있고, 서쪽에는 산삼이 있으며 남쪽과 북쪽에는 전단토라고 하여 흉년에 먹는다는 흙이 있다고 전해지지만 아무도 이 재물이 있는 곳을 모른다고 한다. 이 산에는 주목단지가 있고 산정 부근에는 몇백 년 된 주목이 껍질이 벗겨져 붉은 색깔의 빛을 발하면서 있어 큰 산의 면모를 느끼게 된다. 정상에 서면 가리왕산과 오대산의 산군이 물결치듯 보인다. 남쪽으로는 소백산의 고운 산줄기와 서쪽으로는 치악산맥이 한눈에 들어온다.
내용 더보기","문의 및 안내 033-330-2695
홈페이지 http://tour.pc.go.kr/
주소 강원특별자치도 평창군 평창읍 원당리
이용시간 상시 개방
휴일 연중무휴
주차 가능
입장료 무료","등록된 댓글이 없습니다.
","강원특별자치도 평창군 평창읍 원당리","2025-03-18 16:56:28",37.399831,128.314641
368,368,"난정저수지> 여행지 :대한민국 구석구석","인천광역시 강화군 교동도에 자리한 난정저수지는 자연경관이 아름다운 곳으로, 낚시와 산책을 즐기기 좋은 명소이다. 이 저수지는 깨끗한 물과 주변의 푸른 숲이 어우러져 평온한 분위기를 자아낸다. 또한, 다양한 식물과 동물들이 서식하고 있어 자연 관찰을 좋아하는 이들에게 적합하다. 주변에는 휴식 공간과 편의시설도 마련되어 있어 방문객들이 편안하게 시간을 보낼 수 있다. 이곳은 특히 10만 송이 해바라기를 볼 수 있는 곳으로 유명하다. 노란 해바라기꽃이 드넓게 펼쳐져 멋진 풍경을 만들어 낸다. 해바라기 꽃밭을 배경으로 사진을 찍기 위해 많은 사람들이 찾고 있다. 특히 노을시간에 방문하면 멋진 풍경을 담을 수 있다.
내용 닫기","문의 및 안내 032-832-3031
홈페이지 https://itour.incheon.go.kr/
주소 인천광역시 강화군 교동면 난정리
이용시간 상시 개방
휴일 연중무휴
주차 가능
요금 (무료)
입장료 무료","등록된 댓글이 없습니다.
","인천광역시 강화군 교동면 난정리","2025-03-18 16:56:32",37.771092,126.238244
369,369,"여송정> 여행지 :대한민국 구석구석","정선읍으로부터 승용차로 약 30분 거리에 거리에 아우라지에 정자각인 여송정이 있다. 소나무와 어우러진 정자 여송정에는 아우라지 처녀상이 있다. 정선아리랑 ‘애정편’을 기리고자 정선군에서 처녀상을 세웠다고 한다. 아우라지 처녀와 애절한 사랑을 나눈 총각상은 강 건너 정선아리랑전수관 근처에서 여송정을 향해 세워져 있다. 아우라지 강변에 얽힌 송천의 처녀와 여량의 총각의 애절한 사랑 이야기를 전하기 위하여 송천과 여량, 두 마을의 이름을 따 여송정이라 붙였다고 한다. 주민들이 성금을 모아 여송정을 세웠다. 여송정 옆으로 조성된 옛길 산책로를 거닐며 풍경을 즐길 수도 있다.

(출처 : 강원특별자치도청)
내용 더보기","문의 및 안내 1544-9053
홈페이지 https://www.jeongseon.go.kr/tour
주소 강원특별자치도 정선군 여량면 유천리 산 128
이용시간 상시 개방
휴일 연중무휴
주차 가능
입장료 무료","등록된 댓글이 없습니다.
","강원특별자치도 정선군 여량면 유천리 산 128","2025-03-18 16:56:35",37.477622,128.724277
370,370,"[백년가게]진가네대구갈비> 여행지 | '열린 관광' 모두의 여행:대한민국 구석구석","36년간의 역사를 자부심으로 운영 중인 곳이다. 모든 음식을 매장에서 직접 가공하고 제조하여 손님 상에 올린다. 오랜 세월 변함없이 사랑받는 매운 양푼이 갈비찜과 수없는 실패를 거듭하면서 완성된 깔끔한 국물 맛으로 칭찬받는 갈비탕이 이곳의 자랑이다. 오랜 세월만큼 단골 고객들의 발길이 끊이지 않으며 추억의 맛으로 젊은이들에게는 빨간맛, 빨간집으로 불린다. 최근에는 외국인 손님들도 늘어나 한국의 맛으로 인식되고 있는 곳이다.
내용 닫기","문의 및 안내 054-772-1384
주소 경상북도 경주시 북정로 5
영업시간 09:00~22:00 (마지막 주문 21:30)
휴일 명절 연휴
대표메뉴 돼지갈비찜
취급메뉴 소갈비찜 / 갈비탕 등
출입통로 주출입구는 턱이 없어 휠체어 접근 가능함
접근로 출입구까지 턱이 없어 휠체어 접근 가능함
지체장애 기타 상세 의자식 테이블 있음_무장애 편의시설","
돼지갈비찜 2인분 24,000원 시켰고 밑반찬이랑 콩나물국 나오고 돼지갈비 별로 안맵고 양념이 맛있어요. 마지막에 볶음밥 꼭 드셔야합니다. 고기 많이 드시는 분들은 2명가면 4인분 정도시켜야됨 양이 그렇게 많은건 아니에요.
망**이 2024. 12. 22.
00
신고하기","경상북도 경주시 북정로 5","2025-03-18 16:56:40",35.841468,129.215156
371,371,"농가맛집 뜰> 여행지 :대한민국 구석구석","직접 재배하거나 주변에서 생산되는 농산물을 재료로 이용하며, 집안 내림 음식인 꿩장에 비벼 먹는 안동 권씨 비빔밥과 계절마다 약간 차이가 있지만, 문어, 산적, 가오리, 돔베기, 북어 보푸라기, 다양한 장아찌 등 안동의 전통요리로 메뉴가 구성되어 있다. 주변 환경으로 텃밭에서 갓 뽑아온 배추며 상추로 쌈도 싸고 손톱에 봉숭아 물도 들이며 음식 만들기, 천연 염색, 야생화 그리기 등 다양한 체험을 할 수 있으며 숙박도 가능하다.
내용 더보기","문의 및 안내 054-857-6051
홈페이지 http://blog.naver.com/ddle6051
주소 경상북도 안동시 와룡면 왼마길 21-10
영업시간 11:00~22:00
※ 사전예약 필수임으로 방문 전 전화 문의 요망
휴일 연중무휴
주차 가능
대표메뉴 뜰 큰상
취급메뉴 뜰 특화밥상 / 뜰 잔칫상 / 뜰 수라상 등","등록된 댓글이 없습니다.
","경상북도 안동시 와룡면 왼마길 21-10","2025-03-18 16:56:47",36.605939,128.758337
372,372,"명탄서원> 여행지 :대한민국 구석구석","1490년(성종 21)에 지방유림의 공의로 이명성(李明誠)과 이명덕(李明德)의 충절과 덕행을 추모하기 위해 연기군 금남면에 창건하여 위패를 모셨다. 창건과 동시에 ‘명탄(鳴灘)’이라고 사액되어 선현배향과 지방교육의 일익을 담당하였다. 임진왜란 때 소실되었다가 1731년(영조 7)에 현재의 위치로 옮겨 복원하였다. 그 뒤 대원군의 서원철폐령으로 1871년(고종 8)에 훼철되었으며, 광복 후 1955년 후손들이 복원하였다. 경내의 건물로는 3칸의 사우, 8칸의 재실 겸 강당, 6칸의 수호사, 중앙의 신문(神門)과 양옆 협문으로 된 정문 등이 있다. 사우에는 이명성과 이명덕의 위패가 봉안되어 있고, 재실 겸 강당은 유생들의 회합과 제향시 제관들의 숙소로, 수호사는 제구의 보관 및 관리인의 숙소로 사용하고 있다. 매년 3월 5일과 9월 5일에 향사를 지내고 있으며, 제품(祭品)은 7 변(籩) 7(豆)이다. 재산으로는 논 1,800여 평, 대지 1,300여 평 등이 있다.
내용 닫기","문의 및 안내 041-840-8207
홈페이지 https://tour.chungnam.go.kr
주소 충청남도 공주시 명탄서원길 48 (월송동)
이용시간 상시 개방
휴일 연중무휴
주차 가능
요금 (무료)
체험 안내 명탄서원 제향
※ 연1회(음 3.5) 송은 이명성, 사봉 이명덕의 학행을 기념하고 추모하고자 후손 및 유생이 참석 제를 올림
입장료 무료
닫기","등록된 댓글이 없습니다.
","충청남도 공주시 명탄서원길 48 (월송동)","2025-03-18 16:56:52",36.458594,127.156334
373,373,"마차리폐광촌> 여행지 | '열린 관광' 모두의 여행:대한민국 구석구석","마차리폐광촌은 문화와 예술로 마차리의 옛 기억을 덧입혀 놓은 곳이다.
영월군이 진행한 도시재생사업(마차리 폐광촌 프로젝트)으로 마차리폐광촌을 아름다운 문화공간으로 탄생시켰다. 골목골목 예쁜 간판과 담장에 쓰인 글귀들은 마차리의 골목 맛을 느끼게 해 준다.","문의 및 안내 1577-0545
홈페이지 https://www.yw.go.kr/tour/index.do
주소 강원특별자치도 영월군 북면 마차중앙2길 30-4
이용시간 상시 개방
휴일 연중무휴
주차 가능
접근로 출입구까지 턱이 없어 휠체어 접근 가능함
출입통로 주출입구는 턱이 없어 휠체어 접근 가능함
장애인 주차 안내 장애인 주차장 있음_무장애 편의시설
화장실 장애인 화장실 있음
지체장애 기타 상세 명아주길은 좁고 노면이 고르지 않아 주의 필요","등록된 댓글이 없습니다.
","강원특별자치도 영월군 북면 마차중앙2길 30-4","2025-03-18 16:56:54",37.255176,128.45597
374,374,"늘푸른체험학교 캠핑장> 여행지 :대한민국 구석구석","늘푸른체험학교 캠핑장은 넓은 공간과 쾌적한 환경, 깨끗한 시설로 대구 근교의 영천시 대창면에 소재하고있어 대구, 경북 중남부 지역에서 접근성이 좋으며 늘푸른민속문화체험학교와 같이 운영되어 민속문화체험 농촌 체험을 동시에 할 수 있고 여름에는 물놀이장을 운영하여 어린이가 안전하게 즐길 수 있는 시설이 있다.
텐트설치 장소는 데크 20사이트와 강자갈 20사이트로 구분되어 있고 글램핑 9동, 실내 탁구장, 족구장, 농구골대 및 야외운동장이 있다.
농장에는 미니어쳐홀스 3마리가 있으며 구신광초등학교 폐교로 캠핑장 주변에 50년 이상된 은행나무, 호두나무, 벚나무, 메타세콰이어 등 60여 그루가 있고 느티나무, 살구나무, 매실나무, 개암나무, 감나무, 체리 등 다양한 나무들로 아름다운 경치와 시원한 그늘을 마음껏 느낄 수 있는 곳이다.
내용 더보기","문의 및 안내 054-337-1789
주소 경상북도 영천시 대창면 영지길 100
휴일 연중무휴
주차 가능
체험가능 연령 만 5세 이상
이용요금 50,000원~160,000원
※ 이용요금은 변동될 수 있으므로 홈페이지 참조 또는 전화 문의 요망","등록된 댓글이 없습니다.
","경상북도 영천시 대창면 영지길 100","2025-03-18 16:56:58",35.857602,128.920257
375,375,"삼사해상공원 (삼사해상산책로)> 여행지 | '열린 관광' 모두의 여행:대한민국 구석구석","삼사해상공원은 경북 영덕군 강구항 남쪽, 동해바다가 시원하게 내려다보이는 곳에 자리하였다. 주위의 경관이 아름다워 지역 시민들과 관광객들이 많이 찾는 곳이다. 이북 5 도민의 망향의 설움을 달래기 위해 1995년도에 세워 진망향탑과 경북개도 100주년 기념사업인 경북대종, 공연장과 폭포 기타 편의시설이 설치되어 있다. 1997년 1월 1일 처음 개최한 ‘해맞이축제’는 신년의 소망을 기원하는 사람들로 대성황을 이루었고, 이 행사는 매년 열리고 있으며, 하나의 문화축제로 자리매김되고 있다. 5월부터 10월까지 매주 토요일 오후에는 지역음악동호회가 참여하는 관광명소 주말공연이 열려 삼사해상공원을 찾는 관광객에게 즐거움을 더해주고 있다.
내용 닫기","문의 및 안내 054-730-6114
홈페이지 http://tour.yd.go.kr
주소 경상북도 영덕군 강구면 해상공원길 120-7
이용시간 상시 개방
휴일 연중무휴
주차 가능 (500여 대)
체험 안내 어촌민속전시관
입장료 [공원]
- 무료
[어촌민속전시관]
- 성인 3,000원
- 청소년 / 군인 2,000원
※ 이용요금은 변동될 수 있으므로 홈페이지 참조 또는 전화 문의 요망
접근로 차도와 인도를 연결하는 경사로 설치되어 있음
출입통로 주출입구 무단차(그러나 주요 시설을 이용하기 위해선 계단을 이용해야만 함)
보조견 동반 시각장애인 동반 보조견 접근 가능
화장실 장애인 화장실 있음_무장애 편의시설
안내 요원 안내요원 있음
닫기","
배경의 댓글은 현재 가볼래-터 3월호 미션을 완료한 댓글입니다.
대게먹으러 갔다가 알게된곳이에요 아이들과 가기 좋고 탁트인바다가 속을 다 시원하게 해주더라구요
손*진 2025. 3. 6.
00
신고하기
삼사해상공원 산책히기도 좋고 시원한 바람을 느끼며 걸으면 좋은 곳이네요
바****** 2025. 3. 3.
00
신고하기
댓글 더보기","경상북도 영덕군 강구면 해상공원길 120-7","2025-03-18 16:57:05",36.351697,129.384152
376,376,"안면카트체험장> 여행지 :대한민국 구석구석","안면카트체험장은 충남 태안군 안면읍에 위치한 카트 체험 시설이다. 이곳은 가족과 친구들과 함께 즐길 수 있는 다양한 카트 체험을 제공하며, 안전하고 쾌적한 환경을 자랑한다. 1인승과 2인승 카트를 모두 갖추고 있어, 어린이부터 성인까지 누구나 즐길 수 있는 곳이다. 또한, 안면카트체험장은 TV 프로그램에도 여러 차례 소개된 바 있어, 많은 방문객들에게 사랑받고 있다. 주차 공간과 물품 보관함 등 편의 시설도 잘 갖추어져 있어, 방문객들이 더욱 편리하게 이용할 수 있다.
내용 닫기","문의 및 안내 041-675-1003
홈페이지 http://kart.thejoy.kr/
주소 충청남도 태안군 안면읍 백사장1길 59
이용시간 09:00~19:00
휴일 연중무휴
주차 가능
이용요금 - 1인 20,000원
- 2인 25,000원
※ 이용요금은 변동될 수 있으므로 홈페이지 참조 또는 전화 문의 요망","등록된 댓글이 없습니다.
","충청남도 태안군 안면읍 백사장1길 59","2025-03-18 16:57:07",36.583281,126.319456
377,377,"아산 영인산자연휴양림 숲속야영장> 여행지 | '열린 관광' 모두의 여행:대한민국 구석구석","영인산자연휴양림은 충남 아산시 영인면에 위치한 영인산에 조성되어 있다. 영인산은 예로부터 산이 영험하다고 하여 영인산이라고 부르고 있으며, 산 정상에 서면 푸른 서해바다와 삽교호, 아산만방조제, 유유히 흐르는 곡교천 물길과 더불어 아산시가지를 한눈에 바라볼 수 있다. 휴양림에는 넓고 푸른 산림에 통나무로 만든 가족단위 숲속의 집과 야영테크, 물놀이터, 어린이 놀이터 등 놀이 시설과 수목원, 등산로, 평상 등 휴양 편의시설을 갖추어 놓고 있어 남녀노소를 불문하는 다양한 연령대가 함께 즐길 수 있는 곳이다.
내용 닫기","문의 및 안내 041-538-1958~9
홈페이지 http://forest.asanfmc.or.kr
주소 충청남도 아산시 영인면 아산온천로 16-26
이용시간 - 휴양림 08:00~18:00
- 숲속의 집 15:00~익일 11:00
- 숲속야영장 14:00~익일 11:00
- 레저스포츠 09:30~17:30 (점심시간 12:00~13:00)
- 물놀이터 10:00~17:00
※ 레저스포츠 매년 4월 초~11월 중순에만 운영 (홈페이지 참조)
※ 물놀이터는 하절기(7월~8월)에만 운영
휴일 매월 첫째 월요일 (단, 월요일이 공휴일인 경우 운영)
주차 가능
체험가능 연령 전 연령
이용 시기 12월~3월 (겨울) 운영 안함
입장료 [개인]
- 어른 2,000원
- 청소년·군인 1,500원
- 어린이 1,000원
[단체(20인 이상)]
- 어른 1,600원
- 청소년·군인 1,200원
- 어린이 800원
※ 무료 - 아산, 천안 시민 / 장애인 및 장애인 1~3급 보호자 / 독립유공자 / 국가유공자 등
시설이용료 [숲속야영장]
- 야영장 A지구 : (비수기) 20,000원 / (성수기, 주말) 25,000원
- 야영장 B지구 : (비수기) 30,000원 / (성수기, 주말) 35,000원
[숲속의 집]
- 3인 : (비수기) 40,000원 / (성수기, 주말) 55,000원
- 4인 : (비수기) 50,000원 / (성수기, 주말) 65,000원
- 5인 : (비수기) 60,000원 / (성수기, 주말) 75,000원
- 6인 : (비수기) 70,000원 / (성수기, 주말) 85,000원
[물놀이터]
- 어른 : (개인) 5,000원 / (단체) 4,000원
- 청소년·군인 : (개인) 4,000원 / (단체) 3,000원
- 어른 : (개인) 3,000원 / (단체) 2,500원
- 평상 : (소) 4,000원 / (대) 7,000원
※ 물놀이처 7시간 1인 기준
[레포츠시설(스카이 어드벤처)]
- 어른 : (개인) 10,000원 / (단체) 8,000원
- 청소년·군인 : (개인) 7,000원 / (단체) 5,500원
- 어른 : (개인) 5,000원 / (단체) 4,000원
[강당]
- 4시간 100,000원
- 8시간 200,000원
보조견 동반 보조견 동반 가능
장애인 주차 안내 장애인 전용 주차구역 있음 ( A지구 3면, B지구 2면)
화장실 장애인 화장실 있음
점자 블록 점자블록 있음
유모차 유모차 대여 가능 (2대)
수유실 수유실 있음 (A지구 주차장 옆 꽃내음 화장실 안)
영유아가족
기타상세 유아 놀이터 있음
휠체어 휠체어 대여 가능 (2대)
닫기","
1월에 리모델링한 편백나무 숲속의집 다녀왔는데 깔끔하고 저렴해서 너무 좋았어요 겨울이라 즐길수있는건 적지만 봄부터 가을까지 수영장, 산림박물관,체험프로그램까지 다양해서 가볼만한것 같아요
박*혜 2025. 2. 3.
00
신고하기
산책도 하고 가볍게 등산하기 좋은 곳이에요! 1인당 입장료 2천원, 주차비 2천원이에요! 수목원도 너무 잘되어 있어서 사진찍기 좋아요!
김***드 2023. 6. 15.
10
신고하기
편하게 산책하기 좋고 주위 풍경이 너무 좋습니다. 아이들과 함께 힐링하기 좋은 곳입니다. 추천합니다
도*석 2023. 6. 6.
00
신고하기
편하게 산책하기 좋습니다. 산림박물관에서 더 올라가시는걸 추천합니다. 전쟁 흔적도 볼 수 있어요. 숙박하신 분들은 짚라인 할인도 되니 꼭 타보세요. 속도 빠르고 풍경 너무 멋져요.
이*혜 2023. 5. 18.
10
신고하기
어린 아이들과 함께 산책하고 힐링하기 정말 좋은 곳이에요. 월 1회는 무조건 가는 것 같아요
이*암 2022. 6. 28.
00
신고하기
영인산자연휴양림 아래 주차장에 주차하시고, 숲길로 올라가시면 가볍게 산행하기 괜찮습니다. 영인산은 전망이 정말 좋아요. 아, 숲길로 가도 자연휴양림으로 이어져있어서 입장료 있으니 참고하세요. 2천원이에요.
데*지 2021. 11. 15.
11
신고하기","충청남도 아산시 영인면 아산온천로 16-26","2025-03-18 16:57:15",36.840663,126.950255
378,378,"대흥동헌> 여행지 :대한민국 구석구석","동헌(東軒)이란 고을의 수령(守令)이 정무를 집행하던 건물을 말하는데, 생활처소인 내아(內衙, 서헌이라고도 함)와 구분되어 보통 그 동편에 위치하였기 때문에 동헌이라 불리게 되었으며 수령이 주재하는 관청(官廳)의 본 건물이다. 대흥동헌은 정면 6칸(14.4m), 측면 2칸(4.8m), 처마높이 3.3m의 홑처마 팔작지붕의 목조 기와집이다. 대흥면 동헌은 조선후기의 건축양식인데 상량문에 영락(永樂) 5년(1407년)에 지었다는 기록이 있어 대흥향교(1405년)와 함께 ‘조선 태종’ 때에 지어진 것으로 생각되나, 강희(康熙) 42년(1703년)에 중수하였다는 기록이 있어 ‘조선 숙종’ 때에 대흥이 군으로 승격될 당시 중수 하였을 것으로 추측된다. 현재의 동헌 건물은 일제의 강점 후 대흥면이 예산군에 통합되면서 동헌 건물을 대흥면사무소로 개조하여 해방 후까지 사용하다가 대흥면사무소를 현 위치로 신축하면서 1979년에 해체 복원되었다.
내용 닫기","문의 및 안내 041-339-8642
홈페이지 https://www.heritage.go.kr/
주소 충청남도 예산군 대흥면 동서리
이용시간 상시 개방
휴일 연중무휴
지정현황 충청남도 유형문화유산 예산대흥동헌및아문 (2003.10.30. 지정)
입장료 무료","
신고하기
태실이 이곳에? 역시 예산!!
☀* 2022. 4. 11.
00","충청남도 예산군 대흥면 동서리","2025-03-18 16:57:20",36.60652,126.789451
379,379,"가오치선착장> 여행지 :대한민국 구석구석","가오치 선착장은 남해의 아름다운 섬 사량도의 덕동, 금평으로 향하는 카페리 여객선 사량호와 그랜드 페리호를 탈 수 있는 곳이다. 2009년에 준공된 사량도 여객선 터미널은 매표소와 대합실, 유인 발권 및 무인 발권기도 갖추어 편리하게 이용할 수 있다. 넓은 주차장과 2시간 간격의 여객선을 기다리면서 이용할 수 있는 휴게소, 건어물 도매점, 식당 등이 있다, 통영의 바다를 마음껏 즐기며 등산과 낚시를 하기 위해 많은 관광객들이 찾는 길목이라고 할 수 있다.
내용 닫기","문의 및 안내 055-640-3830~2
홈페이지 https://www.saryangdoferry.com/
주소 경상남도 통영시 도산면 도산일주로 542-55
이용시간 07:00~17:00
휴일 연중무휴
주차 가능
시설이용료 ※ 홈페이지 확인 요망","
아침 외도 갈려고. 3대나란히손님맟을준비을하고 옆에갈매기가날고있고. 저는배시간이급해서 충분히보지못해고 예전에비해서. 상당히 발전된모습이다
윤*호 2024. 11. 22.
00
신고하기
신고하기
사량도에 들어가는 선착장입니다 사량도 안가고 선착장 구경하러 왔어요 건물이 깨끗하고 좋습니다 2층에는 편의점형 카페도 있어요 배가 한차례 들어가서 인지 조용하고 새소리 들리고 바다보고 좋습니다
냇*****이 2024. 6. 9.
00","경상남도 통영시 도산면 도산일주로 542-55","2025-03-18 16:57:26",34.908365,128.313898
380,380,"용연폭포> 여행지 :대한민국 구석구석","용연폭포는 2단 폭포로 구성되며, 주왕산의 폭포 중 가장 크고 웅장한 규모를 자랑한다. 또한 두 줄기의 낙수 현상으로 인해 쌍용추폭포라고도 불린다. 1단 폭포의 양쪽 단애면에서 각각 3개의 하식동을 관찰할 수 있다. 폭포가 형성되고 발달하면서 침식에 의해 폭포 면이 차츰 뒤로 밀려나가게 되었다. 지금의 폭포 면에서 가장 먼 부분의 하식동이 가장 먼저 만들어졌고 폭포가 차츰 후퇴하면서 두 번째, 세 번째 하식동이 만들어졌다.

(출처: 청송군 문화관광)
내용 닫기","문의 및 안내 청송유네스코세계지질공원 054-870-6115
홈페이지 https://csgeop.cs.go.kr/
주소 경상북도 청송군 주왕산면 상의리
이용시간 하절기 04:00~17:00
동절기 04:00~16:00
휴일 연중무휴
주차 가능 (주왕산 국립공원 주차장)
요금 (4,000원)
입장료 2,800원","
용연폭폭 가는 길은 평탄하여 어린이, 노인들도 즐길수 있어요. 바위 풍광이 장엄하고 공기도 좋아 2만보 걸었는데 피곤하지 않아요. 힐링코스 추천합니다. 다음에 또 기 받으러 와야겠어요~.
파**무 2024. 12. 19.
00
신고하기
주왕산오시면 꼭 오셔서보세요
劉***蘭 2024. 9. 5.
00
신고하기
길이 오르막길 아니라서 산책삼아 가기 좋고 바위산이라 경치가 좋고요.폭포 여러개인데 다 그것만의 분위기가 있어요.너무 좋아요
양*영 2023. 2. 28.
00
신고하기","경상북도 청송군 주왕산면 상의리","2025-03-18 16:57:31",36.387388,129.135123
381,381,"수우도> 여행지 :대한민국 구석구석","수우도는 섬의 형태가 소처럼 생기고, 동백나무 등 나무가 많아 나무 수(樹), 소 우(牛) 자를 합쳐서 예로부터 수우도라고 불렸다고 한다. 수우도는 동백나무가 많아 동백섬이라고도 불리는데, 동백꽃이 피는 3~4월 초봄의 광경이 아름답다.
수우도는 풍우의 작용으로 바위 전체가 조형이며, 균열 및 요철의 미가 남해안에서 가장 뛰어난 곳이다. 흔히 해골바위라 알려져 있는 수우바위의 숭숭한 모습, 섬 해안 50m 거리를 두고 붙어 거의 한 살림을 차리다시피 한 단독섬과 독섬개, 옆섬개, 잠여 등의 바위들, 일일이 열거하기조차 버거운 특이한 외양의 바위들 등 수우도는 유난히 기암괴석이 많은 섬이다.
섬 주변의 물 밑바닥 여건이 좋아 가을 기운이 느껴지는 9월이 되면 감성돔을 낚으려는 낚시꾼의 발길이 끊이지 않는 곳이기도 하다.
내용 닫기","문의 및 안내 통영시 관광안내소 055-650-0580, 2570
홈페이지 https://www.badaland.com
주소 경상남도 통영시 사량면
이용시간 상시 개방
휴일 연중무휴","
댓글 더보기","경상남도 통영시 사량면","2025-03-18 16:57:39",34.845478,128.220083
382,382,"토함산자연휴양림> 여행지 :대한민국 구석구석","토함산 자연휴양림은 불국사와 석굴암을 품고 있는 토함산의 동쪽 기슭에 위치해 있으며, 경주시 시설관리공단에서 운영하는 휴양시설이다. 산림에 숲 속의 집, 화랑관, 야영장, 체육시설(풋살장, 족구장, 농구장)을 비롯한 숲길(등산로), 산림욕장 등이 조성되어 있다. 다양한 침엽수와 활엽수가 자생하고 있으며, 다람쥐, 딱따구리 등 각종 야생동물과 식물들이 생태계를 이루고 있어 자연체험 학습장과 휴양지로 즐겨 찾을 수 있으며, 동쪽으로는 감포 해수욕장, 양남 주상절리, 양북 문무대왕릉, 서쪽으로는 불국사, 석굴암, 보문단지를 연결하는 중심에 위치하고 있어 역사문화체험과 휴양을 동시에 즐길 수 있는 숙박시설로 더욱 각광받고 있다.
내용 닫기","문의 및 안내 054-750-8700
홈페이지 https://www.foresttrip.go.kr/
주소 경상북도 경주시 문무대왕면 불국로 1208-45
이용시간 - 숙박시설 15:00~익일 12:00
- 야영장(6월~10월) 13:00~익일 13:00
- 체육시설 10:00~17:00 (하절기 16:00까지)
- 강당, 회의실 10:00~21:00
휴일 연중무휴
주차 가능
체험 안내 토함산자연휴양림 숲해설
체험가능 연령 전 연령
입장료 무료
시설이용료 [숲속의 집, 화랑관]
- 비수기 주중 50,000원~180,000원
- 성수기 및 주말 75,000원~270,000원

[야영장] 25,000원

[논어실, 효경실, 문선실]
- 4시간 이내 50,000원
- 4시간 초과 100,000원

[춘추실]
- 4시간 이내 200,000원
- 4시간 초과 400,000원

[체육시설]
- 풋살장 1시간 15,000원
- 족구장 1시간 5,000원
- 농구장 1시간 10,000원
닫기","등록된 댓글이 없습니다.
","경상북도 경주시 문무대왕면 불국로 1208-45","2025-03-18 16:57:43",35.76198,129.36497
383,383,"우당 이회영 선생 흉상> 여행지 :대한민국 구석구석","우당 이회영 선생 흉상은 대한의 독립을 위해 앞장섰던 애국지사 이회영 선생을 기억하기 위해 건립된 흉상이다. 이회영은 이조판서 이유승의 4남으로 태어나 성장했다. 1905년에 을사늑약 체결의 음모를 저지하고 무효로 하는 운동을 주도하였고, 고종황제를 설득하여 헤이그 만국평화회의에 밀사 파견을 주장하기도 했다. 그러나 1910년 경술국치 때, 6형제 전원과 일가족 50여 명이 전 재산을 정리하여 망명을 떠났다. 만주에서 신흥무관학교의 전신인 신흥강습소를 개소하였고, 1912년에는 합니하로 이전하여 본격적인 무관학교 교육을 시작했다. 신흥무관학교는 1920년 폐교할 때까지 독립군 간부 3,500여 명을 양성하는 성과를 이루고 독립전쟁을 주도하였을 뿐만 아니라 광복군을 창설하는 밑거름이 되었다. 상해 임시정부가 구성됐을 때는 의정위원으로 참여했고, 이후 아나키즘 운동과 의열단 조직을 지원함과 동시에 항일구국연맹을 결성하여 흑색공포단을 산하에 두고 의열투쟁에 매진했다. 중국의 항일부대와 독립군 부대가 연합하여 항일투쟁을 하도록 현지 지도 차 잠입하던 중 대련에서 체포되어 뤼순 감옥으로 이송됐다. 이곳에서 모진 고문과 굶주림으로 순국하는데 이때가 선생의 나이 66세였다. 흉상은 이회영 선생의 공적을 기려 기념사업회에서 건립하였으며, ‘이회영·이시영 6형제 집터’ 표지석이 위치한 서울 YWCA 앞에 함께 놓여 있다.
내용 더보기","문의 및 안내 02-734-8851
홈페이지 http://www.woodang.or.kr/main
주소 서울특별시 중구 명동11길 20 (명동1가)
이용시간 상시 개방
휴일 매주 월요일
주차 불가능
입장료 무료","등록된 댓글이 없습니다.
","서울특별시 중구 명동11길 20 (명동1가)","2025-03-18 16:57:49",37.564921,126.985894
384,384,"불정자연휴양림> 여행지 :대한민국 구석구석","재악산자락 수정봉(487m)과 조봉(671m) 사이에 자리한 불정자연휴양림은 문경시에서 1997년에 개장하여 2007년 6월부터 문경관광진흥공단에서 위탁 운영하고 있다. 휴양림까지 들어오는 벚꽃 가로수길이 아름다운 곳으로도 손꼽힌다. 울창한 숲속의 산책로, 등산로에서 삼림욕을 즐기는 것은 기본이고, 함께하는 가족들을 위하여 숲 해설가들이 3월부터 12월까지 자연환경에 대한 올바른 지식과 숲 탐방, 그리고 숲 체험 방법을 친절히 안내하는 ‘무료 숲 해설’ 은 대표적인 서비스 프로그램이다.
천연 활엽수림으로 이루어진 휴양림 입구부터 산막으로 이어지는 길가에는 야생화단지의 꽃과 나무들이 뚜렷한 사계절의 향기를 담고 정겨움을 준다. 산 정상에서부터 맑은 물은 산막들 사이로 흐르고 계곡 중간중간 보를 막아 만든 물놀이장이 길을 따라 이어져 있으며, 나무그늘 아래 놓인 통나무 데크와 벤치가 시원한 산바람과 함께 여유로운 휴식을 더한다. 휴양림 내 쉼터는 숲속의 집과 카라반 시설이 있으며, 나무 사이사이 지어진 숲속의 집은 11동의 통나무집과 1동의 황토집이며, 카라반 시설 14동 포함 총 26동이 연중 운영된다. 또한 휴양림 내 설치된 (주)짚라인 코리아에서 운영하는 9개의 다이나믹한 짚라인 코스는 푸른 자연과 함께 즐기는 최고의 레포츠이다.
내용 닫기","문의 및 안내 054-552-9443
홈페이지 http://www.mgtpcr.or.kr
주소 경상북도 문경시 불정길 180 (불정동)
이용시간 숙박시설 14:00~익일 11:00
휴일 연중무휴
주차 가능
입장료 [개인]
- 어른 1,000원
- 청소년, 군인 800원
- 어린이 500원

[단체]
- 어른 800원
- 청소년, 군인 500원
- 어린이 300원
시설이용료 [숲속의집]
- 주중 50,000~200,000원
- 주말(공휴일) 60,000~220,000원
- 성수기 70,000~240,000원

[별빛촌]
- 주중 80,000원
- 주말(공휴일) 110,000원
- 성수기 120,000원

[카라반]
- 주중 80,000원
- 주말(공휴일) 110,000원
- 성수기 120,000원
※ 정원초과 시 1인당 5,000원씩 추가요금 적용
※ 이용요금은 변동될 수 있으므로 자세한 사항은 전화 문의 요망
닫기","등록된 댓글이 없습니다.
","경상북도 문경시 불정길 180 (불정동)","2025-03-18 16:57:55",36.622309,128.136604
385,385,"대전 한화생명 볼파크 > 여행지 :대한민국 구석구석","대전 한화생명 볼파크는 대전시 중구 부사동에 자리 잡고 있다. 이곳은 KBO리그 프로야구 관람 시설로 야구 시즌이 되면 대전 한화생명 볼파크 주변 도로의 차량이 정체될 만큼 많은 사람이 몰린다. 구장 내 식음 매장은 3루 및 외야, 중앙, 1루 및 외야에 있다. 대전 한화생명 볼파크는 판암IC와 가깝고, 주변에 대전 번화가인 중앙로역이 있다.","문의 및 안내 042-630-8200
홈페이지 https://www.hanwhaeagles.co.kr/
주소 대전광역시 중구 대종로 373 (부사동)
이용시간 오후 2시, 5시, 6시30분 (경기 일,월에 따라 시작시간 상이)
휴일 매년 상이
주차 있음(900대)
체험가능 연령 연령무관
이용요금 일반석: 성인 기준 7,500원~18,000원 (좌석,연령별 상이)","
배경의 댓글은 현재 가볼래-터 3월호 미션을 완료한 댓글입니다.
신고하기
방문자 후기
더 나아지기 위해서 계속 공사중입니다. 현대적 느낌이 팍팍 대전시 중구의 랜드마크가 될듯
전*구 2025. 3. 13.
00
정말 대전 다른거 몰라도 이제 한화생명 볼파크 응원할수있어서 너무나 좋아요. 시설도 더 좋아지니 안좋아할수없죠 위치도 정말 교통편 너무 가까워서 다른지역에서 오는팬한테 정말 가장 좋아하는 구장입니다.
꿀*이 2025. 2. 11.
00
신고하기
댓글 더보기","대전광역시 중구 대종로 373 (부사동)","2025-03-18 16:58:04",36.317565,127.432001
386,386,"칠갑산 오토캠핑장> 여행지 | '열린 관광' 모두의 여행|안심여행 캠페인:대한민국 구석구석","칠갑산오토캠핑장은 충남의 알프스 칠갑산 자락을 휘감고 흐르는 맑고 깨끗한 지천구곡과 둘러앉은 기암절벽이 아름다운 곳이다. 산, 물을 벗 삼고 신선한 공기를 마시며, 삶의 힐링을 누릴 수 있다. 시설은 캐라반사이트와 텐트사이트, 다목적운동장, 족구장이 있으며 부대시설로는 어린이놀이터, 취사장, 화장실, 샤워실등이 있다. 캠핑장 이용 시, 오후 9시부터 오전 7시까지는 정숙시간으로 소음에 유의해야 한다.","문의 및 안내 041-940-2700
홈페이지 https://camping.cheongyang.go.kr
주소 충청남도 청양군 대치면 사수터길 126-19
이용시간 14:00~익일 11:00
휴일 연중무휴
주차 가능
요금 (무료)
이용요금 [A구역 캐라반사이트]
- 비수기 30,000원
- 성수기 40,000원
[B구역 텐트사이트]
- 비수기 25,000원
- 성수기 30,000원
[C구역 텐트사이트]
- 비수기 25,000원
- 성수기 30,000원
[다목적운동장 (잔디광장)]
- 100,000원
[족구장]
- 20,000원
※ 자세한 사항은 홈페이지 참조 요망
접근로 출입구까지 턱이 없어 휠체어 접근 가능함
장애인 주차 안내 장애인 주차장 있음(관리사무소 앞)_무장애 편의시설
더보기","
댓글 더보기","충청남도 청양군 대치면 사수터길 126-19","2025-03-18 16:58:16",36.393754,126.862412
387,387,"열쇠전망대> 여행지 :대한민국 구석구석","열쇠전망대는 육군 열쇠부대가 안보 교육과 더불어 실향민의 한을 달래주기 위해 1998년 4월 11일 건립하였다. 전망대에서는 DMZ 철책선과 최전방 초소인 GP 등이 한눈에 들어오며, 내부 전시실에는 북한의 생활용품과 대남 전투 장비들이 전시되어 있어 북한의 실제 모습을 단편적으로나마 엿볼 수 있다. 전시실에는 철조망으로 형상화된 통일 염원 소원 엽서 나무가 설치되어 있어 방문객들의 재미를 더해 준다.","문의 및 안내 031-839-2063
홈페이지 www.yeoncheon.go.kr
주소 경기도 연천군 신서면 동내로 1375-1
이용시간 09:00~16:00 (휴게시간 11:15~12:45)
※ 겨울철 제설 작업/훈련등으로 인하여 불시 출입통제 될 수 있음
휴일 매주 화요일
입장료 무료","
댓글 더보기","경기도 연천군 신서면 동내로 1375-1","2025-03-18 16:58:20",38.155314,127.144175
388,388,"워낭소리공원> 여행지 :대한민국 구석구석","2009년 개봉한 이충렬 감독의 다큐멘터리 ‘워낭소리’는 여든이 넘은 최 노인과 마흔 살 소의 우정과 사랑을 그린 아름다운 이야기로 다수 유명 영화제에서의 수상과 흥행을 이뤘다. 이 공원은 영화의 두 주인공인 최 노인과 소의 우정을 기리기 위해 조성되었으며, 공원에 들어서면 소달구지를 탄 할아버지 동상이 영화를 추억하며 이곳을 찾는 관광객을 맞이한다. 공원과 조금 떨어진 양지바른 곳에는 할아버지 내외분과 소의 무덤이 나란히 자리하고 있다.
내용 닫기","문의 및 안내 054-679-6351
홈페이지 https://www.bonghwa.go.kr
주소 경상북도 봉화군 상운면 산정길 84-41
이용시간 상시 개방
휴일 연중무휴
입장료 무료","
봉화 워낭소리 촬영지 근처에 한누리워낭마을 전원센터라고 있습니다. 봉화군에서 마을에 지원금을 주고, 운영하는 숙소라 굉장히 저렴합니다. 실제로 저희 말고 한 가족이 먼저 있었는데....몇 년간 자기들만 사용했다고 반갑다고 하더군요. 굉장히 좋은 시설은 아니지만 가성비가 좋고, 1층 별도 식당에서는 여러가지 조리를 해먹을 수 있도록 잘 구비되어 있습니다. 봉화는 약수물이 많은 만큼 물이 좋은데, 이 물로 깨끗하게 샤워하시면 굉장히 기분도 좋아집니다.
신*근 2024. 9. 18.
00
신고하기","경상북도 봉화군 상운면 산정길 84-41","2025-03-18 16:58:26",36.871776,128.768778
389,389,"하례감귤체험농장> 여행지 :대한민국 구석구석","한적한 오름에 둘러싸인 하례 감귤체험농장은 자녀들과 함께 귤을 수확해 볼 수 있는 귤밭이다. TV에도 여러 번 소개된 적이 있는 이곳은 감귤 중에서도 특히 당도가 높은 타이벡 감귤 품종을 재배한다. 체험에 시간제한이 없으며, 수확하는 방법이 어렵지 않아 어린이들도 직접 신선한 귤을 만져보고 체험할 수 있는 공간이다. 농장 중간에 감성 가득한 포토존이 마련되어 있어 수확의 재미뿐 아니라 다양한 추억을 선사한다. 감귤 따기 체험은 10월부터 가능하며, 여름에는, 여름에는 상큼한 맛이 일품인 청귤을 만나볼 수 있다.
내용 닫기","문의 및 안내 0507-1388-7243
홈페이지 https://smartstore.naver.com/dalkommgul?
주소 제주특별자치도 서귀포시 남원읍 하례로 504
이용시간 10:00~17:00
휴일 연중무휴
주차 가능 (농장주변)
요금 (무료)
체험 안내 감귤 따기 체험
입장료 감귤 따기 체험 1 18,000원 ※ 이용요금은 변동될 수 있으므로 홈페이지 참조 또는 전화 문의 요망","
아이들과 함께 여행 다녀왔는데 감귤체험 정말 재밌어하고 귤맛도 보면서 좋은시간 보냈습니다. 감귤나무에서 귤따면서 자연속에서 노는 아이들보니 흐뭇하더라구요. 귤이 진짜 맛있었어요. 포토존도 있어서 사진찍기도 재밌고, 직원분들도 친절하셨어요:)
어***날 2024. 12. 14.
00
신고하기","제주특별자치도 서귀포시 남원읍 하례로 504","2025-03-18 16:58:32",33.291316,126.616598
390,390,"광주호 호수생태원> 여행지 | '열린 관광' 모두의 여행:대한민국 구석구석","광주호(光州湖)의 호숫가 인근 184,948m²의 부지에 자연관찰원, 자연학습장, 잔디 휴식광장, 수변 습지 등 테마별 단지로 조성된 생태공원이다. 광주 시내에서 약 30분 정도 거리에 있어, 시민들이 찾기가 좋아 2006년 3월에 개장한 후 아이들의 자연 생태학습장이자 시민들의 휴식공간으로 이용된다. 전체적으로 조용하고 시원한 느낌을 주는 공원으로, 추운 날씨가 아니라면 꽃이나 동·식물들의 생태자료를 직접 볼 수 있다. 진달래, 개나리, 자산홍, 장미, 철쭉, 수국 등 형형색색의 야생화 17만 본이 심어진 테마별 꽃단지와 부엽식물원, 수변부 관찰 데크, 암석원, 그리고 때죽나무, 모과나무, 벽도동, 단풍나무 등 3,000여 그루의 나무 등을 볼 수 있다. 또한 늪지에서 각종 새가 실제로 부화하고 성장하는 과정을 볼 수 있다. 메타세쿼이아 양편 가로수 사이로 목재계단을 조성하였다.
내용 더보기","문의 및 안내 062-613-7891
홈페이지 http://bukgu.gwangju.kr/culture/
주소 광주광역시 북구 충효샘길 7
이용시간 09:00~18:00
휴일 연중무휴
주차 가능
요금 (무료)
접근로 출입구까지 턱이 없어 휠체어 접근 가능함
장애인 주차 안내 장애인 주차장 있음(4대,장애인 표지판)_무장애 편의시설
화장실 장애인 화장실 있음(주차장 공중 화장실)
점자 블록 점자블록 있음(주차장 장애인화장실 입구 앞)_시각장애인 편의시설
유모차 대여가능(관리사무소 문의)
휠체어 대여가능(관리사무소 문의)
지체장애 기타 상세 산책로 데크로드 구간 있음
닫기","
배경의 댓글은 현재 가볼래-터 3월호 미션을 완료한 댓글입니다.
사색하거나 걷고 싶을 때 이만한 곳이 없는것 같아요~날씨좋은 때 다녀오려고 해요
달**림 2025. 3. 12.
00
신고하기
광주호 호수생태원에 다녀왔어요 산책하기가 정말 좋았어요' 다양한 나무들도 볼수있고 공기도 좋아서 힐링하다 왔습니다
w************ 2025. 2. 18.
00
신고하기
평지라 산책하기 정말 좋은곳입니다. 일몰에 광주호도 정말 예쁩니다. 크기가 커서 운동하기에도 좋아요
헬*진 2025. 1. 17.
00
신고하기
광즈생태공원 오시면 체험할 수 있어서 너무 좋아요! 아이들이 있으년 추천 합니다! 한번 와보세요
하* 2024. 10. 1.
00
신고하기
신고하기
광주호 호수생태원에서 조선시대옷입고 정자에 앉아 한껏포즈취했다지요~^^
살*씨 2024. 9. 4.
00
광주호호수생태원을 가고 싶은 이유는 세 가지예요. 첫째, 자연 속에서 생태 체험을 할 수 있다는 게 너무 매력적입니다. 다양한 동식물을 만나보면서 자연의 소중함을 느끼고 싶어요. 둘째, 광주호의 아름다운 호수 풍경을 한눈에 담을 수 있는 곳이라고 들었어요. 산책로에서나 전망대에서 그 풍경을 감상하면 정말 마음이 편안해질 것 같아요. 셋째, 도심 속에서 휴식과 여유를 누릴 수 있는 공간이라는 점이 마음에 쏙 들어요. 바쁜 일상에서 벗어나 편안하게 쉴 수 있을 것 같아 꼭 가보고 싶습니다!
하*나 2024. 9. 4.
00
신고하기
산책 코스로 좋고주차하기 편해요.호수뷰가 인상적이며 2시간정도 산책 후 근처 고서나 무등산 맛집도 많아 좋아요
나 2024. 4. 16.
00
신고하기
댓글 더보기","광주광역시 북구 충효샘길 7","2025-03-18 16:58:40",35.184036,127.001094
391,391,"단양 패러글라이딩 패러에 반하다> 여행지 :대한민국 구석구석","충북 내륙에 위치한 단양은 여행하기 좋은 곳으로 멋진 풍경과 더불어 액티비티가 유명한 곳이다. 특히 소백산과 남한강이 어우러져 빚어낸 수려한 자연경관과 넓은 이착륙장이 있어 패러글라이딩의 명소로 알려져 있다. 단양패러에반하다는 단양 시외버스터미널에서 차로 15분 거리의 국내 최고 패러글라이딩 명소 두산마을에 위치해 있다. 고객만족도 3년 연속 1위의 패러글라이딩 전문업체로 약 7,000개의 리뷰가 증명하는 듯 아이부터 어른까지 다양한 연령층의 만족도가 높다. 20년 경력 이상의 단양 최고의 패러글라이딩 국가대표 파일럿과 함께해서 안심하며 자유롭고 짜릿한 비행을 즐길 수 있다. 편안하게 산책하는 듯한 노멀코스부터 다이내믹한 코스, 1,000m 이상에서 펼쳐지는 음료수 서비스부터 자가 조정체험, 그리고 반려견과 함께 하는 비행 등 다양한 체험을 할 수 있고 고프로 영상 촬영도 가능해 평생 추억되는 순간을 남길 수 있다. 대한민국 3대 카페 명소인 카페산이 옆에 있어 대기하는 동안이나 탑승하지 않는 사람들도 카페산에서 사진을 찍거나 시간을 보낼 수 있으며 대중교통 이용자는 예약 시 픽업서비스도 가능하고 단양패러에반하다를 예약하면 단양의 유명 관광지에서 제휴 할인을 받을 수 있다.
내용 닫기","문의 및 안내 1666-1090
홈페이지 https://www.lovepara.kr/
https://www.instagram.com/dypara_official/
주소 충청북도 단양군 가곡면 두산길 196-88
이용시간 08:00~19:00
휴일 우천 시 휴무
주차 가능
요금 (무료)
이용요금 - 노멀아트 90,000원
- 익스트림 120,000원
- 프리미엄 힐링 130,000원
- VIP 150,000원
- 애견 비행 20,000원 추가
- ATV+패러글라이딩 패키지 110,000원
닫기","
신고하기
‘단양 패러에 반하다’ 응대하시는 모든 직원분들이 너무 친절하고 사진도 여러가지 포즈로 잘 찍어주셔서 너무너무 좋았습니다. 사진 인화 서비스까지..^^ 완전 짱~~~!!!
h*****e 2024. 11. 8.
00
신고하기
날씨가 기대했던 것보다 좋지 않았지만, 그래도 가족 모두 즐겁게 패러글라이딩을 체험해볼수 있어서 다들 즐거워했습니다. 날씨 좋을때 또 올게요~♡
임*연 2024. 10. 19.
00
신고하기
카페산방문 했구 패러는 못즐겼지만 보는것만으로도 너무나도 짜릿하구 외국인에게 소개해주고픈 K패러 마운틴 뷰입니다! 커피맛도 좋음!
R*******y 2024. 5. 3.
00
늘 도전해보고 싶다는 생각만 했지만 올 해는 꼭 도전해보고싶어요!ㅎ.ㅎ 넘 재밌을거같아요~
닝*이 2024. 2. 12.
00
신고하기
신고하기
단양산꼭대기의 카페 찾았다가 페러글라이딩의 모습을 보고는 재미겠다란 생각은 했지만 구경만하고 돌아온게 아쉬워 패러글라이딤을. 위해 단양을 다시 갔어요 잘한듯. 하늘을 날때 까지 달리라 했는데 어렵더군요 그래도 날았고 바람에 의해 위로올라갈때의. 감동이 특히. 기억에 남아요
김***니 2024. 2. 1.
00","충청북도 단양군 가곡면 두산길 196-88","2025-03-18 16:58:49",36.994205,128.394933
392,392,"미소레 커피> 여행지 :대한민국 구석구석","충청남도 천안 톨게이트 주변에 위치한 미소레 커피는 바리스타이자 로스터인 커피전문가 이재근 님이 운영하는 카페이며 매일 커피를 새로 볶고 여러 종류의 원두를 직접 판매하기도 한다. 이곳의 원두는 그 우수성을 인정받아 G20 정상 회의 때 납품되기도 했다. 바 형식의 독특한 주방과 한쪽 벽면을 가득 채운 추억의 LP판이 인상적이다. 전체적으로 유로풍의 고급스러운 인테리어와 잔잔한 재즈로 편안함을 준다.","문의 및 안내 041-567-3334
주소 충청남도 천안시 동남구 단대로 161-1
영업시간 - 평일 09:30~22:00
- 주말 10:00~22:00
휴일 연중무휴
주차 가능
대표메뉴 핸드드립 커피
취급메뉴 에스프레소 / 아메리카노 / 플랫화이트 등","등록된 댓글이 없습니다.
","충청남도 천안시 동남구 단대로 161-1","2025-03-18 16:58:52",36.828593,127.166561
393,393,"교동제비집> 여행지 | '열린 관광' 모두의 여행:대한민국 구석구석","교동제비집은 인천광역시 강화군 교동면에 자리한 복합문화공간으로 교동도의 문화에 대해 알 수 있는 곳이다. 입구부터 교동도의 마스코트인 제비를 볼 수 있다. IT를 기반으로 한 관광 안내 콘텐츠가 있는 이곳은 교동도 관광 명소 VR(가상현실) 체험, 교동신문 제작 체험이 가능하다. 자전거 대여소와 카페, 기념품 판매장 등을 함께 운영하며, 다양한 프로그램이 진행된다. 인근에 대룡시장이 자리하여 함께 관광하기 좋다.
내용 닫기","문의 및 안내 032-934-1000
홈페이지 https://www.ganghwa.go.kr/open_content/tour/
주소 인천광역시 강화군 교동면 교동남로 20-1
이용시간 10:00~18:00
휴일 매월 둘째 주, 넷째 주 월요일
주차 가능
요금 (무료)
체험 안내 자전거 투어 / 사진 촬영 등
시설이용료 - 자전거 대여 (3시간) 5,000원
- 사진촬영 5,000원
※ 이용요금은 변동될 수 있으므로 홈페이지 참조 또는 전화 문의 요망
접근로 출입구까지 턱이 없어 휠체어 접근 가능함
출입통로 주출입구는 턱이 없어 휠체어 접근 가능함(수동문)
장애인 주차 안내 장애인 주차장 있음_무장애 편의시설
점자 블록 점자블록 있음(주출입구)_시각장애인 편의시설
닫기","
교동도 관광 시작 전에 가볍게 들러서 정보 얻기 좋습니다. 무료 체험도 해보기 좋고 유료체험도 비싸지 않아 해볼만 해요. 교동신문 제작을 해봤는데 즉석사진 찍어서 신문형식으로 출력되는데 간단한 추억남기기에 좋더라구요!
아*리 2025. 2. 15.
00
신고하기
80년대 분위기를 느끼기 좋은 곳 교동제비집이 위치한 대륭시장은 평일에는 시골시장의 여유로움과 주말에는 관광시장의 느낌을 모두 가지고 있습니다. 2시간 정도 시장을 구경하면서 다양한 먹거리를 즐기고, 인근 관광지를 둘러보면 하루가 순삭 특히 대륭시장 내 다방 쌍화차는 꼭 드셔보시길 추천합니다.
베* 2025. 2. 15.
00
신고하기
인천 강화군에 있는 교동 제비집 다녀왔어요. 입구부터 제비가 엄청 많네요. ㅎㅎ관 관광 명소 가상현실 체험도 해보고 교동신문 제작 체험까지 하니 하루가 후딱 지나가네요. 카페도 이쁘고 기념품 판매장도 들려 예쁜 기념품까지 구입한 뿌듯한 하루 일정이었습니다.
꽃****자 2024. 12. 19.
00
신고하기","인천광역시 강화군 교동면 교동남로 20-1","2025-03-18 16:58:58",37.781417,126.27949
394,394,"선광집> 여행지 :대한민국 구석구석","싱싱한 피라미를 멸치고추장양념볶음처럼 양념하여 튀겨낸 것을 도리뱅뱅이라고 하는데 이 도리뱅뱅과 생선육수로 끓여낸 생선국수와의 궁합은 한번 먹어본 사람은 절대 잊지 못할 정도로 기가 막히다. 특히 이곳의 생선국수는 ‘청산생선국수’라 하여 ‘옥천’의 공식브랜드로 선정될 정도로 그 맛이 대단한데 50년 넘게 2대째 이어져 가고 있는 집이라 하니 그 전통 또한 대단하다 할 수 있겠다.","문의 및 안내 043-732-8404
주소 충청북도 옥천군 청산면 지전1길 26
영업시간 10:30~15:30
휴일 매주 월요일
주차 가능
대표메뉴 생선국수
취급메뉴 생선튀김 / 도리뱅뱅","등록된 댓글이 없습니다.
","충청북도 옥천군 청산면 지전1길 26","2025-03-18 16:59:00",36.345984,127.792493
395,395,"할머니네맛식당> 여행지 :대한민국 구석구석","테이블 5개의 작은 식당이지만 허영만의 만화 식객에 출연했던 식당이다. 식당 뒤 마당에 된장독이 10여 개가 놓여 있다. 3년 묵은 것부터 8년 묵은 것까지 다양하다. 괴산해장국으로 식당을 열어 선지 해장국을 팔았던 때부터 따지면 식당 경력은 더 됐다. 구수한 된장과 아욱, 다슬기의 맛이 잘 어울렸다.","문의 및 안내 043-833-1580
주소 충청북도 괴산군 괴산읍 괴강로 12
영업시간 09:00~14:00
휴일 매주 월요일~수요일
주차 불가능
대표메뉴 올갱이국","등록된 댓글이 없습니다.
","충청북도 괴산군 괴산읍 괴강로 12","2025-03-18 16:59:02",36.809082,127.795767
396,396,"동대문 문구완구거리> 여행지 :대한민국 구석구석","서울 지하철 1호선 동대문역 4번 출구로 나와 독일약국 옆 골목으로 들어서면 120곳의 문구점이 있는 동대문 문구거리가 나온다. 동대문 문구거리는 1960년대에 생겨나 오랜 전통을 자랑하는 국내 학용품의 중심지로 자리 잡고 있다. 이곳은 주로 공책류와 크레파스, 연필, 실내화, 가방, 스케치북 등의 학용품과 어린이 선물용품이나 팬시용품, 파티 용품 등 서울시내 학교 앞 문방구에 있는 문구가 이곳에 다 있다. 가격은 소비자 가격의 30~40%까지 싸게 살 수 있고 한 번에 구입해야 하는 단위가 클수록 가격이 저렴하다. 또한 작년에 팔다 남은 이월 상품을 정가의 절반 이하로 파는 곳도 많다.
내용 더보기","문의 및 안내 02-743-7424
주소 서울특별시 종로구 종로52길 36 (창신동)
이용시간 점포 별로 상이함
휴일 점포 별로 상이함
주차 불가능
입장료 무료","
배경의 댓글은 현재 가볼래-터 3월호 미션을 완료한 댓글입니다.
신고하기
아이들 장난감을 저렴한 가격에 구매할수있는 곳.. 다양한 장난감들이 많아서 구경하는 재미도 있어요.
안**쥼 2025. 3. 6.
00
댓글 더보기","서울특별시 종로구 종로52길 36 (창신동)","2025-03-18 16:59:05",37.571221,127.014429
397,397,"남한강 래프팅(단양)> 여행지 :대한민국 구석구석","단양군 영춘면에 있는 남한강 상류에서 래프팅을 즐길 수 있다. 남한강은 영월군으로부터 동서로 관류하고 있고, 강의 동쪽에는 소백산맥이 보은군 속리산을 거쳐 지리산으로 이어져 있으며, 북쪽에는 태백산맥이 뻗어 있다. 주요 산으로는 소백산맥과 오대산 줄기인 용두산, 연화봉, 저수재, 국망봉, 형제봉 등 해발 1000m 내외의 산이 있다. 빼어난 자연환경 속에서 즐기는 래프팅이 남한강 래프팅의 가장 큰 매력이다.","문의 및 안내 043-423-9199
홈페이지 공식 홈페이지 http://www.okdy.co.kr
공식 인스타그램 https://www.instagram.com/nhk9199
주소 충청북도 단양군 영춘면 강변로 704
이용시간 09:00~18:00
휴일 연중무휴
주차 가능
이용요금 - 래프팅A코스 (1인) 30,000원
- ATV 산악코스 (1인) 30,000원
- 서바이벌 10인 이상 (1인) 25,000원
※ 자세한 사항은 홈페이지 참고
더보기","등록된 댓글이 없습니다.
","충청북도 단양군 영춘면 강변로 704","2025-03-18 16:59:14",37.087187,128.486322
398,398,"순흥전통묵집> 여행지 :대한민국 구석구석","영주 부석사 근처 마을인 순흥에는 1970년대부터 전통 묵밥 한 가지만 만들어온 순흥전통묵집이 있다.
옛날부터 내려온 전통적인 방법으로 메밀묵을 제조하며, 전통묵밥 단일 메뉴만을 판매하는 곳이다. 전통묵밥과 함께 제공되는 갖가지 반찬과 김치 또한 정갈하고 깔끔한 맛으로 손님들에게 인기가 많다.","문의 및 안내 054-634-4614
주소 경상북도 영주시 순흥면 순흥로39번길 21
영업시간 10:00~19:00 (마지막 주문 18:30)
휴일 명절
주차 가능
대표메뉴 전통묵밥
취급메뉴 모묵","
댓글 더보기","경상북도 영주시 순흥면 순흥로39번길 21","2025-03-18 16:59:20",36.913526,128.575094
399,399,"석모도 수목원> 여행지 | '열린 관광' 모두의 여행|안심여행 캠페인:대한민국 구석구석","석모도수목원은 인천광역시 강화군에서 운영하는 곳으로 2019년 5월 개관하였다. 이곳은 기후온난화에 대비하여 북방한계성 식물 및 해양성 식물연구에 적합한 점을 인정받아 석모도에 자리 잡게 되었다. 생태체험관, 고산습지원, 암석원, 전시온실을 포함해 12개 테마원에 총 1,176종 약 14만 본이 식재되어 있다. 석모리 일대의 계곡부를 따라 조성되어 오염되지 않은 천혜의 자연환경을 자랑한다. 산과 바다가 같이 공존하고, 숲이 가진 다양한 가치와 기능을 전달하며 자연과 교감할 수 있는 관광지이다.
내용 더보기","문의 및 안내 032-932-5432
홈페이지 https://forest.ganghwa.go.kr
주소 인천광역시 강화군 삼산면 삼산북로449번길 161
이용시간 09:00~18:00 (입장마감 17:00)
휴일 연중무휴
주차 가능
요금 (무료)
입장료 무료
접근로 출입구까지 경사로가 설치되어 있음
출입통로 주출입구는 경사로가 있어 휠체어 접근 가능함
장애인 주차 안내 장애인 전용 주차구역 있음_무장애 편의시설
화장실 장애인 전용 화장실 있음
닫기","
신고하기
주차장에서 부터 땡볕으로 걷게되니 넘 힘들어요. 월요일이라 그런지? 볼게 없어 그런지? 인적도 드물고 하여 크게 인상을 못받고 왔네요. 계곡을 중심으로 조성되어 있어 길고 동선이 단조로운듯 합니다
박*보 2024. 6. 6.
00
일상에서 잠시 휴식을 취하고 싶을때 추선합니다 도시와도 그리 멀지 않고 너무 좋아요
아*N 2023. 10. 4.
00
신고하기
꼭 한 번 가보고싶어요~!
뀨* 2022. 12. 15.
00
신고하기","인천광역시 강화군 삼산면 삼산북로449번길 161","2025-03-18 16:59:27",37.691345,126.326013
400,400,"장다리식당> 여행지 :대한민국 구석구석","장다리식당은 충북 단양군 단양읍 삼봉로에 위치한 맛집이다. 이곳은 신선한 재료를 사용하여 정성스럽게 만든 전통 한식을 제공하는 곳으로 유명하다. 특히, 장다리식당의 대표 메뉴인 마늘떡갈비는 부드러운 고기와 깊은 맛의 양념이 어우러져 많은 손님들에게 사랑받고 있다. 또한, 식당 내부는 아늑하고 편안한 분위기로 꾸며져 있어 가족 단위 방문객이나 친구들과의 모임에 적합하다. 친절한 서비스와 함께 맛있는 음식을 즐길 수 있는 장다리식당은 단양을 방문하는 이들에게 꼭 추천할 만한 장소이다.
내용 더보기","문의 및 안내 043-423-3960
홈페이지 http://www.jangdari.co.kr
주소 충청북도 단양군 단양읍 삼봉로 370
영업시간 10:30~20:00
휴일 매주 월요일
주차 가능
대표메뉴 진수성찬
취급메뉴 장다리마늘정식 / 마늘떡갈비정식 / 두부김치 등","
신고하기
장다리 식당 맛 있어요 마늘정식
수**** 2024. 11. 19.
00","충청북도 단양군 단양읍 삼봉로 370","2025-03-18 16:59:32",36.98948,128.367986
