id,detail_url,title,location,phrase,tags,created_at
1,https://korean.visitkorea.or.kr/detail/ms_detail.do?cotid=70ab9118-30d8-4045-b009-229fed39b1ec&big_category=A02&mid_category=A0201&big_area=31,물봉선공원(어린이),"경기 수원시","어린이 물놀이 공원","#물놀이, #수원어린이공원, #아이와가볼만한곳, #영통구물놀이공원, #음식","2025-03-17 12:51:45"
2,https://korean.visitkorea.or.kr/detail/ms_detail.do?cotid=8539e383-7a0f-4e5a-b1f2-2faf736a5292&big_category=A02&mid_category=A0201&big_area=32,에움녹색길,"강원 홍천군","개야 옛길을 시작으로 마을을 지나 홍천 강변을 따라 한 바퀴 도는 길",#레포츠,"2025-03-17 12:51:45"
3,https://korean.visitkorea.or.kr/detail/ms_detail.do?cotid=73ad1991-31ce-4c06-9f05-817b8762b99b&big_category=A02&mid_category=A0201&big_area=1,"금강제화 명동본점","서울 중구","70년 헤리티지 최고급 명품 수제화 전문점","#쇼핑, #신발, #정장화, #제화, #패션브랜드","2025-03-17 12:51:45"
4,https://korean.visitkorea.or.kr/detail/ms_detail.do?cotid=84a7ee07-7e69-4ad1-899d-f570be01aacc&big_category=A02&mid_category=A0201&big_area=2,숭의가든,"인천 미추홀구","정원을 바라보며 먹는 숭의가든","#돼지왕갈비, #맛집, #솥밥, #숯불구이, #음식, #참숯구이, #한우갈비곰탕, #한우육회비빔밥","2025-03-17 12:51:45"
5,https://korean.visitkorea.or.kr/detail/ms_detail.do?cotid=df01965f-3a40-460a-b1c2-a0ad6885ff6d&big_category=A02&mid_category=A0201&big_area=35,"영덕장 (4, 9일)","경북 영덕군","볼거리가 가득한 영덕의 재래시장","#가족여행, #경상권, #나들이, #나홀로여행, #먹거리, #쇼핑, #시장맛집, #아이와함께, , , , , , ","2025-03-17 12:51:47"
6,https://korean.visitkorea.or.kr/detail/ms_detail.do?cotid=0f22836d-bafd-4bd2-b960-503cd214e87b&big_category=A02&mid_category=A0201&big_area=35,"국립경국대학교 박물관","경북 안동시","경북 북부지역의 역사와 문화유산을 둘러볼 수 있는 곳","#경상권, #국립안동대학교박물관, #무료관람, #문화시설, #박물관, #실내여행지, , , , , ","2025-03-17 12:51:47"
7,https://korean.visitkorea.or.kr/detail/ms_detail.do?cotid=60babb86-3fb6-41d6-b001-6445e71cad25&big_category=A02&mid_category=A0201&big_area=2,풍전식당,"인천 미추홀구","얼큰한 해장국을 맛볼 수 있는 곳","#갈비탕, #돼지갈비구이, #맛집, #심, #양념돼지갈비, #육개장, #육개장맛집, , , , , ","2025-03-17 12:51:47"
8,https://korean.visitkorea.or.kr/detail/ms_detail.do?cotid=48d9c634-eed5-45e1-b8e6-d7ae88129d03&big_category=A02&mid_category=A0201&big_area=1,"신라면세점 서울점","서울 중구","글로벌 신라면세점의 플래그십스토어","#면세쇼핑, #면세점, #브랜드, #쇼핑, #신라호텔","2025-03-17 12:51:47"
9,https://korean.visitkorea.or.kr/detail/ms_detail.do?cotid=8bb77278-f3bc-4aca-bb23-af799d0aeb6a&big_category=A02&mid_category=A0201&big_area=35,"주왕산 관광단지","경북 청송군","우리나라 문화를 체험할 수 있는 관광단지","#관광단지, #관광지, #역사를품은곳, #역사속, #역사속으로, #역사유적, #역사이야기, , , , , ","2025-03-17 12:51:47"
10,https://korean.visitkorea.or.kr/detail/ms_detail.do?cotid=7213d656-5f84-4daf-9fc4-51b7881a412d&big_category=A02&mid_category=A0201&big_area=38,"장흥군 특산품전시판매장","전남 장흥군","장흥군에서 품질을 보증하는 특산품을 합리적인 가격에 판매합니다.","#농산물, #쇼핑, #장흥, #장흥가볼만한곳, #특산물, #특산품","2025-03-17 12:51:47"
11,https://korean.visitkorea.or.kr/detail/ms_detail.do?cotid=2349c7ea-7458-45e3-a2ed-6dc6ec45ffc4&big_category=A02&mid_category=A0201&big_area=2,문학산역사관,"인천 미추홀구","미추홀 2,000여 년의 역사와 문화를 품고 있는 문학산",#관광지,"2025-03-17 12:51:54"
12,https://korean.visitkorea.or.kr/detail/ms_detail.do?cotid=7c24d955-d96e-4c36-be13-c6913148785f&big_category=A02&mid_category=A0201&big_area=35,"영주 순흥 벽화 고분","경북 영주시","선조들의 삶을 엿볼 수 있는 귀중한 유적","#고분군, #관광지, #역사, #역사공부, #역사관광, #역사관광지, #역사를품은곳, , , , , , ","2025-03-17 12:51:54"
13,https://korean.visitkorea.or.kr/detail/ms_detail.do?cotid=ed5e1a47-233b-43a5-a91d-047aab05e58a&big_category=A02&mid_category=A0201&big_area=2,"대한민국 수준원점","인천 미추홀구","우리나라의 국토 높이를 측정하는 기준점","#관광지, #교육여행, #수준원점, #아이와함께, #역사, #역사관광지, #역사문화재, , , ","2025-03-17 12:51:54"
14,https://korean.visitkorea.or.kr/detail/ms_detail.do?cotid=a8c9f05a-2e9b-4c2e-9d7b-4be4b307eb39&big_category=A02&mid_category=A0201&big_area=2,인하대후문먹거리타운,"인천 미추홀구","다양한 먹거리와 젊음이 넘치는 거리!","#관광지, #맛집, #맛집골목, #맛집탐방, #먹거리투어, #먹자골목, #인하대, #지역특화먹거리, ","2025-03-17 12:51:55"
15,https://korean.visitkorea.or.kr/detail/ms_detail.do?cotid=262eeed2-abff-4fcf-9a56-c75ca8294b25&big_category=A02&mid_category=A0201&big_area=1,명동사격장,"서울 중구","도심 속에서 사격을 즐기다!","#레포츠, #복합레저스포츠, #사격, #사격장, #스포츠체험, #실내데이트, #연인과함께, , ","2025-03-17 12:51:55"
16,https://korean.visitkorea.or.kr/detail/ms_detail.do?cotid=a503f9da-85c0-41c4-a0d7-2eaada6d5c41&big_category=A02&mid_category=A0201&big_area=35,달포고깃간,"경북 영덕군","영덕 돼지고기 특수 부위 숯불 구이 대표 음식점","#고깃집, #숯불구이, #숯불돼지갈비, #영덕가볼만한곳, #영덕맛집, #영덕여행, ","2025-03-17 12:51:55"
17,https://korean.visitkorea.or.kr/detail/ms_detail.do?cotid=3a2142ce-1536-45ff-8f48-f665dad4b327&big_category=A02&mid_category=A0201&big_area=2,"오목골즉석메밀우동 박문점","인천 미추홀구","24시간 운영하는 즉석메밀우동 전문점","#메밀우동, #메밀짜장, #미추홀구 메밀우동, #오목골즉석메밀우동, #오목골즉석메밀우동 박문점, , ","2025-03-17 12:51:55"
18,https://korean.visitkorea.or.kr/detail/ms_detail.do?cotid=1646fad2-2211-4451-a53b-30a395186b0a&big_category=A02&mid_category=A0201&big_area=35,오암서원,"경북 성주군","최항경과 최은, 최린을 봉향한 서원","#경상권, #관광지, #역사, #역사공부, #역사관광지, #역사를품은곳, #역사문화재, , , , , , , , , ","2025-03-17 12:51:55"
19,https://korean.visitkorea.or.kr/detail/ms_detail.do?cotid=7ee75114-7ee7-490d-a09c-99cc4f40cd24&big_category=A02&mid_category=A0201&big_area=6,"영도 마리노 오토캠핑장","부산 영도구","바다와 바람, 그리고 불빛이 하나 되는 곳","#가족, #가족과함께, #레포츠, #부산, #부산가볼만한곳, #부산여행, #오토캠핑장, , , ","2025-03-17 12:51:55"
20,https://korean.visitkorea.or.kr/detail/ms_detail.do?cotid=e0e8ba8a-0cc2-4a3b-9bdd-a64a4021025f&big_category=A02&mid_category=A0201&big_area=35,풍기향교,"경북 영주시","유서 깊은 풍기향교, 전통과 역사의 숨결이 살아있는 곳","#가족여행, #경상권, #경상북도유형문화재, #관광지, #아이와함께, #역사, #역사공부, , , , , , , , , , ","2025-03-17 12:51:55"
21,https://korean.visitkorea.or.kr/detail/ms_detail.do?cotid=b2c82f9d-3b24-4695-afb4-06d56b7eaef2&big_category=A02&mid_category=A0201&big_area=2,틈문화창작지대,"인천 미추홀구","문화 콘텐츠 창작자 양성과 인천 지역의 문화산업을 육성하는 곳","#문화시설, #미추홀구틈문화창작지대, #영상제작, #인천각종행사, #인천콘텐츠코리아랩, ","2025-03-17 12:52:02"
22,https://korean.visitkorea.or.kr/detail/ms_detail.do?cotid=fb3aa752-897f-43be-918d-848ad2a14942&big_category=A02&mid_category=A0201&big_area=1,한양도성박물관,"서울 종로구","한양도성의 역사와 가치를 담은 곳","#기념관, #문화시설, #박물관, #수도권, #아이와함께, #여름방학가볼만한곳, , , , , , , , ","2025-03-17 12:52:02"
23,https://korean.visitkorea.or.kr/detail/ms_detail.do?cotid=ad07ca95-1788-4750-b8fb-e5b149ea88f5&big_category=A02&mid_category=A0201&big_area=32,복주머니마을,"강원 홍천군","오감만족 즐기는 여행",#관광지,"2025-03-17 12:52:03"
24,https://korean.visitkorea.or.kr/detail/ms_detail.do?cotid=0815676f-4585-4171-ada4-cfd9c2037fa4&big_category=A02&mid_category=A0201&big_area=2,인천향교,"인천 미추홀구","우리 조상과 선비의 숨결이 서려있는 곳","#관광지, #명륜당, #명륜학당프로그램, #문화재, #수도권, #역사, #인천유교교육, , ","2025-03-17 12:52:03"
25,https://korean.visitkorea.or.kr/detail/ms_detail.do?cotid=fb049a0e-2e3f-4047-a5ff-ef11e9bcd53b&big_category=A02&mid_category=A0201&big_area=35,오산서원,"경북 영주시","조선시대 문신 김난상 추모를 위한 곳","#관광지, #역사, #역사공부, #역사관광지, #역사를품은곳, #역사문화재, #역사속, , , , , , , ","2025-03-17 12:52:03"
26,https://korean.visitkorea.or.kr/detail/ms_detail.do?cotid=11ae2888-ffda-43be-b250-c6d627af5e49&big_category=A02&mid_category=A0201&big_area=2,인천동구청소년수련관,"인천 동구","청소년들이 행복한 세상을 꿈꾸는 공간","#교육여행, #교육프로그램, #레포츠, #문화공간, #문화시설, #복합문화공간, , , , , , , ","2025-03-17 12:52:03"
27,https://korean.visitkorea.or.kr/detail/ms_detail.do?cotid=43959606-d0bb-46df-9357-c40be903f24e&big_category=A02&mid_category=A0201&big_area=35,"한재 참 미나리 식육식당","경북 청도군","쫀득한 삼겹살과 향긋한 미나리","#맛집, #미나리_삼겹살, #미나리비빔밥, #생삼겹살, #유황오리백숙, #음식, #한재미나리","2025-03-17 12:52:03"
28,https://korean.visitkorea.or.kr/detail/ms_detail.do?cotid=13853f63-b8a8-4683-9231-2e8d8419c944&big_category=A02&mid_category=A0201&big_area=1,"갤러리 라메르","서울 종로구","다양한 장르의 미술을 포용하는 갤러리","#나홀로여행, #데이트코스, #도심여행, #문화시설, #미술관, #실내여행지, #연인과함께, , , ","2025-03-17 12:52:03"
29,https://korean.visitkorea.or.kr/detail/ms_detail.do?cotid=79932f05-b8cb-463a-bff1-00ea42802fb7&big_category=A02&mid_category=A0201&big_area=2,"인천 현대시장","인천 동구","동구의 대표적인 재래시장","#가족여행, #나들이, #나홀로여행, #드라이브여행, #먹거리, #서울근교여행, , , , , , , , , , , , ","2025-03-17 12:52:03"
30,https://korean.visitkorea.or.kr/detail/ms_detail.do?cotid=e8cb4eb9-9f97-47ae-a00c-ed6cf39a5dc9&big_category=A02&mid_category=A0201&big_area=2,"인천 중앙시장","인천 동구","구경거리 가득한 재래시장","#가족여행, #나들이, #나홀로여행, #먹거리, #쇼핑, #수도권, #시장맛집, #아이와함께, , , , , ","2025-03-17 12:52:03"
31,https://korean.visitkorea.or.kr/detail/ms_detail.do?cotid=dcfb710b-08e5-4023-a759-09662e0bf7d7&big_category=A02&mid_category=A0201&big_area=32,팔봉참살이마을,"강원 홍천군","깨끗한 공기와 자연이 가득한 힐링마을","#가족과함께, #관광지, #농촌체험, #아이와함께, #자연여행, #자연좋은곳, #자연체험, , , ","2025-03-17 12:52:10"
32,https://korean.visitkorea.or.kr/detail/ms_detail.do?cotid=5879fc94-8f3a-4b9b-a7d8-e005d12e6cf7&big_category=A02&mid_category=A0201&big_area=37,임실맛소,"전북 임실군",한우암소구이정육식당,"#맛집, #음식, #임실, #임실가볼만한곳, #임실여행, #임실치즈테마파크, #한우","2025-03-17 12:52:11"
33,https://korean.visitkorea.or.kr/detail/ms_detail.do?cotid=04155d1c-721f-4001-ab77-0c7ed52e8feb&big_category=A02&mid_category=A0201&big_area=1,유금와당박물관,"서울 종로구","한국 와당의 역사와 시대별 변천사를 볼 수 있는 박물관","#교육, #기와지붕, #남녀노소, #문화시설, #박물관, #복합문화공간, #수도권, , , , , , , ","2025-03-17 12:52:11"
34,https://korean.visitkorea.or.kr/detail/ms_detail.do?cotid=b77167ac-ae1e-4b04-bf31-c198a782451d&big_category=A02&mid_category=A0201&big_area=35,남산식육식당,"경북 경산시","맛있는 소고기구이가 먹고 싶다면 방문해야 할 곳","#경산맛집, #구이, #맛집, #생고기, #소고기전문점, #안창, #육회, #음식, #토시","2025-03-17 12:52:11"
35,https://korean.visitkorea.or.kr/detail/ms_detail.do?cotid=47ed8053-5238-4b21-948d-dbebdb875535&big_category=A02&mid_category=A0201&big_area=32,명월리산촌생태마을,"강원 춘천시","산 좋고 물 좋은 강원도 계곡에 위치한 힐링의 중심 명월마을","#관광지, #김장체험, #농촌체험마을, #절임배추, #춘천민박, #춘천여행","2025-03-17 12:52:11"
36,https://korean.visitkorea.or.kr/detail/ms_detail.do?cotid=e17c42d3-d784-41e6-9c5e-66ee04fe78a0&big_category=A02&mid_category=A0201&big_area=2,"인천 송현시장","인천 동구","먹거리가 가득한 인천의 명소","#가족여행, #나들이, #나홀로여행, #데이트코스, #먹거리, #서울근교여행, #쇼핑, , , , , , , , , , ","2025-03-17 12:52:11"
37,https://korean.visitkorea.or.kr/detail/ms_detail.do?cotid=684f31c1-5a92-4149-9d32-20568dd5a36c&big_category=A02&mid_category=A0201&big_area=35,임고강변공원,"경북 영천시","바라만 봐도 시원한 폭포가 있는 곳","#관광지, #영천가족나들이, #영천공원, #영천나들이, #영천당일치기, #영천수변공원, ","2025-03-17 12:52:11"
38,https://korean.visitkorea.or.kr/detail/ms_detail.do?cotid=9569000b-5c98-445d-bfc3-4e605af29174&big_category=A02&mid_category=A0201&big_area=1,국제갤러리,"서울 종로구","현대미술 작가의 작품을 접할 수 있는 갤러리","#BTS, #bts여행, #bts투어, #RM, #국제갤러리, #나들이, #데이트코스, #문화시설, , , , , , , , , , ","2025-03-17 12:52:11"
39,https://korean.visitkorea.or.kr/detail/ms_detail.do?cotid=fff61222-8b51-40c2-9ae7-34661d9a6bba&big_category=A02&mid_category=A0201&big_area=35,먹골집,"경북 영주시","몸에 좋은 한식을 맛볼 수 있는 식당","#누룽지백숙, #백숙맛집, #버섯전골, #영주가볼만한곳, #영주맛집, #영주여행, , ","2025-03-17 12:52:11"
40,https://korean.visitkorea.or.kr/detail/ms_detail.do?cotid=5dd2dc95-9ea0-47f7-bb4d-ee3b6ff6157f&big_category=A02&mid_category=A0201&big_area=32,"척야산 문화수목원","강원 홍천군","척야산 일대에 조성되어 있는 수목원",#관광지,"2025-03-17 12:52:11"
41,https://korean.visitkorea.or.kr/detail/ms_detail.do?cotid=6e94b632-4b55-4c1a-9619-c47ca30774f6&big_category=A02&mid_category=A0201&big_area=35,해파랑공원,"경북 영덕군","동해안의 바다내음을 마시며 산책하기 좋은 공원","#경치좋은곳, #관광지, #바다경치, #바다내음, #바다산책, #산책로, #산책하기, , , , , , , ","2025-03-17 12:52:18"
42,https://korean.visitkorea.or.kr/detail/ms_detail.do?cotid=cbe7c6b9-13af-41fd-bd34-0a1630fa635e&big_category=A02&mid_category=A0201&big_area=1,"갤러리 미즈","서울 종로구","한국의 현대미술을 국내외에 소개하고 있는 갤러리","#갤러리미즈, #문화시설, #미술관, #미술관데이트, #실내데이트, #아트페어, , , , , , ","2025-03-17 12:52:19"
43,https://korean.visitkorea.or.kr/detail/ms_detail.do?cotid=82a9dfaf-7439-44a5-96a2-fcb1cc1967a9&big_category=A02&mid_category=A0201&big_area=32,한서남궁억유적지,"강원 홍천군","남궁억 선생의 약력 및 업적에 대한 자료를 소개하고 있는 곳","#가족과함께, #관광지, #교육여행, #남녀노소, #아이와함께, #역사공부, #역사속, , , , , ","2025-03-17 12:52:19"
44,https://korean.visitkorea.or.kr/detail/ms_detail.do?cotid=6d9ee874-9ae3-43d9-9d0c-4c9da71fe0a2&big_category=A02&mid_category=A0201&big_area=35,황소곳간,"경북 안동시","안동 소고기 전문 식당","#냉면, #맛집, #불고기전골, #안동시, #안동한우, #육회, #육회비빔밥, #음식, ","2025-03-17 12:52:19"
45,https://korean.visitkorea.or.kr/detail/ms_detail.do?cotid=076fc97b-b892-418f-908d-d6d9d39c79be&big_category=A02&mid_category=A0201&big_area=1,그라운드서울,"서울 종로구","갤러리와 기획전시공간을 결합한 신개념 복합문화공간","#공연대관장소, #문화시설, #복합문화공간, #북촌전시, #아라아트센터, #인사동가볼만한곳, , , , , , ","2025-03-17 12:52:19"
46,https://korean.visitkorea.or.kr/detail/ms_detail.do?cotid=b252c99e-03cd-4540-8375-881a93b301f5&big_category=A02&mid_category=A0201&big_area=35,의산서원,"경북 영주시","조선후기 영주를 대표하는 서원","#경상권, #경상북도기념물, #관광지, #역사, #역사공부, #역사관광지, #역사를품은곳, , , , , , , , , ","2025-03-17 12:52:19"
47,https://korean.visitkorea.or.kr/detail/ms_detail.do?cotid=d486f02e-588f-4923-b221-d9eabf1db165&big_category=A02&mid_category=A0201&big_area=2,"배다리 헌책방 골목","인천 동구","인천지역의 유일한 헌책방 골목","#관광지, #근대산업유산, #도깨비, #드라마촬영지, #배다리헌책방골목, #벽화거리, , , , , , , , , ","2025-03-17 12:52:19"
48,https://korean.visitkorea.or.kr/detail/ms_detail.do?cotid=c67f1d46-1c1b-46db-b3b0-90707ceab2c2&big_category=A02&mid_category=A0201&big_area=35,"문경새재 3관문(조령관)","경북 문경시","새재 정상에 자리 잡고있는 조령관","#관광지, #문경가볼만한곳, #문경새재, #문경여행, #문경여행지, #문경여행코스, , , , , , , , , , ","2025-03-17 12:52:19"
49,https://korean.visitkorea.or.kr/detail/ms_detail.do?cotid=2c00408c-6333-426a-b227-e29737f7133d&big_category=A02&mid_category=A0201&big_area=31,"DMZ 생생누리","경기 파주시","DMZ를 보다 가깝고, 생생하게 체험할 수 있는 곳","#25_26한국관광100선, #관광지, #수도권, #한국관광100선, #혼행족","2025-03-17 12:52:19"
50,https://korean.visitkorea.or.kr/detail/ms_detail.do?cotid=1bcf96d9-3baa-46f0-96d5-ab8eb3ce3b9b&big_category=A02&mid_category=A0201&big_area=35,용궁순대,"경북 예천군","3대를 이어온 전통 순대국밥 음식점","#닭불고기, #돼지불고기, #막창양념구이담백한_맛, #맛집, #순대, #순대국밥, , , , , , , ","2025-03-17 12:52:19"
51,https://korean.visitkorea.or.kr/detail/ms_detail.do?cotid=21c6e79a-cae6-4dcc-a300-03025ae6ad7c&big_category=A02&mid_category=A0201&big_area=32,수달연구센터,"강원 화천군","수(水) 생태계의 지표종인 수달의 보존과 연구를 하는 곳","#가족과함께, #관광지, #생태관광, #생태탐방, #생태테마, #생태프로그램, #아이가_좋아하는_여행, , , , , , ","2025-03-17 12:52:27"
52,https://korean.visitkorea.or.kr/detail/ms_detail.do?cotid=e0960465-77bb-4c2a-93bb-31319f607796&big_category=A02&mid_category=A0201&big_area=1,자하미술관,"서울 종로구","서울에서 가장 높은 곳에 위치한 미술관","#나홀로여행, #도심여행, #문화공간, #문화시설, #문화예술, #미술관, #서울여행, , , , ","2025-03-17 12:52:27"
53,https://korean.visitkorea.or.kr/detail/ms_detail.do?cotid=2196fd82-1f64-4d3b-b7a5-5ee3ebc7f1af&big_category=A02&mid_category=A0201&big_area=35,꿩샤브샤브,"경북 성주군","꿩 샤브샤브 전문 맛집","#꿩샤브샤브, #꿩탕, #맛집, #소고기주물럭담백한_맛, #음식, #촌닭도리탕, #촌닭백숙","2025-03-17 12:52:27"
54,https://korean.visitkorea.or.kr/detail/ms_detail.do?cotid=e351b78b-53b8-4155-a4cd-c877bac6a2e1&big_category=A02&mid_category=A0201&big_area=2,화도진지,"인천 동구","인천광역시 동구 화수동 일대의 진영이 있던 터","#관광지, #역사, #역사공부, #역사관광지, #역사를품은곳, #역사문화재, #역사속, , , , , , , ","2025-03-17 12:52:27"
55,https://korean.visitkorea.or.kr/detail/ms_detail.do?cotid=f2edd635-41e4-4840-8788-b9b072ac3215&big_category=A02&mid_category=A0201&big_area=32,경포생태저류지,"강원 강릉시","넓은 호수와 푸른 하늘이 어우러진 생태 저류지","#강릉관광, #강릉여행, #강릉유채꽃, #경포생태, #경포호관광, #관광지","2025-03-17 12:52:27"
56,https://korean.visitkorea.or.kr/detail/ms_detail.do?cotid=31956951-03e2-4f9d-9de5-ebabe2d19755&big_category=A02&mid_category=A0201&big_area=2,화도진공원,"인천 동구","역사와 문화가 살아있는 화도진공원","#공원, #관광지, #산책길, #산책하기, #산책하기좋은곳, #수도권, #아이와함께, , , , , , , , , ","2025-03-17 12:52:27"
57,https://korean.visitkorea.or.kr/detail/ms_detail.do?cotid=bf9572c3-878f-40a4-867f-8c8744e73cbc&big_category=A02&mid_category=A0201&big_area=33,제천샌드,"충북 제천시","제천시의 사계절 특산물을 가득 담은, 랜드마크인 의림지를 형상화한 쿠키","#기념품, #쇼핑, #의림지, #제천가볼만한곳, #제천기념품, #제천쇼핑, #제천여행, ","2025-03-17 12:52:27"
58,https://korean.visitkorea.or.kr/detail/ms_detail.do?cotid=d7552925-7fee-4c03-bf8f-e9e9576acfb0&big_category=A02&mid_category=A0201&big_area=1,딜쿠샤,"서울 종로구","기쁜 마음이라는 뜻을 가진 공간","#가옥, #문화시설, #역사전시관, #전시관","2025-03-17 12:52:27"
59,https://korean.visitkorea.or.kr/detail/ms_detail.do?cotid=b9a27653-1ce6-4b7e-a4c2-f8dba209054f&big_category=A02&mid_category=A0201&big_area=32,화천한옥학교,"강원 화천군","한옥을 가르치고 배울 수 있는 곳","#DMZ, #DMZ여행, #강원도화천, #목수, #문화시설, #한식목공, #한옥체험, #한옥펜션, , ","2025-03-17 12:52:27"
60,https://korean.visitkorea.or.kr/detail/ms_detail.do?cotid=2b7465c0-4900-4d65-a13e-0fc9818dcefc&big_category=A02&mid_category=A0201&big_area=2,만석부두,"인천 동구","서울로 향하는 곡물을 만석이나 쌓아놓았던 곳","#공업단지, #관광지, #만석부두, #만석전망대, #만석포구, #서해바다, #웨이브데크, , , ","2025-03-17 12:52:28"
61,https://korean.visitkorea.or.kr/detail/ms_detail.do?cotid=5eb34f7e-9222-40f2-a341-016cdfaf2c23&big_category=A02&mid_category=A0201&big_area=35,"묵계서원 및 안동김씨 묵계종택","경북 안동시","보백당 김계행 선생의 자취를 만날 수 있는 곳","#관광지, #서원, #역사, #역사공부, #역사관광지, #역사를품은곳, #역사문화재, , , , , , , , ","2025-03-17 12:52:35"
62,https://korean.visitkorea.or.kr/detail/ms_detail.do?cotid=1612791a-7206-4327-bc4f-485339a3143f&big_category=A02&mid_category=A0201&big_area=2,"인천 화평동 세숫대야 냉면거리","인천 동구","세숫대야 냉면의 진수를 보여주는 맛집 거리","#가족과함께, #관광지, #냉면맛집, #맛집탐방, #비빔냉면, #숨은맛집, #음식거리, , , , , , , , ","2025-03-17 12:52:35"
63,https://korean.visitkorea.or.kr/detail/ms_detail.do?cotid=d06a937a-e30a-4dc0-9c88-46a8978b1a34&big_category=A02&mid_category=A0201&big_area=1,보안1942,"서울 종로구","숙박시설이 있는 문화예술 공간, 보안1942","#남녀노소, #데이트, #문화공간, #문화시설, #복합문화공간, #연인과함께, #열린문화공간, , , ","2025-03-17 12:52:35"
64,https://korean.visitkorea.or.kr/detail/ms_detail.do?cotid=b614e15f-2a5f-42e7-bb9c-d80b26442953&big_category=A02&mid_category=A0201&big_area=2,석빈가든,"인천 남동구","돼지갈비가 맛있는 인천 남동구 맛집","#국내산왕갈비, #남동구, #맛집, #불갈비, #삼겹살, #생갈비, #생삼겹살, #왕갈비, , , , ","2025-03-17 12:52:35"
65,https://korean.visitkorea.or.kr/detail/ms_detail.do?cotid=aba611cb-405b-4639-8c33-e4f471fd1c67&big_category=A02&mid_category=A0201&big_area=35,탐복미나리가든,"경북 청도군","청도 한재마을, 한재 미나리단지에 위치한 삼겹살 식당","#녹차먹인_다향_생오리, #맛집, #미나리비빔밥, #미나리전, #음식, #탐복_생삼겹살","2025-03-17 12:52:35"
66,https://korean.visitkorea.or.kr/detail/ms_detail.do?cotid=61e12ecd-58f4-46cb-bf2c-73f4323be4cf&big_category=A02&mid_category=A0201&big_area=1,"그라운드시소 서촌","서울 종로구","예술과 문화가 어우러진 복합 문화 공간","#2024_여행가는달과함께하는_발도장여행지, #그라운드시소, #문화시설, #복합문화시설, , , ","2025-03-17 12:52:35"
67,https://korean.visitkorea.or.kr/detail/ms_detail.do?cotid=e08625ae-1044-40cf-a01e-77eee3d35305&big_category=A02&mid_category=A0201&big_area=35,강구항,"경북 영덕군","바다의 풍요로움이 함께하는 강구항","#강구대게거리, #강구항, #경상권, #관광지, #대게거리, #드라마촬영지, #영덕대게, , ","2025-03-17 12:52:35"
68,https://korean.visitkorea.or.kr/detail/ms_detail.do?cotid=fad25be8-fa58-4d02-bc00-cedb67d12b72&big_category=A02&mid_category=A0201&big_area=6,"윈덤그랜드 부산 더 브릿지","부산 서구","지중해 요리, 직화 그릴 바비큐 중심 바다 뷰 올데이 뷔페 레스토랑","#가족과함께, #맛집, #부산, #부산가볼만한곳, #부산맛집, #음식","2025-03-17 12:52:35"
69,https://korean.visitkorea.or.kr/detail/ms_detail.do?cotid=aef12332-e6b9-4fec-a669-04685c512e6f&big_category=A02&mid_category=A0201&big_area=35,"봉정사 [유네스코 세계유산]","경북 안동시","봉황이 머물렀다고 하는 봉정사","#가족여행, #경상권, #관광지, #교과서속여행, #문화관광해설사, #봉정사, #봉정사(안동), , , , , , , , , , ","2025-03-17 12:52:35"
70,https://korean.visitkorea.or.kr/detail/ms_detail.do?cotid=6bba9200-4c72-420c-b172-613ad20290ae&big_category=A02&mid_category=A0201&big_area=33,"솔향공원 스카이바이크","충북 보은군","하늘 길을 달리는 스카이바이크","#레포츠, #보은가볼만한곳, #보은군, #솔향공원, #스카이바이크, #이색체험, ","2025-03-17 12:52:36"
71,https://korean.visitkorea.or.kr/detail/ms_detail.do?cotid=246faa99-b054-4410-bb87-8282cfae9e1c&big_category=A02&mid_category=A0201&big_area=34,명종대왕태실및비,"충남 서산시","조선 제13대 왕 명종의 태를 봉안한 곳","#관광지, #역사, #역사공부, #역사관광, #역사관광지, #역사를품은곳, #역사속, , , , , , ","2025-03-17 12:52:43"
72,https://korean.visitkorea.or.kr/detail/ms_detail.do?cotid=a405b14b-c323-4442-8f42-d24abba4f2b7&big_category=A02&mid_category=A0201&big_area=1,서울우리소리박물관,"서울 종로구","국내 첫 민요 전문 박물관","#가족과함께, #교육여행, #문화시설, #서울우리소리박물관, #아이와함께, #이색체험, , , , ","2025-03-17 12:52:43"
73,https://korean.visitkorea.or.kr/detail/ms_detail.do?cotid=42ec6ee9-8de0-48fd-831d-7ed5fd199a09&big_category=A02&mid_category=A0201&big_area=33,"오래된 잡화점","충북 제천시","추억의 문구류와 제천시의 특색을 담은 기념품샵","#로컬굿즈, #소품샵, #쇼핑, #제천가볼만한곳, #제천기념품, #제천소품샵, #제천여행","2025-03-17 12:52:43"
74,https://korean.visitkorea.or.kr/detail/ms_detail.do?cotid=9da3ef33-9c2f-43e7-bc63-a09dbfb953d0&big_category=A02&mid_category=A0201&big_area=34,백제의집,"충남 부여군","한국 전통음식 전문점","#건강식, #건강식맛집, #건강여행, #남녀노소, #맛집, #백제연밥, #백제연정식, , , , , , , , , , ","2025-03-17 12:52:43"
75,https://korean.visitkorea.or.kr/detail/ms_detail.do?cotid=0148d473-796e-468b-9817-ae669a0bc80d&big_category=A02&mid_category=A0201&big_area=35,태평성대경상감영공원,"경북 상주시","옛 상주의 영광을 느껴볼 수 있는 상주의 대표 문화공간 복합단지","#관광지, #교육여행, #사진찍기좋은곳, #아이와함께, #역사공부, #역사속으로, , , , , ","2025-03-17 12:52:43"
76,https://korean.visitkorea.or.kr/detail/ms_detail.do?cotid=c3cf1e5c-376e-4368-a4cd-7a76c2db668e&big_category=A02&mid_category=A0201&big_area=33,"속리산 숲체험휴양마을","충북 보은군","백두대간 속리산의 깊고 깊은 산골 속 휴양 명소","#2024_여행가는달과함께하는_발도장여행지, #가족과함께, #경치좋은곳, #관광지, , , , , , , , , , , , , , , , ","2025-03-17 12:52:43"
77,https://korean.visitkorea.or.kr/detail/ms_detail.do?cotid=3fedf10b-652f-49ed-9821-c2c064cd5c96&big_category=A02&mid_category=A0201&big_area=33,"중원당 (청명주 양조장)","충북 충주시","살아숨쉬는 전통 명주 ‘중원당’","#관광지, #무형문화재, #산업관광, #산업관광지, #아이와함께, #양조장, #연인과함께, , , , , , , , , ","2025-03-17 12:52:43"
78,https://korean.visitkorea.or.kr/detail/ms_detail.do?cotid=def7eb7a-4029-4275-a111-161719bf28e6&big_category=A02&mid_category=A0201&big_area=1,"개봉유수지 생태공원","서울 구로구","아이들과 함께 산책하기 좋은 공원","#가족과함께, #공원, #관광지, #산책로, #산책하기좋은곳, #생태공원, #아침운동, , , , , ","2025-03-17 12:52:43"
79,https://korean.visitkorea.or.kr/detail/ms_detail.do?cotid=24bece3f-c090-402d-9b67-385a74efd362&big_category=A02&mid_category=A0201&big_area=32,설악금호리조트,"강원 속초시","자연속 조화로움을 추가하는 별장형 외관의 리조트","#관광지, #금호리조트, #속초숙소, #숙박","2025-03-17 12:52:43"
80,https://korean.visitkorea.or.kr/detail/ms_detail.do?cotid=c3100da0-f301-4233-af5b-ee4db4ea8c39&big_category=A02&mid_category=A0201&big_area=38,"할미꽃 한재공원","전남 장흥군","검붉은 할미꽃이 지천에 피어나는 공원","#관광지, #산책하기좋은곳, #자연, #자연속으로, #자연여행, #자연좋은곳, #자연풍경, , , , , , , , , , ","2025-03-17 12:52:43"
81,https://korean.visitkorea.or.kr/detail/ms_detail.do?cotid=e499e5d0-654f-43d2-8e13-586c85234dd0&big_category=A02&mid_category=A0201&big_area=34,"아산 용궁댁","충남 아산시","도고산 자락에 보존된 조선 후기 전통 가옥","#관광지, #역사, #역사공부, #역사관광지, #역사를품은곳, #역사문화재, #역사속, , , , , , , , , ","2025-03-17 12:52:51"
82,https://korean.visitkorea.or.kr/detail/ms_detail.do?cotid=93b0000a-6a2e-4e97-a01c-b5601d0d952d&big_category=A02&mid_category=A0201&big_area=36,고성박물관,"경남 고성군","삼천 년 고성의 역사가 살아 숨 쉬는 곳","#가야, #가족과함께, #고성가볼만한곳, #기획전시, #남녀노소, #대가야국, #무더위_피해_실내여행, , , , , , , ","2025-03-17 12:52:51"
83,https://korean.visitkorea.or.kr/detail/ms_detail.do?cotid=973a81a4-ba07-4246-824b-a2cd3969e493&big_category=A02&mid_category=A0201&big_area=33,청풍리조트,"충북 제천시","청풍호반의 운치를 만끽할 수 있는 곳인 청풍리조트","#가족과함께, #가족여행, #관광지, #관광호텔, #리조트, #숙박, #제천숙소, #청풍리조트, ","2025-03-17 12:52:51"
84,https://korean.visitkorea.or.kr/detail/ms_detail.do?cotid=840877ea-e841-41b7-a4b2-9a90618373cb&big_category=A02&mid_category=A0201&big_area=1,음식문화특화거리(깔깔거리),"서울 구로구","깔끔하게 차려서 깔끔하게 먹는 이색 음식거리","#관광지, #구로깔깔거리, #구로맛집골목, #구로맛집탐방, #구로먹방여행, #맛집, , , , , , , , , , , ","2025-03-17 12:52:51"
85,https://korean.visitkorea.or.kr/detail/ms_detail.do?cotid=9fcc0dab-bb0c-4511-a330-c6aba3dc8fe9&big_category=A02&mid_category=A0201&big_area=31,남한산성행궁,"경기 광주시","남한산성 안에 있는 조선시대의 행궁터","#경기도광주산성, #경기도남한산성, #관광지, #남한산성, #남한산성성문, #남한산성행궁","2025-03-17 12:52:51"
86,https://korean.visitkorea.or.kr/detail/ms_detail.do?cotid=ccc0455d-6a31-4774-8db3-21a701e9f40a&big_category=A02&mid_category=A0201&big_area=32,엄마손태백물닭갈비,"강원 태백시","광부들의 먹거리인 태백 물닭갈비를 즐길 수 있는 식당","#단체모임, #맛집, #음식, #태백, #태백가볼만한곳, #태백맛집","2025-03-17 12:52:51"
87,https://korean.visitkorea.or.kr/detail/ms_detail.do?cotid=4b4cdc95-f766-4b81-9454-27f27758c43e&big_category=A02&mid_category=A0201&big_area=38,"더불어숲 농업회사법인","전남 해남군","자연 속 힐링 체험을 통한 진정한 휴식과 여행 에너지 충전","#관광지, #자연, #자연체험, #체험, #체험공간, #체험관광, #체험관광지, #해남, , , ","2025-03-17 12:52:51"
88,https://korean.visitkorea.or.kr/detail/ms_detail.do?cotid=1d68bbe3-d97c-432c-b639-c32dcf07caeb&big_category=A02&mid_category=A0201&big_area=1,아르코예술극장,"서울 종로구","예술적 가치 창조를 위한 공연예술 전문극장","#공연장, #데이트코스, #문화시설, #상설공연, #아이와함께, #연인과함께, #예술, , , , ","2025-03-17 12:52:51"
89,https://korean.visitkorea.or.kr/detail/ms_detail.do?cotid=54da5464-69a6-4efe-810b-9988e29e9305&big_category=A02&mid_category=A0201&big_area=1,서울돈화문국악당,"서울 종로구","가장 멋진 국악을 만나는 공간","#공연장, #국악공연, #남녀노소, #문화공간, #문화시설, #복합문화공간, #열린문화공간, , , , , , ","2025-03-17 12:52:51"
90,https://korean.visitkorea.or.kr/detail/ms_detail.do?cotid=0b27a575-bcd3-4998-9a13-1c3cd486bcb2&big_category=A02&mid_category=A0201&big_area=35,"영해만세시장 (5, 10일)","경북 영덕군","신선하고 안전한 먹거리를 제공하는 전통시장","#가족여행, #경상권, #기차여행, #나들이, #나홀로여행, #먹거리, #쇼핑, #시장맛집, , , , , ","2025-03-17 12:52:52"
91,https://korean.visitkorea.or.kr/detail/ms_detail.do?cotid=5a7a3ddd-ddb9-49c7-9bc6-e2fd17a6768c&big_category=A02&mid_category=A0201&big_area=1,경찰박물관,"서울 종로구","국민과 경찰이 함께하는 역사와 체험의 복합문화공간","#경찰박물관, #경찰의역사, #문화시설, #박물관, #서울관광, #서울명소, #서울여행, ","2025-03-17 12:52:59"
92,https://korean.visitkorea.or.kr/detail/ms_detail.do?cotid=9cd78b33-e49f-4419-8592-74fe835609d3&big_category=A02&mid_category=A0201&big_area=35,"천지인 전통사상체험관","경북 영주시","천지인 사상을 바탕으로 한 전통사상의 정신문화 체험","#가족여행, #관광지, #아이와함께, #어린이체험, #영주가볼만한곳, #전통체험, ","2025-03-17 12:52:59"
93,https://korean.visitkorea.or.kr/detail/ms_detail.do?cotid=c124fd8e-00eb-45c6-b9ce-9ff7b48ae2de&big_category=A02&mid_category=A0201&big_area=1,가회민화박물관,"서울 종로구","우리나라 민화 전문박물관","#가족여행, #남녀노소, #문화시설, #문화예술, #문화예술공간, #민화, #박물관, , , , , ","2025-03-17 12:52:59"
94,https://korean.visitkorea.or.kr/detail/ms_detail.do?cotid=fa36988b-692b-4422-9107-070ea0be539c&big_category=A02&mid_category=A0201&big_area=33,영상강가든펜션,"충북 단양군","효소를 이용한 반찬을 만들어 건강한 밥상을 제공하는 음식점","#단양, #단양가볼만한곳, #단양맛집, #단체모임, #맛집, #음식, #한식","2025-03-17 12:52:59"
95,https://korean.visitkorea.or.kr/detail/ms_detail.do?cotid=cf77de8b-7305-41cc-a54a-f8a6f9b3640a&big_category=A02&mid_category=A0201&big_area=35,강문화전시관,"경북 예천군","예천의 삼강을 기반으로 하는 강문화와 역사를 알아보자 !","#가족과함께, #강문화전시관, #교육여행, #남녀노소, #문화시설, #삼강문화단지, , , , , ","2025-03-17 12:52:59"
96,https://korean.visitkorea.or.kr/detail/ms_detail.do?cotid=2d426ac1-7728-494a-8312-14db6575c0cd&big_category=A02&mid_category=A0201&big_area=33,아오바바,"충북 제천시","결혼이주여성들의 안정적인 정착을 돕는 베트남 현지식 가정 백반","#베트남쌀국수, #베트남음식, #쌀국수, #음식, #제천가볼만한곳, #제천맛집, , ","2025-03-17 12:52:59"
97,https://korean.visitkorea.or.kr/detail/ms_detail.do?cotid=f78001a1-72f7-4cf7-912f-c98e7bb060c5&big_category=A02&mid_category=A0201&big_area=1,공근혜갤러리,"서울 종로구","다양한 현대미술 작품을 감상할 수 있는 갤러리","#공근혜갤러리, #문화시설, #사진갤러리, #삼청동갤러리, #아트갤러리","2025-03-17 12:52:59"
98,https://korean.visitkorea.or.kr/detail/ms_detail.do?cotid=f3d428cc-b644-42f4-9a6d-d5023c2dad9d&big_category=A02&mid_category=A0201&big_area=33,남촌식당,"충북 괴산군","국립괴산호국원 근처 한식 맛집","#괴산, #괴산가볼만한곳, #괴산맛집, #괴산여행, #맛집, #음식, #한식, #한식당","2025-03-17 12:52:59"
99,https://korean.visitkorea.or.kr/detail/ms_detail.do?cotid=3c2697cd-d1aa-4acf-aa7d-79b399296e1f&big_category=A02&mid_category=A0201&big_area=35,동해안카페,"경북 영덕군","전국에 하나뿐인 시금치 호두과자를 판매하는 카페","#디저트, #디저트맛집, #디저트카페, #영덕가볼만한곳, #영덕카페, #이색디저트","2025-03-17 12:52:59"
100,https://korean.visitkorea.or.kr/detail/ms_detail.do?cotid=fa8c0500-23df-4213-986b-982d80d12136&big_category=A02&mid_category=A0201&big_area=31,"천진암 성지","경기 광주시","천주교의 역사를 품고 있는 곳","#가족여행, #관광지, #교과서속여행, #나들이, #당일치기여행, #드라이브여행, , , , , , , , , ","2025-03-17 12:52:59"
101,https://korean.visitkorea.or.kr/detail/ms_detail.do?cotid=45bb8d04-7501-4571-8ff0-477327a1af78&big_category=A02&mid_category=A0201&big_area=1,"석파정 서울미술관","서울 종로구","예술문화에 색채를 더하는 개성있는 문화공간","#문화시설, #서울_여행지_추천, #서울가볼만한곳, #서울권, #서울미술관, #석파정","2025-03-17 12:53:06"
102,https://korean.visitkorea.or.kr/detail/ms_detail.do?cotid=abc86664-c865-4c1e-8e9e-9416f61308bc&big_category=A02&mid_category=A0201&big_area=35,춘천집,"경북 청도군","미나리와 수육의 만남","#맛집, #미나리, #미나리수육, #음식, #청도맛집","2025-03-17 12:53:07"
103,https://korean.visitkorea.or.kr/detail/ms_detail.do?cotid=9d27d828-0eb7-4dc1-b805-78bbe9cdc675&big_category=A02&mid_category=A0201&big_area=2,"인천 구월시장","인천 남동구","넉넉한 인심과 친절함이 있는 시장","#가족여행, #사계절, #쇼핑, #수도권, #시장맛집, #아이와함께, #인천구월시장, , , , ","2025-03-17 12:53:07"
104,https://korean.visitkorea.or.kr/detail/ms_detail.do?cotid=789a27e8-004f-4ae3-8c18-7f5510fe95c9&big_category=A02&mid_category=A0201&big_area=33,순이네식당,"충북 영동군","2대째 이어온 영동 전통시장 30년 전통 순댓국","#맛집, #순댓국, #영동, #영동가볼만한곳, #영동맛집, #영동여행, #음식, #전통시장, ","2025-03-17 12:53:07"
105,https://korean.visitkorea.or.kr/detail/ms_detail.do?cotid=a3d1e36f-a70f-4f8f-b7c9-da6e27859ac0&big_category=A02&mid_category=A0201&big_area=31,자전거생태공원,"경기 광주시","자건거를 테마로 한 공원","#관광지, #너른광주체육시설, #반려견과함께, #반려견놀이터, #양벌리농구장, , ","2025-03-17 12:53:07"
106,https://korean.visitkorea.or.kr/detail/ms_detail.do?cotid=0b751cc6-25a6-4046-a52a-d07702ec13f5&big_category=A02&mid_category=A0201&big_area=2,논현포대,"인천 남동구","군사시설을 확충하기 위해 조선 후기에 축조","#관광지, #논현포대, #문화재, #수도권, #역사, #역사공부, #역사관광지, #역사를품은곳, , , , , , , , , ","2025-03-17 12:53:07"
107,https://korean.visitkorea.or.kr/detail/ms_detail.do?cotid=6b6af99d-7e54-4712-b51a-0bd91e491082&big_category=A02&mid_category=A0201&big_area=35,샘사이트,"경북 영주시","1500평의 잔디 운동장과 3200평의 정원을 갖춘 독채 별장","#별장, #숙박, #영주, #정원, #힐링","2025-03-17 12:53:07"
108,https://korean.visitkorea.or.kr/detail/ms_detail.do?cotid=3d0e992a-3f95-402a-8dd3-0a537e1589f5&big_category=A02&mid_category=A0201&big_area=35,할매식당,"경북 포항시","할머니 손맛이 가득한 게장맛집","#갈치_정식, #게장_정식, #맛집, #음식, #포항, #포항맛집, #포항한식집","2025-03-17 12:53:07"
109,https://korean.visitkorea.or.kr/detail/ms_detail.do?cotid=4cb352f3-3a9d-413d-ad56-08c5a8af8051&big_category=A02&mid_category=A0201&big_area=2,미소로,"인천 남동구","항상 문전성시를 이루는 샤브샤브 전문점","#국수전골, #남동구, #막국수, #맛집, #메밀냉면, #버섯국수전골, #복해물칼국수, , , , , , , ","2025-03-17 12:53:07"
110,https://korean.visitkorea.or.kr/detail/ms_detail.do?cotid=58fd06ce-f36f-415b-a68f-216f0f3d0e5b&big_category=A02&mid_category=A0201&big_area=1,"컬러풀뮤지엄(COLORPOOL MUSEUM)","서울 종로구","컬러와 향기가 만나는 아트플레이스!","#SNS감성사진, #문화공간, #문화시설, #문화예술, #사진찍기, #사진찍기좋은곳, , , , , , , ","2025-03-17 12:53:07"
111,https://korean.visitkorea.or.kr/detail/ms_detail.do?cotid=68230418-7e52-44bc-bfda-b54b96a6d593&big_category=A02&mid_category=A0201&big_area=33,사랑산식당,"충북 괴산군","직접 재배한 식재료를 사용하는 로컬푸드 전문 식당","#괴산가볼만한곳, #괴산맛집, #괴산여행, #닭볶음탕, #두부전골, #등산객, #등산객맛집, ","2025-03-17 12:53:14"
112,https://korean.visitkorea.or.kr/detail/ms_detail.do?cotid=312268ce-a365-410e-a632-e2949965f876&big_category=A02&mid_category=A0201&big_area=35,거조사,"경북 영천시","고려 시대 목조 건축물을 만날 수 있는 사찰","#거조사, #고려시대목조건축, #관광지, #영천가족여행, #영천사찰, #영천산책, , ","2025-03-17 12:53:15"
113,https://korean.visitkorea.or.kr/detail/ms_detail.do?cotid=f98ea2ae-5816-43d2-9124-52faf8489071&big_category=A02&mid_category=A0201&big_area=2,늘솔길공원양떼목장,"인천 남동구","시민들이 건강과 휴식을 위해 많이 찾는 공원","#관광지, #늘솔길공원, #늘솔길공원양떼목장, #동물체험학습, #아이와함께가볼만한곳, , , ","2025-03-17 12:53:15"
114,https://korean.visitkorea.or.kr/detail/ms_detail.do?cotid=fbdcf29e-63d7-43fb-b21a-dab8f83e1b19&big_category=A02&mid_category=A0201&big_area=6,송도키친,"부산 서구","송도 바다 파노라마 뷰에서 즐기는 셰프의 다이닝","#다이닝, #부산, #송도, #송도키친, #음식","2025-03-17 12:53:15"
115,https://korean.visitkorea.or.kr/detail/ms_detail.do?cotid=605b4ec3-fd57-40c1-b206-7768f2394cfc&big_category=A02&mid_category=A0201&big_area=2,간석자유시장,"인천 남동구","다양한 먹거리를 저렴하게 구매할 수 있는 시장","#간석동전통시장, #간석자유시장, #간석자유시장닭강정, #쇼핑, #인천재래시장, , ","2025-03-17 12:53:15"
116,https://korean.visitkorea.or.kr/detail/ms_detail.do?cotid=eb79deaa-606d-474d-9a4c-fb9bf7507b68&big_category=A02&mid_category=A0201&big_area=1,박노수미술관,"서울 종로구","박노수 화백 예술품의 보고","#문화시설, #미술관데이트, #박노수, #박노수미술관, #서촌가볼만한곳, #세종마을, ","2025-03-17 12:53:15"
117,https://korean.visitkorea.or.kr/detail/ms_detail.do?cotid=0b2dec74-015b-4a3a-bd19-cb2a449720d4&big_category=A02&mid_category=A0201&big_area=2,인천대공원,"인천 남동구","맑은 공기 마시며 힐링하는 휴양공원","#2024_여행가는달과함께하는_발도장여행지, #공원, #관광지, #동물원, #산책, , , , , , ","2025-03-17 12:53:15"
118,https://korean.visitkorea.or.kr/detail/ms_detail.do?cotid=510f3c47-bcf5-4007-89bb-a7a6f05b5010&big_category=A02&mid_category=A0201&big_area=32,태백호텔,"강원 태백시","아름다운 자연 속에서 진정한 휴식",#숙박,"2025-03-17 12:53:15"
119,https://korean.visitkorea.or.kr/detail/ms_detail.do?cotid=25785465-c749-49c0-8851-ce8446a8f538&big_category=A02&mid_category=A0201&big_area=35,청도농산물프라자,"경북 청도군","우수한 농특산물이 가득한 곳 !","#가족여행, #경상권, #기념품판매, #기차여행, #나들이, #나홀로여행, #데이트코스, , , , , , , , , , , , ","2025-03-17 12:53:15"
120,https://korean.visitkorea.or.kr/detail/ms_detail.do?cotid=a6012026-0a30-4bc6-b4ee-673c31145d5a&big_category=A02&mid_category=A0201&big_area=2,"새우타워 전망대","인천 남동구","소래포구의 아름다운 경치를 볼 수 있는 곳","#관광지, #이색관광지, #인천, #전망대","2025-03-17 12:53:15"
121,https://korean.visitkorea.or.kr/detail/ms_detail.do?cotid=a393b030-f25a-4c4e-ba2d-4a1c3f8c7249&big_category=A02&mid_category=A0201&big_area=2,"인천항 갑문홍보관","인천 중구","우리나라를 대표하는 항만시설, 인천항!","#가족여행, #갑문홍보관, #관광지, #근대산업유산, #박물관, #산업관광, #산업관광지, , , , , , , ","2025-03-17 12:53:22"
122,https://korean.visitkorea.or.kr/detail/ms_detail.do?cotid=7e089581-4358-4709-a4ac-e60d0b61fa84&big_category=A02&mid_category=A0201&big_area=1,국립고궁박물관,"서울 종로구","조선왕실 500년, 그 삶과 마주하다","#국립고궁박물관, #나들이, #문화시설, #박물관, #실내여행지, #아이와함께, , ","2025-03-17 12:53:22"
123,https://korean.visitkorea.or.kr/detail/ms_detail.do?cotid=3aee6266-f4a5-4880-a79c-5181fa90c80a&big_category=A02&mid_category=A0201&big_area=2,소래포구,"인천 남동구","펄떡이는 생의 한가운데","#2024_여행가는달과함께하는_발도장여행지, #21_22한국관광100선, #가족여행, , , , , , , , , , , , , , , , , ","2025-03-17 12:53:23"
124,https://korean.visitkorea.or.kr/detail/ms_detail.do?cotid=f5327d71-76ec-4b38-be4f-0d660a4a0334&big_category=A02&mid_category=A0201&big_area=31,태화산(경기),"경기 광주시","뾰족한 봉우리를 가진 아담한 산","#관광지, #등산코스, #자연, #자연경관, #태화산","2025-03-17 12:53:23"
125,https://korean.visitkorea.or.kr/detail/ms_detail.do?cotid=b9f34b18-b7e4-4c72-a688-cb16df7b98ce&big_category=A02&mid_category=A0201&big_area=35,낙동강역사이야기관,"경북 상주시","낙동강과 관련된 다양한 역사 문화 콘텐츠를 체험할 수 있는 공간","#나룻배체험, #낙동강역사, #문화시설, #상주역사여행, #어린이체험관, #체험학습","2025-03-17 12:53:23"
126,https://korean.visitkorea.or.kr/detail/ms_detail.do?cotid=7f9d2672-2325-4d0f-8d3b-b104f47555cb&big_category=A02&mid_category=A0201&big_area=2,"인천 차이나타운","인천 중구","한국 속의 작은 중국!","#19_20한국관광100선, #2024_여행가는달과함께하는_발도장여행지, #21_22한국관광100선, , , , , , , , , , , , , , , , , , , , , , , , , ","2025-03-17 12:53:23"
127,https://korean.visitkorea.or.kr/detail/ms_detail.do?cotid=6b69db5d-fb83-499f-8817-fc750edee75d&big_category=A02&mid_category=A0201&big_area=2,"산천쭈꾸미 본점 도림동","인천 남동구","맛있는 쭈꾸미볶음을 맛볼 수 있는 곳","#남동구쭈꾸미맛집, #불향쭈꾸미, #산천쭈꾸미_본점, #음식, #인천맛집, #쭈꾸미볶음, ","2025-03-17 12:53:23"
128,https://korean.visitkorea.or.kr/detail/ms_detail.do?cotid=f219cfc2-1e82-44c5-b20b-6e834c318ca9&big_category=A02&mid_category=A0201&big_area=35,"김천 녹색미래과학관","경북 김천시","미래를 꿈꾸는 아이들의 세상","#가족과함께, #경상권, #과학관, #과학체험, #관광지, #교육여행, #김천녹색미래과학관, , , , , , , , , , , ","2025-03-17 12:53:23"
129,https://korean.visitkorea.or.kr/detail/ms_detail.do?cotid=15849437-9e89-4846-ae23-64f57563d6f3&big_category=A02&mid_category=A0201&big_area=2,거잠포선착장,"인천 중구","노을이 아름다운 선착장","#거잠포선착장, #관광지, #서해바다, #서해일출, #영종도, #용유도, #인천선착장","2025-03-17 12:53:23"
130,https://korean.visitkorea.or.kr/detail/ms_detail.do?cotid=5aa7bb04-a4bf-4c6e-9d5b-80093faae1ca&big_category=A02&mid_category=A0201&big_area=2,소래습지생태공원,"인천 남동구","동식물과 함께하는 도심의 휴식 공간","#2024_여행가는달과함께하는_발도장여행지, #가족과함께, #관광지, #바다풍경, , , , , , , , , , , ","2025-03-17 12:53:23"
131,https://korean.visitkorea.or.kr/detail/ms_detail.do?cotid=44e6324f-a9e0-4fdb-aaff-eb998dd91deb&big_category=A02&mid_category=A0201&big_area=2,국립인천해양박물관,"인천 중구","아름다운 월미도 바닷가에 자리 잡은 수도권 최초의 국립해양문화시설","#가볼래터, #국립해양박물관, #문화시설, #아이와함께, #여행구독, #월미도","2025-03-17 12:53:30"
132,https://korean.visitkorea.or.kr/detail/ms_detail.do?cotid=44147b6f-8ece-4d7e-baf7-10503631d6ef&big_category=A02&mid_category=A0201&big_area=2,남동25시야구센터,"인천 남동구","인천 실내 경식구 야구 배팅장","#남동25시야구센터, #레포츠, #배팅센터, #사회인야구, #스크린야구, #야구배팅센터, , , , , , , ","2025-03-17 12:53:30"
133,https://korean.visitkorea.or.kr/detail/ms_detail.do?cotid=57743a5d-54e7-4cf7-98f2-0fd24b59ba89&big_category=A02&mid_category=A0201&big_area=2,"희와래 커피로스터스","인천 강화군","강화도의 사계절 논 풍경을 바라볼 수 있는 비건 카페","#강화가볼만한곳, #강화맛집, #강화비건카페, #강화여행, #강화카페, #비건음식, , ","2025-03-17 12:53:30"
134,https://korean.visitkorea.or.kr/detail/ms_detail.do?cotid=f1d00ff8-ff47-40f8-b178-8a13742e1394&big_category=A02&mid_category=A0201&big_area=1,청운문학도서관,"서울 종로구","종로구 최초 한옥공공도서관","#가볼래터, #도서관, #독서공간, #독서교육, #독서여행, #문화공간, #문화시설, , , , , , ","2025-03-17 12:53:31"
135,https://korean.visitkorea.or.kr/detail/ms_detail.do?cotid=7167bdd4-4429-49e0-ab71-23745397a892&big_category=A02&mid_category=A0201&big_area=2,예단포둘레길,"인천 중구","여유롭게 산책하기 좋은 둘레길","#둘레길, #레포츠, #예단포둘레길, #인천, #인천트래킹","2025-03-17 12:53:31"
136,https://korean.visitkorea.or.kr/detail/ms_detail.do?cotid=cc008843-0630-4c73-810e-673043403ef8&big_category=A02&mid_category=A0201&big_area=35,석하한정식,"경북 경주시","경주 한정식 코스요리 맛집","#경주한정식, #경주한정식맛집, #경주한정식집, #맛집, #음식, #한정식","2025-03-17 12:53:31"
137,https://korean.visitkorea.or.kr/detail/ms_detail.do?cotid=bd3a8d9a-77dc-418c-8098-a383c6e374aa&big_category=A02&mid_category=A0201&big_area=2,"계양경기장 계양체육관","인천 계양구","배구 전문 실내경기장","#남녀노소, #레포츠, #생활스포츠, #스포츠, #스포츠센터, #실내스포츠, #실내체육관, , , ","2025-03-17 12:53:31"
138,https://korean.visitkorea.or.kr/detail/ms_detail.do?cotid=141818bf-4149-4438-a4d3-59b56740343a&big_category=A02&mid_category=A0201&big_area=31,"술지움 공유양조벤처센터","경기 가평군","술의 양조 설비와 제조 과정을 보고 배우며 체험 가능한 장소","#가평가볼만한곳, #가평양조장, #가평여행, #관광지, #술지움, #양조장, #양조체험, ","2025-03-17 12:53:31"
139,https://korean.visitkorea.or.kr/detail/ms_detail.do?cotid=6f3c3ab5-cb66-47c2-97aa-a3ef00aaa47d&big_category=A02&mid_category=A0201&big_area=1,북촌문화센터,"서울 종로구","북촌과 한국의 전통 주거문화에 대한 의미를 전하는 곳","#가족과함께, #가족여행, #문화시설, #북촌문화센터, #북촌안내센터, #서울여행, , , , , , , , ","2025-03-17 12:53:31"
140,https://korean.visitkorea.or.kr/detail/ms_detail.do?cotid=baada719-fa57-4c66-9439-1b728fd9118f&big_category=A02&mid_category=A0201&big_area=35,"영주 금성대군 신단","경북 영주시","세종대왕의 여섯째 아들, 금성대군의 넋을 기리는 곳","#경상권, #관광지, #사적, #역사, #역사공부, #역사관광지, #역사를품은곳, #역사문화재, , , , , , , ","2025-03-17 12:53:31"
141,https://korean.visitkorea.or.kr/detail/ms_detail.do?cotid=962ad08c-9c6b-4d2a-abfb-77251dc146dd&big_category=A02&mid_category=A0201&big_area=33,백마권역마을,"충북 괴산군","유럽풍 테마형 농촌체험휴양마을","#가족여행지, #가족체험, #관광지, #농촌, #농촌길, #농촌체험, #농촌체험마을, , , , , , , , , , ","2025-03-17 12:53:38"
142,https://korean.visitkorea.or.kr/detail/ms_detail.do?cotid=32b74b5b-c0b6-4b7c-8742-7c5819685e8c&big_category=A02&mid_category=A0201&big_area=2,계양산장미원,"인천 계양구","여유 있게 산책하면서 마음껏 꽃밭을 감상할 수 있는 장미 공원","#계양산장미꽃밭, #계양산장미원, #관광지, #인천가볼만한곳, #장미, #장미꽃명소, , ","2025-03-17 12:53:38"
143,https://korean.visitkorea.or.kr/detail/ms_detail.do?cotid=06d7abf3-5b38-44ea-ae78-1270206c33c1&big_category=A02&mid_category=A0201&big_area=2,효성공원,"인천 계양구","계양구민들의 건강을 책임지는 체육시설 및 공원","#계양구농구장, #계양구인조잔디축구장, #계양구축구장, #관광지, #효성공원, , ","2025-03-17 12:53:38"
144,https://korean.visitkorea.or.kr/detail/ms_detail.do?cotid=18ff8d5d-a3c0-49bd-9d97-97398f5fd5d5&big_category=A02&mid_category=A0201&big_area=35,강변공원,"경북 김천시","김천 지역민들의 여가생활 및 휴식을 위한 공간","#강변공원, #경북핑크뮬리, #관광지, #김천관광지, #김천사진맛집, #김천여행, ","2025-03-17 12:53:39"
145,https://korean.visitkorea.or.kr/detail/ms_detail.do?cotid=a05e84ea-6ec3-4f97-be6f-e1d95d7367e7&big_category=A02&mid_category=A0201&big_area=1,"다보성 갤러리","서울 종로구","민족문화 보존과 전승의 전당","#고미술갤러리, #고미술품, #기획전시, #남녀노소, #문화시설, #문화예술, #문화전시, , , , ","2025-03-17 12:53:39"
146,https://korean.visitkorea.or.kr/detail/ms_detail.do?cotid=1fa834a5-8cc2-4338-95e7-e012d6c14a4d&big_category=A02&mid_category=A0201&big_area=1,북촌박물관,"서울 종로구","전통문화를 향유하는 북촌박물관","#가족과함께, #고미술품, #공예품, #문화시설, #박물관, #북촌, #서울시, #아이와함께, , , , , , ","2025-03-17 12:53:39"
147,https://korean.visitkorea.or.kr/detail/ms_detail.do?cotid=4584381f-ec65-4b7c-af91-e6ab5717b574&big_category=A02&mid_category=A0201&big_area=2,상상플랫폼,"인천 중구","개항의 역사를 담아낸 복합문화 관광시설","#가볼래터, #문화시설, #복합문화시설, #상상플랫폼, #여행구독, #인천, #인천개항장, ","2025-03-17 12:53:39"
148,https://korean.visitkorea.or.kr/detail/ms_detail.do?cotid=d6b99d2c-0c67-4ca9-86f6-04288c521c91&big_category=A02&mid_category=A0201&big_area=35,"추억의 달동네","경북 경주시","7080 추억을 느낄 수 있는 공간","#경주관광, #경주여행, #문화시설, #세대공감, #응답하라7080, #추억여행, #추억의달동네","2025-03-17 12:53:39"
149,https://korean.visitkorea.or.kr/detail/ms_detail.do?cotid=597c98b8-6d39-4b5b-b5f0-a9c61cf71ac4&big_category=A02&mid_category=A0201&big_area=33,"계명산 자연휴양림","충북 충주시","산림욕을 즐길 수 있는 최적지","#가족여행, #걷기길, #계명산, #관광지, #자연, #충청권, #치유, #친구와함께, , ","2025-03-17 12:53:39"
150,https://korean.visitkorea.or.kr/detail/ms_detail.do?cotid=53c2f080-71cf-458a-a29a-51854c22a887&big_category=A02&mid_category=A0201&big_area=2,계양경기장,"인천 계양구","독특한 건축 외관의 계양구의 새로운 랜드마크","#계양경기장, #레포츠, #인천계양구, #종합경기장","2025-03-17 12:53:39"
151,https://korean.visitkorea.or.kr/detail/ms_detail.do?cotid=ce1dc6f7-0771-4c2f-9033-207aff8806a0&big_category=A02&mid_category=A0201&big_area=2,계산국민체육센터,"인천 계양구","체육공간과 함께 문화의 장을 만들어 가는 체육센터","#남녀노소, #레포츠, #복합스포츠, #생활스포츠, #스포츠센터, #스포츠체험, , , , , ","2025-03-17 12:53:47"
152,https://korean.visitkorea.or.kr/detail/ms_detail.do?cotid=4fe98db5-9562-4b8a-9b12-30e130901ed2&big_category=A02&mid_category=A0201&big_area=2,"르 스페이스","인천 중구","미지의 세계로 떠나는 여행","#문화시설, #미지의세계, #실내데이트, #이색문화시설, #전시관, #전시문화, ","2025-03-17 12:53:47"
153,https://korean.visitkorea.or.kr/detail/ms_detail.do?cotid=5e71496d-3de8-4648-a462-33e11eed207c&big_category=A02&mid_category=A0201&big_area=35,"달기약수탕 (청송 국가지질공원)","경북 청송군","약으로 알려진 물, 달기약수탕","#가족여행, #경상권, #관광지, #국가지질공원, #달기약수탕, #연중무휴, #자연, , , , , , , , , ","2025-03-17 12:53:47"
154,https://korean.visitkorea.or.kr/detail/ms_detail.do?cotid=cdc5bb89-d671-4a31-a9fe-0654ab3fd96d&big_category=A02&mid_category=A0201&big_area=2,메이드림,"인천 중구","카페와 전시, 공연까지 즐길 수 있는 공간","#을왕동, #음식, #인천, #인천베이커리카페, #인천카페","2025-03-17 12:53:47"
155,https://korean.visitkorea.or.kr/detail/ms_detail.do?cotid=24031657-74b6-4d8f-9137-fbb711d46c39&big_category=A02&mid_category=A0201&big_area=34,"서산동문동오층석탑 및 당간지주","충남 서산시","고려시대의 불교문화를 품은 석탑과 당간지주","#관광지, #역사, #역사공부, #역사관광지, #역사를품은곳, #역사문화재, #역사속, , , , , , ","2025-03-17 12:53:47"
156,https://korean.visitkorea.or.kr/detail/ms_detail.do?cotid=ecb56de0-f9c8-4719-b189-ad7faffa2831&big_category=A02&mid_category=A0201&big_area=34,중왕리수로,"충남 서산시","민물낚시 즐기면서 지친 일상에서 벗어나자 !","#경치여행, #경치좋은곳, #레포츠, #바다낚시, #서산바다, #서산시, #자연좋은곳, , , ","2025-03-17 12:53:47"
157,https://korean.visitkorea.or.kr/detail/ms_detail.do?cotid=d2342c91-0a91-4a70-825b-c1d2c2c639ca&big_category=A02&mid_category=A0201&big_area=2,경인아라뱃길귤현나루,"인천 계양구","서해와 한강을 잇는 김포의 자연친화적 휴식공간","#경인아라뱃길, #경인아라뱃길 귤현나루, #관광지, #귤현나루, #아라뱃길 전망대, , , , ","2025-03-17 12:53:47"
158,https://korean.visitkorea.or.kr/detail/ms_detail.do?cotid=9c3a086b-c69a-49f0-923d-9f3acb466cff&big_category=A02&mid_category=A0201&big_area=33,"카페 산(CAFE SANN)","충북 단양군","산 정상에서 바라보는 풍경이 일품인 카페","#SNS감성사진, #가볼래터, #감성사진, #경치여행, #경치좋은곳, #단양여행, , , , , , , , , ","2025-03-17 12:53:47"
159,https://korean.visitkorea.or.kr/detail/ms_detail.do?cotid=d1a53f20-9ff9-40fd-b435-f2cb02479ae9&big_category=A02&mid_category=A0201&big_area=2,CK뉴욕바닷가재,"인천 계양구","가족들과 방문하기 좋은 바닷가재 요리 전문점","#가재맛집, #랍스타, #맛집, #바닷가재, #음식, #인천, #인천맛집","2025-03-17 12:53:47"
160,https://korean.visitkorea.or.kr/detail/ms_detail.do?cotid=d36c9322-ee69-4bae-9950-0b49b0c14fd7&big_category=A02&mid_category=A0201&big_area=2,동양염전베이커리카페,"인천 중구","소금창고를 형상화하고 방송 스튜디오 컨셉으로 지어진 카페","#베이커리, #베이커리카페, #소금빵, #음식, #음식점, #인천, #중구","2025-03-17 12:53:47"
161,https://korean.visitkorea.or.kr/detail/ms_detail.do?cotid=945ab40c-e0f4-45be-b65a-9dbb0424a10b&big_category=A02&mid_category=A0201&big_area=1,윤동주문학관,"서울 종로구","윤동주의 발자취와 세상을 향한 그의 시선","#대한민국 공공건축상, #문학기념관, #문학전시관, #문화시설, #민족시인, #별헤는밤, , , , , ","2025-03-17 12:53:54"
162,https://korean.visitkorea.or.kr/detail/ms_detail.do?cotid=efe9590a-a0ef-48d2-98c3-8959f5cded5b&big_category=A02&mid_category=A0201&big_area=35,"주산지(청송 국가지질공원)","경북 청송군","사계절 아름다운 경치와 자연 속의 조화로움","#2024_여행가는달과함께하는_발도장여행지, #23_24한국관광100선, #25_26한국관광100선, , , , , , , , , , , , , , , , , , , , , , , ","2025-03-17 12:53:55"
163,https://korean.visitkorea.or.kr/detail/ms_detail.do?cotid=7d6d834b-7340-4630-9cf4-54ca91c31f97&big_category=A02&mid_category=A0201&big_area=2,계양꽃마루,"인천 계양구","드넓게 펼쳐진 대규모 초화단지","#2024_여행가는달과함께하는_발도장여행지, #계양꽃마루, #관광지, #꽃구경, , ","2025-03-17 12:53:55"
164,https://korean.visitkorea.or.kr/detail/ms_detail.do?cotid=96396da9-a45b-4869-b25d-0d7b05097de5&big_category=A02&mid_category=A0201&big_area=2,계양공원,"인천 계양구","자연 속에서 휴식하기 좋은 곳","#걷기길, #계양공원, #관광지, #당일치기여행, #등산, #등산로, #서울근교여행, , , , , , , ","2025-03-17 12:53:55"
165,https://korean.visitkorea.or.kr/detail/ms_detail.do?cotid=5fbb2188-08be-4736-8098-cc8bdd430fd3&big_category=A02&mid_category=A0201&big_area=35,하트해변,"경북 울진군","울진에 있는 하트 모양의 해변","#관광지, #울진드라마촬영지, #울진산책, #울진여행, #울진포토존, #폭풍속으로, ","2025-03-17 12:53:55"
166,https://korean.visitkorea.or.kr/detail/ms_detail.do?cotid=e76f0aca-aea7-4c0b-aa4b-9b86a249b23c&big_category=A02&mid_category=A0201&big_area=1,푸투라서울,"서울 종로구","과거를 존중하며 예술의 미래를 담는 북촌의 예술공간","#문화시설, #미술관, #북촌, #서울가볼만한곳","2025-03-17 12:53:55"
167,https://korean.visitkorea.or.kr/detail/ms_detail.do?cotid=68e63072-8762-44a4-8f22-4eed8999cadc&big_category=A02&mid_category=A0201&big_area=33,게으른악어,"충북 충주시","충주호와 월악산을 한눈에 볼 수 있는 충주 카페","#디저트맛집, #음식, #충북권, #충주가볼만한곳, #충주카페, #충주호, #충청북도_여행지_추천","2025-03-17 12:53:55"
168,https://korean.visitkorea.or.kr/detail/ms_detail.do?cotid=e33af83c-8312-4720-a2d5-86612bbba561&big_category=A02&mid_category=A0201&big_area=2,계양산성박물관,"인천 계양구","계양의 유구한 역사와 문화를 알리는 공간",#문화시설,"2025-03-17 12:53:55"
169,https://korean.visitkorea.or.kr/detail/ms_detail.do?cotid=4db5a41b-4b58-4368-bacd-751ea9093373&big_category=A02&mid_category=A0201&big_area=34,"광천장 (4, 9일)","충남 홍성군","홍성의 특산물인 광천 새우젓을 만나볼 수 있는 곳","#가족여행, #광천장, #비와도즐거운_지붕있는시장, #사계절, #쇼핑, #시장맛집, , , , , , , , ","2025-03-17 12:53:55"
170,https://korean.visitkorea.or.kr/detail/ms_detail.do?cotid=201ad031-0714-4006-bc70-bc5685b629ef&big_category=A02&mid_category=A0201&big_area=2,"아트팩토리 참기름","인천 강화군","강화도에서 만나는 예술의 새로운 물결","#가볼래터, #강화군, #문화, #문화시설, #미디어아트, #아트팩토리, #여행구독, , ","2025-03-17 12:53:55"
171,https://korean.visitkorea.or.kr/detail/ms_detail.do?cotid=b028ccb3-548d-4387-bd88-62390d1752b0&big_category=A02&mid_category=A0201&big_area=34,국립공주박물관,"충남 공주시","백제의 문화를 바라보다","#가족과함께, #교과서속여행, #기차여행, #문화시설, #미세먼지_피하는_실내여행, , , , , , , , , , , , , ","2025-03-17 12:54:02"
172,https://korean.visitkorea.or.kr/detail/ms_detail.do?cotid=88ba3a88-22c2-4d82-80a0-99849d7c6159&big_category=A02&mid_category=A0201&big_area=1,하마씨어터,"서울 종로구","대학로 연극과 뮤지컬의 중심, 하마씨어터","#공연장, #극장, #대학로, #대학로공연, #문화시설","2025-03-17 12:54:02"
173,https://korean.visitkorea.or.kr/detail/ms_detail.do?cotid=cb04b532-3b8e-4750-b40d-f119a58e14e1&big_category=A02&mid_category=A0201&big_area=2,충남서산집,"인천 강화군","싱싱하고 살이 꽉 찬 꽃게탕과 꽃게찜이 유명한 충남서산집","#간장게장, #꽃게찜, #꽃게탕, #맛집, #분위기_좋은가족식사_추천정성가득, ","2025-03-17 12:54:03"
174,https://korean.visitkorea.or.kr/detail/ms_detail.do?cotid=cfa37b45-2941-4150-bd80-5a372204604a&big_category=A02&mid_category=A0201&big_area=2,"덕적도 능동자갈마당","인천 옹진군","크고 작은 자갈과 멋진 풍광이 어우러진 해변","#관광지, #자연관광지, #자연발생, #자연여행, #자연좋은곳, #자연풍경, #자연환경, , , , ","2025-03-17 12:54:03"
175,https://korean.visitkorea.or.kr/detail/ms_detail.do?cotid=498c1831-4ec3-436a-8fe7-7360e5f6d955&big_category=A02&mid_category=A0201&big_area=1,"인왕산 숲속쉼터","서울 종로구","인왕산 숲 속에서 잠시 쉬어가는 곳","#가볼래터, #가볼만한곳, #도서관, #등산, #등산코스, #문화시설, #서울, #서울권, , , , , , , , ","2025-03-17 12:54:03"
176,https://korean.visitkorea.or.kr/detail/ms_detail.do?cotid=7ef8c0c2-27e6-4042-8220-cb8d9b0a905e&big_category=A02&mid_category=A0201&big_area=34,"홍성 홍주의사총","충남 홍성군","일본군과 싸우다 희생된 분들의 유해를 모신 곳","#관광지, #역사, #역사공부, #역사관광지, #역사를품은곳, #역사속으로, #역사여행, , , , ","2025-03-17 12:54:03"
177,https://korean.visitkorea.or.kr/detail/ms_detail.do?cotid=c953048b-06bb-4d2c-8033-07c31b5bf75e&big_category=A02&mid_category=A0201&big_area=35,개실마을,"경북 고령군","대가야의 역사와 체험이 있는 농촌여행","#가족여행, #가족이색체험, #가족체험, #경상권, #고령개실마을, #관광지, #농촌체험, , , , , , , , , , , , , , ","2025-03-17 12:54:03"
178,https://korean.visitkorea.or.kr/detail/ms_detail.do?cotid=7ac7625e-77aa-4014-8a44-81e72c7a025e&big_category=A02&mid_category=A0201&big_area=34,"아산 맹씨 행단(맹사성 고택)","충남 아산시","조선 전기의 청백리 맹사성의 가족이 살던 집","#고택, #관광지, #맹사성고택, #사적, #역사, #역사공부, #역사를품은곳, #역사속, , , , , , , ","2025-03-17 12:54:03"
179,https://korean.visitkorea.or.kr/detail/ms_detail.do?cotid=6b4464f6-1727-4895-8922-67ab1df64466&big_category=A02&mid_category=A0201&big_area=2,일미민물장어,"인천 강화군","싱싱한 장어의 맛을 느껴보자!","#가을보양식, #강화군, #맛집, #보양식, #음식, #장어, #장어구이, #장어구이, , , ","2025-03-17 12:54:03"
180,https://korean.visitkorea.or.kr/detail/ms_detail.do?cotid=7a380e87-aa80-4783-b290-8dcd6c9932d4&big_category=A02&mid_category=A0201&big_area=2,"영암어촌계 체험장","인천 옹진군","오감만족 즐기는 여행","#갯벌체험, #관광지, #섬여행, #영흥도, #옹진바다여행, #인천가볼만한곳, #인천가족여행, ","2025-03-17 12:54:03"
181,https://korean.visitkorea.or.kr/detail/ms_detail.do?cotid=d1fce84e-9064-4b2d-af6a-ce584a3a562f&big_category=A02&mid_category=A0201&big_area=34,여미갤러리,"충남 서산시","편안한 마음으로 휴식할 수 있는 공간","#공예체험, #남녀노소, #독서여행, #문화공간, #문화시설, #연인과함께, #열린문화공간, , , , , , , ","2025-03-17 12:54:10"
182,https://korean.visitkorea.or.kr/detail/ms_detail.do?cotid=b1b961ef-c78f-45eb-bc65-799bb0fc9daa&big_category=A02&mid_category=A0201&big_area=1,"서울아트센터 도암홀·도암갤러리","서울 종로구","다양한 예술 경험을 제공하는 공간","#도암갤러리, #도암홀, #문화시설, #서울아트센터, #전시, #친구와함께","2025-03-17 12:54:10"
183,https://korean.visitkorea.or.kr/detail/ms_detail.do?cotid=da2be735-836e-4568-b402-c4bc42dde9ce&big_category=A02&mid_category=A0201&big_area=2,"덕적도 비조봉","인천 옹진군","울창한 적송림과 평화로운 분위기를 느낄 수 있는 곳","#경치여행, #경치좋은곳, #관광지, #자연관광지, #자연발생, #자연속으로, #자연여행, , , ","2025-03-17 12:54:10"
184,https://korean.visitkorea.or.kr/detail/ms_detail.do?cotid=7471ceae-ad90-48f2-a7e3-a9dcb81903d5&big_category=A02&mid_category=A0201&big_area=2,통일사,"인천 옹진군","남북 통일을 염원하는 사찰","#관광지, #불교, #불교문화, #사찰, #사찰여행, #역사이야기, #자연환경, #전통사찰, , , , ","2025-03-17 12:54:11"
185,https://korean.visitkorea.or.kr/detail/ms_detail.do?cotid=4de8d241-2ea5-4fcd-861f-2669bbbdf3aa&big_category=A02&mid_category=A0201&big_area=34,"부여 송국리 유적","충남 부여군","청동기 시대의 생활상을 보여주다","#관광지, #역사, #역사공부, #역사관광지, #역사를품은곳, #역사속, #역사속으로, , , , , , ","2025-03-17 12:54:11"
186,https://korean.visitkorea.or.kr/detail/ms_detail.do?cotid=ffb9810c-6543-4f8c-a967-7debff0d5f51&big_category=A02&mid_category=A0201&big_area=35,"경주 동궁원","경북 경주시","동궁식물원과 농업체험공간, 버드파크까지!","#가족과함께, #가족체험, #경주버드파크, #경주여행, #관광지, #동물원, #식물원, , , , , , , ","2025-03-17 12:54:11"
187,https://korean.visitkorea.or.kr/detail/ms_detail.do?cotid=07455d30-16fc-4527-95d0-71385b9d07f0&big_category=A02&mid_category=A0201&big_area=2,삼신할미약수터,"인천 옹진군","역사와 문화의 만남","#DMZ, #DMZ여행, #관광지, #대이작도, #바다여행, #삼신할미약수터, #섬캉스, , , ","2025-03-17 12:54:11"
188,https://korean.visitkorea.or.kr/detail/ms_detail.do?cotid=a21f9e40-2a93-4579-9a44-3724345af4ab&big_category=A02&mid_category=A0201&big_area=2,벨팡,"인천 강화군","우리 밀로 만드는 건강한 베이커리","#강화맛집, #맛집, #베이커리, #빵집, #음식, #인천맛집, #인천빵집, #호밀빵","2025-03-17 12:54:11"
189,https://korean.visitkorea.or.kr/detail/ms_detail.do?cotid=776da5e3-ec19-4467-878d-ee6f01abbac4&big_category=A02&mid_category=A0201&big_area=31,한마당,"경기 광주시","한식 코스요리 전문점 한마당","#가족과함께, #건강, #건강식, #건강식맛집, #부모님과함께, #음식, #음식점, , , , , ","2025-03-17 12:54:11"
190,https://korean.visitkorea.or.kr/detail/ms_detail.do?cotid=556c24c7-9fca-4eaf-8d66-0113fac8d3bb&big_category=A02&mid_category=A0201&big_area=33,청송통닭,"충북 청주시","옛날 방식 그대로의 통닭 맛집","#맛집, #보양식, #삼계탕, #음식, #청주맛집, #청주시, #통닭","2025-03-17 12:54:11"
191,https://korean.visitkorea.or.kr/detail/ms_detail.do?cotid=58211875-c384-4f98-81cd-d73514cb81c4&big_category=A02&mid_category=A0201&big_area=1,한지가헌,"서울 종로구","한지에 대한 모든 것, 한지문화홍보관","#문화시설, #안국역전시관, #안국역전시관, #종로전시관, #종로전시관, #한지, , , , , ","2025-03-17 12:54:18"
192,https://korean.visitkorea.or.kr/detail/ms_detail.do?cotid=e3f4aab6-4033-4d1d-96aa-7e9f011a2594&big_category=A02&mid_category=A0201&big_area=2,소이작도,"인천 옹진군","해적이 은거한 섬","#2023찾아가고싶은섬, #2023찾아가고싶은섬_여름섬, #가족여행, #관광지, , , , ","2025-03-17 12:54:18"
193,https://korean.visitkorea.or.kr/detail/ms_detail.do?cotid=7b41a78b-6c63-4c70-98b2-a573b708507f&big_category=A02&mid_category=A0201&big_area=33,"농민쉐프의묵은지화련(구 웰빙촌묵은지)","충북 진천군","3년간 발효시킨 묵은지를 활용한 음식","#맛집, #묵은지, #식객허영만의백반기행, #음식, #진천군, #진천맛집, #한식","2025-03-17 12:54:19"
194,https://korean.visitkorea.or.kr/detail/ms_detail.do?cotid=bda840f9-79e8-4a88-a949-76aa2efa3661&big_category=A02&mid_category=A0201&big_area=2,야콘냉면본가집,"인천 강화군","깊은 맛이 일품인 야콘냉면 전문점","#강화맛집, #남녀노소, #냉면, #냉면맛집, #맛집, #야콘, #야콘냉면, #야콘만두, , ","2025-03-17 12:54:19"
195,https://korean.visitkorea.or.kr/detail/ms_detail.do?cotid=88d6926d-60d9-4e38-9a65-c4a5d9e02441&big_category=A02&mid_category=A0201&big_area=2,자월도,"인천 옹진군","하늘도 억울함을 알아주는 섬","#DMZ, #DMZ여행, #관광지, #옹진가족여행, #옹진바다여행, #인천가볼만한곳, , , , ","2025-03-17 12:54:19"
196,https://korean.visitkorea.or.kr/detail/ms_detail.do?cotid=b9510f83-ee79-4141-a033-f6a857aa5e7a&big_category=A02&mid_category=A0201&big_area=2,토담마을,"인천 강화군","초가지붕밑, 맛있는 한식","#강화군, #꽃게탕, #낙지볶음_정식, #도토리묵무침, #맛집, #밴댕이회무침, #밴댕이회무침_정식, , , ","2025-03-17 12:54:19"
197,https://korean.visitkorea.or.kr/detail/ms_detail.do?cotid=10666b77-e4ee-40ca-b387-683066034dc8&big_category=A02&mid_category=A0201&big_area=35,나아해변,"경북 경주시","차박과 캠핑하기 좋은 아름다운 해변","#경주낚시, #경주여행, #경주캠핑, #경주해변, #관광지, #나아해변","2025-03-17 12:54:19"
198,https://korean.visitkorea.or.kr/detail/ms_detail.do?cotid=2520207e-9837-46fd-a77e-f75be79045e2&big_category=A02&mid_category=A0201&big_area=33,산마루,"충북 제천시","분위기 좋은 곳에서 한 끼 든든하게 챙길 수 있는 식당","#가족과함께, #곤드레, #곤드레나물밥, #떡갈비, #맛집, #영양돌솥밥, #음식, , , , , ","2025-03-17 12:54:19"
199,https://korean.visitkorea.or.kr/detail/ms_detail.do?cotid=3fa2227c-df8d-49cb-8440-be2e48770689&big_category=A02&mid_category=A0201&big_area=2,소청도,"인천 옹진군","해안선을 따라 기암괴석을 볼 수 있고 바다낚시가 가능한 섬","#경치좋은곳, #관광지, #바다낚시, #바다풍경, #서울근교여행, #섬, #소청도, , , , ","2025-03-17 12:54:19"
200,https://korean.visitkorea.or.kr/detail/ms_detail.do?cotid=b0d9ebb5-40a0-4301-8699-4785c0e6694d&big_category=A02&mid_category=A0201&big_area=31,천진암계곡,"경기 광주시","한국 천주교 발상지로 알려진 천진암 길목에 있는 계곡","#경기광주계곡, #경기광주천진암계곡, #관광지, #서울근교계곡, #천진암계곡, ","2025-03-17 12:54:19"
201,https://korean.visitkorea.or.kr/detail/ms_detail.do?cotid=1cb90876-96d0-4f1b-93d0-8e4e3b030def&big_category=A02&mid_category=A0201&big_area=33,"중앙탑 장수네집","충북 충주시","건강한 재료로만 요리하는 오리 전문점","#맛집, #연중무휴, #오리누룽지백숙, #오리매운주물럭, #음식, #중앙탑장수네집, ","2025-03-17 12:54:26"
202,https://korean.visitkorea.or.kr/detail/ms_detail.do?cotid=5b8dbbed-1306-48c5-b088-bc42da4e0b91&big_category=A02&mid_category=A0201&big_area=35,도선굴,"경북 구미시","도선 대사가 도를 깨우쳤다고 전해지는 장소","#경북권, #경상북도_여행지_추천, #관광지, #구미가볼만한곳, #도선대사, #동굴","2025-03-17 12:54:26"
203,https://korean.visitkorea.or.kr/detail/ms_detail.do?cotid=85b62c06-fe37-405e-b780-cf9c86a230ba&big_category=A02&mid_category=A0201&big_area=34,선촌항,"충남 보령시","빨간 등대 아래 방파제에서 즐기는 우럭낚시","#관광지, #보령낚시, #보령데이트코스, #보령산책, #보령시, #보령여행, #보령항구","2025-03-17 12:54:26"
204,https://korean.visitkorea.or.kr/detail/ms_detail.do?cotid=c700f27e-9f65-4859-b3ad-367459720d0c&big_category=A02&mid_category=A0201&big_area=35,구미에코랜드,"경북 구미시","나무 곰이 반겨주는 구미 에코랜드","#가족여행, #가족체험여행, #걷기길, #경상권, #관광지, #구미에코랜드, #복합문화공간, , , , , , , , ","2025-03-17 12:54:27"
205,https://korean.visitkorea.or.kr/detail/ms_detail.do?cotid=13f8466e-4da0-41d6-b73b-6097540fcc3d&big_category=A02&mid_category=A0201&big_area=2,"강화 사기리 탱자나무","인천 강화군","외적의 침입에 대비하여 심은 탱자나무","#강화사기리탱자나무, #강화탱자나무, #관광지, #수도권, #인천사기리탱자나무, , , ","2025-03-17 12:54:27"
206,https://korean.visitkorea.or.kr/detail/ms_detail.do?cotid=42e1ba17-6dc5-469f-99d7-e432931f2bea&big_category=A02&mid_category=A0201&big_area=2,"신시모도 (신도ㆍ시도ㆍ모도)","인천 옹진군","색다른 매력의 사이좋은 삼형제섬","#가족여행, #경치좋은곳, #관광지, #등산로, #모도, #바다풍경, #봄꽃여행, #섬, , , , , , , ","2025-03-17 12:54:27"
207,https://korean.visitkorea.or.kr/detail/ms_detail.do?cotid=11f57916-5105-4b25-9db2-6d85e4d42f88&big_category=A02&mid_category=A0201&big_area=34,삼성식당,"충남 서천군","오랜 전통을 이어가는 소문난 냉면 맛집","#남녀노소, #냉면, #냉면, #냉면맛집, #맛집, #물냉면, #비빔냉면, #삼성식당, , , , , ","2025-03-17 12:54:27"
208,https://korean.visitkorea.or.kr/detail/ms_detail.do?cotid=51305808-101a-4d1a-b7e7-1e71fd276051&big_category=A02&mid_category=A0201&big_area=33,송호리송림,"충북 영동군","양산팔경의 중심, 송호리송림","#가볼만한곳, #관광지, #국민관광지, #소나무숲, #양산팔경, #영동군, #영동여행, ","2025-03-17 12:54:27"
209,https://korean.visitkorea.or.kr/detail/ms_detail.do?cotid=36ec5b68-096d-4d95-912f-5220b0fafff7&big_category=A02&mid_category=A0201&big_area=2,토가,"인천 강화군","토속적인 인테리어와 진하고 깊은 맛","#두부김치, #두부돼지고기전골, #맛집, #손순두부, #순두부새우젓찌개, #음식","2025-03-17 12:54:27"
210,https://korean.visitkorea.or.kr/detail/ms_detail.do?cotid=085b2450-0a0c-47f2-a7fe-31f08cfe777a&big_category=A02&mid_category=A0201&big_area=33,제천향교,"충북 제천시","제천지방민의 교육을 위해 지은 교육기관","#관광지, #문화재, #역사, #역사공부, #역사관광지, #역사를품은곳, #역사문화재, , , , , , , , , , , ","2025-03-17 12:54:27"
211,https://korean.visitkorea.or.kr/detail/ms_detail.do?cotid=3cabaafc-944d-4a65-adf9-eb4191381423&big_category=A02&mid_category=A0201&big_area=35,금관총,"경북 경주시","화려한 신라의 금관과 유물이 출토된 고분","#관광지, #역사, #역사공부, #역사관광지, #역사를품은곳, #역사문화재, #역사속, , , , , , , ","2025-03-17 12:54:34"
212,https://korean.visitkorea.or.kr/detail/ms_detail.do?cotid=3fddfbf4-7b35-45b6-86c8-a0ebe7399671&big_category=A02&mid_category=A0201&big_area=31,정충묘,"경기 광주시","병자호란 당시 순국한 장군들의 넋을 기리는 곳","#경기광주정충묘, #관광지, #병자호란, #역사, #역사관광지, #역사를품은곳, , , , , , , , , , ","2025-03-17 12:54:34"
213,https://korean.visitkorea.or.kr/detail/ms_detail.do?cotid=275474f6-667c-4fab-b320-178354891e5c&big_category=A02&mid_category=A0201&big_area=2,굴업도,"인천 옹진군","백패킹의 성지 한국의 갈라파고스","#경치좋은곳, #관광지, #굴업도, #서울근교여행, #수도권, #자연","2025-03-17 12:54:34"
214,https://korean.visitkorea.or.kr/detail/ms_detail.do?cotid=dd81d128-7aa8-4b3f-b12c-a82b8015a2a6&big_category=A02&mid_category=A0201&big_area=33,"용추폭포 유리전망대","충북 제천시","폭포 위를 산책하는 듯한 아찔함을 느낄 수 있는 전망대","#경치여행, #경치좋은곳, #관광지, #산책하기좋은곳, #아이와함께, #연인과함께, , , , , , ","2025-03-17 12:54:34"
215,https://korean.visitkorea.or.kr/detail/ms_detail.do?cotid=b3db5009-10e2-4491-91ae-b98a1a29dd8e&big_category=A02&mid_category=A0201&big_area=1,"팜 시티","서울 종로구","경희궁지 최초 디지털 유원지","#디지털놀이공간, #문화시설, #서울가볼만한곳, #서울종로구, #옛경희궁, #이색문화시설","2025-03-17 12:54:35"
216,https://korean.visitkorea.or.kr/detail/ms_detail.do?cotid=a8f7df85-1bbb-44db-a384-2e8cb06bad0e&big_category=A02&mid_category=A0201&big_area=35,"고령 대가야유적지","경북 고령군","대가야국의 문화와 역사를 만날 수 있는 곳","#고령가볼만한곳, #관광지, #대갸아유적지, #역사, #역사체험, #유적지","2025-03-17 12:54:35"
217,https://korean.visitkorea.or.kr/detail/ms_detail.do?cotid=0124ff66-53e6-43f0-abbb-2ee15180eefc&big_category=A02&mid_category=A0201&big_area=31,리숨두부,"경기 광주시","숨쉬는 두부의 느린 멋과 맛을 대접하는 곳","#경기도, #경기도맛집, #손두부, #음식, #한식","2025-03-17 12:54:35"
218,https://korean.visitkorea.or.kr/detail/ms_detail.do?cotid=6f5f3163-462c-46eb-8c28-1fecfbf0a237&big_category=A02&mid_category=A0201&big_area=35,신라식물원,"경북 예천군","싱그러운 자연과 따뜻한 정이 머무는 곳!","#가족과함께, #건강한요리, #건강한음식, #맛집, #예천맛집, #음식, #한식, #한식당, , , ","2025-03-17 12:54:35"
219,https://korean.visitkorea.or.kr/detail/ms_detail.do?cotid=dd727570-a10d-4545-8de5-3d7cbbf263c6&big_category=A02&mid_category=A0201&big_area=1,"뮤지엄한미 삼청","서울 종로구","국내 최초 사진전문 미술관","#당일치기여행, #데이트장소, #문화공간, #문화시설, #사진전시관, #사진전시회, , , ","2025-03-17 12:54:35"
220,https://korean.visitkorea.or.kr/detail/ms_detail.do?cotid=a5ce2eb2-689d-4386-a33f-fa3e9e4f8686&big_category=A02&mid_category=A0201&big_area=2,"길상공설시장 (4일, 9일)","인천 강화군","역사의 숨결이 있는 시장","#가족여행, #길상공설시장, #사계절, #쇼핑, #수도권, #아이와함께, #이색체험, , , , ","2025-03-17 12:54:35"
221,https://korean.visitkorea.or.kr/detail/ms_detail.do?cotid=5d3c7bd2-cd99-4465-9a6e-e1b61edd5533&big_category=A02&mid_category=A0201&big_area=35,"고령 장기리 암각화","경북 고령군","선사시대의 신앙과 생활상을 생생하게 표현한 그림","#경상권, #고령장기리암각화, #관광지, #보물, #역사, #역사공부, #역사관광지, , , , , , , , , , ","2025-03-17 12:54:42"
222,https://korean.visitkorea.or.kr/detail/ms_detail.do?cotid=89c0a3d8-b928-4b7f-a9dd-a30fa1324990&big_category=A02&mid_category=A0201&big_area=2,후애돈대,"인천 강화군","외침으로부터 강화를 지켜내던 진지","#관광지, #역사, #역사공부, #역사관광지, #역사를품은곳, #역사문화재, #역사속, , , , , , ","2025-03-17 12:54:42"
223,https://korean.visitkorea.or.kr/detail/ms_detail.do?cotid=6bc5dcd3-b3d7-45e5-8d3b-8b2f65e18411&big_category=A02&mid_category=A0201&big_area=34,"불당동 유적공원 (선사유적지 공원)","충남 천안시","도심 속 청동기 마을","#관광지, #산책하기좋은곳, #천안공원, #천안데이트코스, #천안산책, #천안여행, ","2025-03-17 12:54:42"
224,https://korean.visitkorea.or.kr/detail/ms_detail.do?cotid=c9b61b18-8976-404f-a03d-0be3bcbe188d&big_category=A02&mid_category=A0201&big_area=32,"영월 박가네","강원 영월군","지역특산물인 어수리 나물밥을 맛볼 수 있는 곳","#맛집, #영월맛집, #음식, #한식당맛집, #한식맛집","2025-03-17 12:54:42"
225,https://korean.visitkorea.or.kr/detail/ms_detail.do?cotid=9de2bea3-a065-46ba-88a2-56277e679930&big_category=A02&mid_category=A0201&big_area=35,바다조개굽는집,"경북 구미시","조개구이 전문점","#가리비, #대하, #대합, #동죽, #맛집, #모둠조개, #백합, #음식, #키조개","2025-03-17 12:54:42"
226,https://korean.visitkorea.or.kr/detail/ms_detail.do?cotid=56661454-b6b1-41ef-a8ff-f2724d3df810&big_category=A02&mid_category=A0201&big_area=2,국화지낚시터,"인천 강화군","맑은 물에서 즐겨보는 낚시","#가족과함께, #강화읍, #국화지낚시터, #낚시, #레포츠","2025-03-17 12:54:43"
227,https://korean.visitkorea.or.kr/detail/ms_detail.do?cotid=f2bbbd4d-bec5-4701-a814-e0a92f2d88fe&big_category=A02&mid_category=A0201&big_area=39,"켄싱턴리조트 제주중문","제주 서귀포시","아름다운 바다를 마주 보며 힐링할 수 있는 곳","#리조트, #바닷가숙소, #숙박, #제주, #제주숙소, #켄싱턴리조트","2025-03-17 12:54:43"
228,https://korean.visitkorea.or.kr/detail/ms_detail.do?cotid=8d334374-409e-434c-82bb-80ac28e7acdf&big_category=A02&mid_category=A0201&big_area=35,"경주 풍력발전(바람의언덕)","경북 경주시","낭만이 가득한 노을을 감상할 수 있는 곳","#관광지, #바람의언덕, #산업관광, #산업관광지, #친환경에너지, #풍력발전단지","2025-03-17 12:54:43"
229,https://korean.visitkorea.or.kr/detail/ms_detail.do?cotid=0e8eaa86-f9d3-4185-b4ae-380b2f6c7568&big_category=A02&mid_category=A0201&big_area=32,동대산식당,"강원 평창군","지역 특산물을 활용한 평창 오대산 맛집","#동대산식당, #맛집, #산채비빔밥, #산채정식, #산채정식, #음식, #음식점, #평창맛집, , , , , ","2025-03-17 12:54:43"
230,https://korean.visitkorea.or.kr/detail/ms_detail.do?cotid=ae26154f-2390-42e3-8e05-4a836e6c8e81&big_category=A02&mid_category=A0201&big_area=2,"[강화 나들길 제2코스] 호국돈대길","인천 강화군","자연과 문화재를 함께 즐기며 걸을 수 있는 길","#강화나들길, #걷기길, #경치좋은곳, #레포츠, #산책길, #산책하기, #산책하기좋은곳, , , , , , , , , ","2025-03-17 12:54:43"
231,https://korean.visitkorea.or.kr/detail/ms_detail.do?cotid=fa9ff33e-eb1e-43c7-afe2-1405f1f678d7&big_category=A02&mid_category=A0201&big_area=35,관광역사공원,"경북 경주시","보문호의 풍경을 감상할 수 있는 선덕여왕공원","#경주벚꽃, #경주여행, #경주핑크뮬리, #관광지, #보문호, #선덕여왕공원","2025-03-17 12:54:50"
232,https://korean.visitkorea.or.kr/detail/ms_detail.do?cotid=4f385b5d-3d32-4e4a-83c8-9179bf49b12d&big_category=A02&mid_category=A0201&big_area=34,서천국민체육센터,"충남 서천군","서천군민의 건강한 체육 생활을 위한 공간","#레포츠, #서천, #서천국민체육센터, #서천시, #체육, #체육센터, #풋살장","2025-03-17 12:54:50"
233,https://korean.visitkorea.or.kr/detail/ms_detail.do?cotid=372dfb14-8a39-4a7c-9280-0969929cbb35&big_category=A02&mid_category=A0201&big_area=1,"제3의 시간","서울 종로구","어린이, 청소년이 탐색하고 표현하는 도서관","#문화공간, #문화시설, #서울_여행지_추천, #서울가볼만한곳, #서울도서관, , , , , , , ","2025-03-17 12:54:50"
234,https://korean.visitkorea.or.kr/detail/ms_detail.do?cotid=f4f71d9a-176e-45ec-b3ea-56c20e2579e2&big_category=A02&mid_category=A0201&big_area=2,오읍약수터,"인천 강화군","하늘에서 내려주었다는 약수","#강화가볼만한곳, #관광지, #약수터, #오읍약수터, #자연","2025-03-17 12:54:50"
235,https://korean.visitkorea.or.kr/detail/ms_detail.do?cotid=35db8066-352c-47cc-8a6f-21f81b302b12&big_category=A02&mid_category=A0201&big_area=35,분황사청보리밭,"경북 경주시","일제강점기의 비극적인 역사를 간직한 공간","#경북권, #경주가볼만한곳, #관광지, #분황사, #청보리밭, #황룡사지","2025-03-17 12:54:50"
236,https://korean.visitkorea.or.kr/detail/ms_detail.do?cotid=196176e0-b687-4174-9137-04d82c574ba2&big_category=A02&mid_category=A0201&big_area=2,"난정리 전망대","인천 강화군","교동도의 아름다운 풍경을 조망할 수 있는 곳","#강화전망대, #강화팔각정, #관광지, #난정리전망대, #망원경, #반려동물, #반려동물동반여행지, , , , ","2025-03-17 12:54:50"
237,https://korean.visitkorea.or.kr/detail/ms_detail.do?cotid=98697243-95a5-4b32-b0fa-b5d0b4d63a1d&big_category=A02&mid_category=A0201&big_area=35,애플빈커피,"경북 영주시","영주사과로 만든 애플파이를 맛볼 수 있는 카페","#남녀노소, #맛집, #애플파이, #영주사과, #영주여행, #영주카페, #음식, #휴식공간, , ","2025-03-17 12:54:51"
238,https://korean.visitkorea.or.kr/detail/ms_detail.do?cotid=bab04d04-5ee9-4a14-a370-67e0b5ffb8e6&big_category=A02&mid_category=A0201&big_area=32,원조태성실비식당,"강원 태백시","태백의 한우구이 전문점","#고기맛집, #맛집, #음식, #태백, #태백맛집","2025-03-17 12:54:51"
239,https://korean.visitkorea.or.kr/detail/ms_detail.do?cotid=23b0e0d6-bdee-4bc4-8d7f-a3add9d0af12&big_category=A02&mid_category=A0201&big_area=2,대청도,"인천 옹진군","청정해역과 천혜의 관광자원을 보유한 섬","#2022찾아가고싶은섬, #2022찾아가고싶은섬_여름섬, #23_24한국관광100선, , , , , , , , , , , , ","2025-03-17 12:54:51"
240,https://korean.visitkorea.or.kr/detail/ms_detail.do?cotid=2a0065b7-d1fa-48ae-8c82-e65e4cb9d4b6&big_category=A02&mid_category=A0201&big_area=2,"강화 용두레마을","인천 강화군","아름다운 노래와 전통을 간직한 마을","#관광지, #농촌마을, #농촌여행, #자연관광지, #자연마을, #자연여행, #자연체험, , , , , , , ","2025-03-17 12:54:51"
241,https://korean.visitkorea.or.kr/detail/ms_detail.do?cotid=b20d0f4b-9c08-4602-a296-a47d5b45738b&big_category=A02&mid_category=A0201&big_area=2,서풍받이,"인천 옹진군","드넓은 자연을 한눈에 바라볼 수 있는 곳","#관광지, #서풍받이, #옹진, #인천, #절벽","2025-03-17 12:54:58"
242,https://korean.visitkorea.or.kr/detail/ms_detail.do?cotid=a22441aa-a92b-4e41-8d6c-a246f4f48162&big_category=A02&mid_category=A0201&big_area=33,초롱길,"충북 진천군","푸르른 자연 속에서 보내는 힐링의 시간","#레포츠, #산책하기좋은곳, #진천, #진천가볼만한곳, #진천초롱길, #초롱길, ","2025-03-17 12:54:58"
243,https://korean.visitkorea.or.kr/detail/ms_detail.do?cotid=0ffd2cec-d067-462d-b62b-bfd8e1b21f07&big_category=A02&mid_category=A0201&big_area=2,"강화 인삼센터","인천 강화군","대한민국을 대표하는 품질 좋은 인삼을 만날 수 있는 곳","#강화인삼센터, #쇼핑, #수도권, #인삼, #특산물","2025-03-17 12:54:58"
244,https://korean.visitkorea.or.kr/detail/ms_detail.do?cotid=97e52ddd-cd04-4a18-b753-214ed83448fb&big_category=A02&mid_category=A0201&big_area=1,서촌라운지,"서울 종로구","한옥과 우리 고유 주거문화의 매력 속으로!","#가볼래터, #도심속한옥, #라이프스타일, #문화시설, #서울, #서울_여행지_추천, , , , , , , ","2025-03-17 12:54:58"
245,https://korean.visitkorea.or.kr/detail/ms_detail.do?cotid=62c334d0-ff30-49ad-9010-d46f229f7747&big_category=A02&mid_category=A0201&big_area=32,농가맛집토요,"강원 원주시","회촌마을 농민들이 운영하는 농가맛집","#맛집, #불고기정식, #음식, #친환경_농산물, #한식뷔페전망_좋은, #할머니보쌈정식","2025-03-17 12:54:58"
246,https://korean.visitkorea.or.kr/detail/ms_detail.do?cotid=141ee481-8294-4d00-8f3a-d9caef9c7e1a&big_category=A02&mid_category=A0201&big_area=34,"옹도 등대","충남 태안군","충청남도 유일의 유인등대","#가족과함께, #경치여행, #경치좋은곳, #관광지, #남녀노소, #바다경치, #바다내음, , ","2025-03-17 12:54:58"
247,https://korean.visitkorea.or.kr/detail/ms_detail.do?cotid=b53f5453-a1ce-4ef3-9860-8113a1fe3660&big_category=A02&mid_category=A0201&big_area=33,쫄쫄호떡,"충북 청주시","바삭한 호떡과 추억의 맛이 공존하는 장소","#분식, #분식맛집, #음식, #즉석떡볶이, #청주맛집, #청주시, #호떡맛집","2025-03-17 12:54:59"
248,https://korean.visitkorea.or.kr/detail/ms_detail.do?cotid=5eab4d71-3a32-4f0c-a8a2-b3350db7ee16&big_category=A02&mid_category=A0201&big_area=34,"피어라 카페","충남 당진시","청보리 밭의 풍경이 아름다운 카페","#SNS감성사진, #감성사진, #데이트명소, #사진찍기, #사진찍기좋은곳, #사진촬영, , , , , , , , ","2025-03-17 12:54:59"
249,https://korean.visitkorea.or.kr/detail/ms_detail.do?cotid=437cdce6-26c0-48ce-a1a4-ddcae41e48eb&big_category=A02&mid_category=A0201&big_area=1,"홍파동 홍난파 가옥","서울 종로구","작곡가 홍난파 선생이 살던 가옥","#건축사, #건축여행, #관광지, #근대건축, #근대문화유산, #서양식, #역사, #역사관광지, , , , , ","2025-03-17 12:54:59"
250,https://korean.visitkorea.or.kr/detail/ms_detail.do?cotid=22925e01-bdc0-44fc-a77b-86608920fa9b&big_category=A02&mid_category=A0201&big_area=35,구강서원,"경북 경주시","고려 후기의 학자 이제현을 추모하기 위한 서원","#경상권, #경상북도문화재자료, #관광지, #역사, #역사공부, #역사관광지, #역사를품은곳, , , , , , , , , ","2025-03-17 12:54:59"
251,https://korean.visitkorea.or.kr/detail/ms_detail.do?cotid=92c74093-824d-41f6-b0f5-19ff7b07734d&big_category=A02&mid_category=A0201&big_area=35,대원식당,"경북 고령군","인삼도토리수제비가 인기인 한식당","#경상권, #고령맛집, #대원식당, #맛집, #미식여행, #음식","2025-03-17 12:55:06"
252,https://korean.visitkorea.or.kr/detail/ms_detail.do?cotid=5aa8ddef-f1c6-4449-a28f-163cedfa4869&big_category=A02&mid_category=A0201&big_area=2,어류정항,"인천 강화군","새우젓이 유명한 소규모 어촌 항구","#DMZ, #DMZ여행, #강화도항구, #강화석모도항구, #강화차박캠핑, #강화캠핑, , , ","2025-03-17 12:55:06"
253,https://korean.visitkorea.or.kr/detail/ms_detail.do?cotid=31821a1c-cff6-4f3a-8314-e62c1f8cda13&big_category=A02&mid_category=A0201&big_area=35,운암서원(울진),"경북 울진군","오랜 역사를 알 수 있는 조선 후기의 서원","#관광지, #역사, #역사공부, #역사관광지, #역사를품은곳, #역사문화재, #역사속, , , , , , , ","2025-03-17 12:55:06"
254,https://korean.visitkorea.or.kr/detail/ms_detail.do?cotid=1a1d4fd8-1a18-4824-9167-f1c3be9b5700&big_category=A02&mid_category=A0201&big_area=2,토크라피,"인천 강화군","세련된 분위기와 아름다운 오션뷰가 일품인 카페","#감성카페, #동막해변카페, #맛집, #예쁜카페, #음식, #인천카페, #카페, #휴식공간, , ","2025-03-17 12:55:06"
255,https://korean.visitkorea.or.kr/detail/ms_detail.do?cotid=c7193480-77c0-40f7-8f48-25df00561d4f&big_category=A02&mid_category=A0201&big_area=31,"한탄강 지질공원센터","경기 포천시","국내 최초 지질공원 전문 박물관","#경기권, #관광지, #이색체험, #자연, #자연속으로, #자연환경, #체험프로그램, , ","2025-03-17 12:55:06"
256,https://korean.visitkorea.or.kr/detail/ms_detail.do?cotid=ab34d0cd-15c7-4c59-8a2c-31fe79edf2dd&big_category=A02&mid_category=A0201&big_area=32,"평화의 댐 물 문화관","강원 화천군","북녘 땅을 바라보며 평화를 기원하다","#강원권, #관광지, #물문화관, #산업관광, #산업관광지, #신재생에너지, #아이와함께, , , , , , ","2025-03-17 12:55:07"
257,https://korean.visitkorea.or.kr/detail/ms_detail.do?cotid=27088188-90d5-4d44-97da-9c906a9c782c&big_category=A02&mid_category=A0201&big_area=2,"천상병 귀천(歸天) 공원","인천 강화군","건평항의 하늘을 구경할 수 있는 공원","#경치좋은곳, #관광지, #바다경치, #바다내음, #산책하기, #산책하기좋은곳, , , , , ","2025-03-17 12:55:07"
258,https://korean.visitkorea.or.kr/detail/ms_detail.do?cotid=dd303491-aa7b-40d6-815f-106cce5b2cf4&big_category=A02&mid_category=A0201&big_area=32,강남축구공원,"강원 강릉시","강릉 주민들의 건강을 책임지다","#강릉관광, #강릉여행, #관광지, #레포츠, #체육시설, #축구공원","2025-03-17 12:55:07"
259,https://korean.visitkorea.or.kr/detail/ms_detail.do?cotid=2bff6c95-9f25-4e3a-8332-533afe21b947&big_category=A02&mid_category=A0201&big_area=2,강화산성,"인천 강화군","외세 침략의 현장인 고려 후기 세워진 성곽","#가족여행, #강화산성, #관광지, #나들이, #당일치기여행, #드라이브여행, #문화재, , , , , , , , , ","2025-03-17 12:55:07"
260,https://korean.visitkorea.or.kr/detail/ms_detail.do?cotid=dc00676d-0d6b-4813-b8f6-237aa121e62d&big_category=A02&mid_category=A0201&big_area=33,"괴산 둔율 올갱이마을","충북 괴산군","청정놀이가 가득한 둔율 올갱이마을","#가족여행, #가족체험, #관광지, #김장체험, #농촌마을, #농촌체험, #농촌체험마을, , , , , ","2025-03-17 12:55:07"
261,https://korean.visitkorea.or.kr/detail/ms_detail.do?cotid=79f1decb-7e2a-4bd2-b50a-26e943aaf0bd&big_category=A02&mid_category=A0201&big_area=2,강화역사박물관,"인천 강화군","살아있는 강화의 역사와 문화유산을 만나볼 수 있는 곳","#강화가볼만한곳, #강화선사유적, #강화역사박물관, #교과서속여행, #나들이, , , , , , , , , , ","2025-03-17 12:55:14"
262,https://korean.visitkorea.or.kr/detail/ms_detail.do?cotid=3ef7a102-a0c8-47bd-b570-b510eca4f82b&big_category=A02&mid_category=A0201&big_area=35,달기약수닭백숙해성,"경북 청송군","지친 몸과 마음을 달래주는 보양식","#건강식맛집, #건강여행, #건강음식, #남녀노소, #닭백숙, #맛집, #수제떡갈비석쇠구이담백한_맛, , , , , , , ","2025-03-17 12:55:14"
263,https://korean.visitkorea.or.kr/detail/ms_detail.do?cotid=0f5efe4e-2777-4ec0-8558-f4764beb71c7&big_category=A02&mid_category=A0201&big_area=32,생수양어장횟집,"강원 철원군","공기가 좋은 곳에 위치한 송어회 맛집","#맛집, #생수송어횟집, #송어회, #송어회, #음식, #음식점, #철원맛집","2025-03-17 12:55:14"
264,https://korean.visitkorea.or.kr/detail/ms_detail.do?cotid=3a342e27-8afc-42af-a481-da5d3b7da22c&big_category=A02&mid_category=A0201&big_area=34,아우내엄나무순대,"충남 천안시","담백하고 맛좋은 순대","#곱창순대철판볶음, #막창철판볶음, #맛집, #순대, #순대국밥, #얼큰순대국밥담백한_맛, , ","2025-03-17 12:55:14"
265,https://korean.visitkorea.or.kr/detail/ms_detail.do?cotid=d2e7ca98-db1a-48af-ac3d-f7553eaddab8&big_category=A02&mid_category=A0201&big_area=1,"서울대학교병원 의학박물관","서울 종로구","한국의 근대의학 발달사를 볼 수 있는 의학 전문 박물관","#교육여행, #남녀노소, #대학로박물관, #문화시설, #서울대학교병원, #아이와함께, , , , , , ","2025-03-17 12:55:14"
266,https://korean.visitkorea.or.kr/detail/ms_detail.do?cotid=e82a3f41-2c90-4079-825e-b20bb1bfcb1a&big_category=A02&mid_category=A0201&big_area=34,한국자연사박물관,"충남 공주시","순수과학의 문화와 자연 생태계의 변천사를 한눈에 볼 수 있는 문화공간","#기차여행, #문화시설, #박물관, #아이와함께, #이색체험, #체험학습, #충남여행","2025-03-17 12:55:15"
267,https://korean.visitkorea.or.kr/detail/ms_detail.do?cotid=a836a544-7e9f-4b4f-9a53-67eef0bdcfd7&big_category=A02&mid_category=A0201&big_area=34,영인산산림박물관,"충남 아산시","숲에 대해 배울 수 있는 자연 박물관","#문화시설, #아산데이트코스, #아산박물관, #아산산림박물관, #아산산책, #아산여행, , ","2025-03-17 12:55:15"
268,https://korean.visitkorea.or.kr/detail/ms_detail.do?cotid=4e9f92a2-26fd-4f03-ac3e-fa5f2f736911&big_category=A02&mid_category=A0201&big_area=1,한국미술관,"서울 종로구","한국 미술의 다양한 전시를 위한 문화공간","#대형전시관, #문화시설, #서예교육, #인사동전시관, #한국미술관, #한국미술전시관","2025-03-17 12:55:15"
269,https://korean.visitkorea.or.kr/detail/ms_detail.do?cotid=3e24454a-d7bb-4b2e-b161-c291abaf90a5&big_category=A02&mid_category=A0201&big_area=33,충북문화관,"충북 청주시","도심에서 만나는 고즈넉한 문화공간","#공연&전시, #문화관광해설사, #문화시설, #문화행사, #복합문화공간, #열린문화공간, , , , , , , , ","2025-03-17 12:55:15"
270,https://korean.visitkorea.or.kr/detail/ms_detail.do?cotid=38192c3b-7ffe-4fc0-a9c4-b22a7405c34c&big_category=A02&mid_category=A0201&big_area=35,안동선비문화박물관,"경북 안동시","옛 선비문화의 정신을 확립하고 안동선비문화의 장을 여는 지역 문화 휴식 공간","#문화시설, #박물관, #아이와함께, #안동, #안동가볼만한곳, #안동여행, #전통체험, ","2025-03-17 12:55:15"
271,https://korean.visitkorea.or.kr/detail/ms_detail.do?cotid=327777b7-d601-4737-8909-3805c479157c&big_category=A02&mid_category=A0201&big_area=36,"(사) 국가무형유산 고성오광대보존회","경남 고성군","국가무형유산 ‘고성오광대’","#경상남도, #경상남도, #고성군, #고성오광대보존회, #광대, #국가무형유산, , , , , , , ","2025-03-17 12:55:22"
272,https://korean.visitkorea.or.kr/detail/ms_detail.do?cotid=19b7d61c-58f4-422f-aef2-33b90bf8b270&big_category=A02&mid_category=A0201&big_area=32,붓이야기박물관,"강원 춘천시","한국 전통 붓의 모든 것","#문화시설, #박경수필장, #붓이야기박물관, #춘천가볼만한곳, #춘천여행","2025-03-17 12:55:22"
273,https://korean.visitkorea.or.kr/detail/ms_detail.do?cotid=07c34749-78f0-498c-9940-c3c32d40ec9c&big_category=A02&mid_category=A0201&big_area=34,독립기념관단풍나무숲길(단풍나무숲길독립기념관),"충남 천안시","수령 20년이 넘은 나무가 아름다운 터널을 이루다","#문화시설, #천안가볼만한곳, #천안단풍, #천안데이트코스, #천안산책, #천안여행, ","2025-03-17 12:55:22"
274,https://korean.visitkorea.or.kr/detail/ms_detail.do?cotid=00534329-c7d9-47e8-a78b-cd3628bf2545&big_category=A02&mid_category=A0201&big_area=6,"부산 스마트시티 전시관","부산 해운대구","부산의 스마트시티 서비스를 직접 체험할 수 있는 전시체험 공간","#가족과함께, #경상권, #남녀노소, #문화시설, #미세먼지_피하는_실내여행, , , , , ","2025-03-17 12:55:22"
275,https://korean.visitkorea.or.kr/detail/ms_detail.do?cotid=efb62977-baa5-4006-a868-3083d0282915&big_category=A02&mid_category=A0201&big_area=33,천룡컨트리클럽,"충북 진천군","정통 프라이빗 골프장","#골프, #골프장, #골프클럽, #레포츠, #진천골프장, #진천군, #프라이빗골프장","2025-03-17 12:55:22"
276,https://korean.visitkorea.or.kr/detail/ms_detail.do?cotid=8ff64c6c-ef14-4246-bd6e-6cd9e4833d83&big_category=A02&mid_category=A0201&big_area=34,중리어촌체험마을,"충남 서산시","청정한 갯벌과 시원한 바닷바람이 일품인 어촌마을","#가족체험여행, #관광지, #레포츠체험, #마을축제, #이색체험, #전시관, #체험, , , , , , ","2025-03-17 12:55:22"
277,https://korean.visitkorea.or.kr/detail/ms_detail.do?cotid=3a755d7d-04c1-422b-89ee-74b224abfc5a&big_category=A02&mid_category=A0201&big_area=33,월악산장,"충북 제천시","자연 그대로의 맛을 느낄 수 있는 건강한 식당","#가을보양식, #건강식, #닭도리탕, #맛집, #보양식, #비빔밥담백한_맛, #음식, , , , ","2025-03-17 12:55:22"
278,https://korean.visitkorea.or.kr/detail/ms_detail.do?cotid=710f5a9e-78ee-4893-b522-8dd8931ff834&big_category=A02&mid_category=A0201&big_area=34,사비향,"충남 부여군","한결같은 맛, 한결같은 정성","#맛집, #부여군, #사비향연밥정식, #연밥정식, #연잎밥, #외국인도_선호하는, ","2025-03-17 12:55:23"
279,https://korean.visitkorea.or.kr/detail/ms_detail.do?cotid=774cca9f-f659-47a3-a7f4-ca1f31c1a570&big_category=A02&mid_category=A0201&big_area=2,연등국제선원,"인천 강화군","고요한 자연 속에서 마음의 평화를 찾을 수 있는 곳","#가볼래터, #관광지, #불교, #불교문화, #사찰, #사찰여행, #여행구독, #역사, , , , , , , , , , , , ","2025-03-17 12:55:23"
280,https://korean.visitkorea.or.kr/detail/ms_detail.do?cotid=0a8969ed-535a-4cbd-8c41-55291745cc21&big_category=A02&mid_category=A0201&big_area=32,도자기별카페,"강원 고성군","봉포 해수욕장 앞에서 느끼는 도자기 공예품과 커피의 향긋함","#고성카페, #디저트, #맛집, #음식, #카페","2025-03-17 12:55:23"
281,https://korean.visitkorea.or.kr/detail/ms_detail.do?cotid=2d9bc83a-5dd1-4efd-8883-991c2d2c7738&big_category=A02&mid_category=A0201&big_area=2,황산지(장흥지),"인천 강화군","자연 풍광 속 낚시하기 좋은 공간","#강화군, #겨울낚시, #낚시, #레포츠, #저수지, #황산지","2025-03-17 12:55:30"
282,https://korean.visitkorea.or.kr/detail/ms_detail.do?cotid=730f1090-2ec5-4311-a3f5-d429127fe623&big_category=A02&mid_category=A0201&big_area=33,[백년가게]서울식당,"충북 괴산군","전국 최고의 다슬기요리 전문점","#괴산맛집, #괴산여행, #백년가게, #소주한잔, #연중무휴, #올갱이해장국, #올갱이해장국, , , , , ","2025-03-17 12:55:30"
283,https://korean.visitkorea.or.kr/detail/ms_detail.do?cotid=dc97cc78-b234-49cd-ac5a-7c4be9bfaa95&big_category=A02&mid_category=A0201&big_area=2,"강화 화문석마을","인천 강화군","전통 화문석의 아름다움을 배울 수 있는 마을","#가족체험, #관광지, #농촌, #농촌체험, #농촌체험마을, #농촌체험학습, #산책하기좋은곳, , , , , , , , , ","2025-03-17 12:55:30"
284,https://korean.visitkorea.or.kr/detail/ms_detail.do?cotid=e085e9d8-1282-4d58-a9fe-f2fd27d4099e&big_category=A02&mid_category=A0201&big_area=33,수룡폭포,"충북 충주시","3층의 단을 이루며 시원스레 쏟아지는 폭포","#경치여행, #경치좋은곳, #관광지, #자연, #자연속으로, #자연여행, #자연좋은곳, , , ","2025-03-17 12:55:30"
285,https://korean.visitkorea.or.kr/detail/ms_detail.do?cotid=7ddb2fa7-b3d7-408b-8ed4-a3ec9f468036&big_category=A02&mid_category=A0201&big_area=32,신촌막국수,"강원 원주시","구수하고 깔끔한 맛의 막국수를 맛볼 수 있는 곳","#막국수, #맛집, #메밀부침, #물막국수, #비빔막국수, #옹심이, #옹심이메밀칼국수, , , , ","2025-03-17 12:55:30"
286,https://korean.visitkorea.or.kr/detail/ms_detail.do?cotid=695eda89-9f46-492c-b772-9dccb62f4323&big_category=A02&mid_category=A0201&big_area=35,부석사종점식당,"경북 영주시","정성스러운 건강 밥상","#맛집, #영주시, #음식, #청국장, #한식","2025-03-17 12:55:30"
287,https://korean.visitkorea.or.kr/detail/ms_detail.do?cotid=5641ac4d-ddfc-422c-8a54-e0f1a7cda074&big_category=A02&mid_category=A0201&big_area=2,용진진,"인천 강화군","역사와 자연을 함께 느낄 수 있는 여행","#관광지, #수도권, #역사, #역사공부, #역사관광지, #역사를품은곳, #역사문화재, , , , , , , , ","2025-03-17 12:55:31"
288,https://korean.visitkorea.or.kr/detail/ms_detail.do?cotid=7e2b107e-280c-4d06-a270-7ae7b7222056&big_category=A02&mid_category=A0201&big_area=2,"망월돈대 및 장성","인천 강화군","오랜 역사를 느낄 수 있는 조선시대의 돈대","#강화가볼만한곳, #강화유적지, #고려장성, #관광지, #망월돈대, #망월돈대및장성, , , ","2025-03-17 12:55:31"
289,https://korean.visitkorea.or.kr/detail/ms_detail.do?cotid=5c217be1-e2a3-4c49-a142-04861f2cf37b&big_category=A02&mid_category=A0201&big_area=35,논실커피로스터스,"경북 포항시","베이커리를 겸한 스페셜티 커피 핸드드립 전문점","#맛집, #아이리쉬_커피, #음식, #일본식_핸드드립_아이스_커피, #카페, #카페라떼, , , , , ","2025-03-17 12:55:31"
290,https://korean.visitkorea.or.kr/detail/ms_detail.do?cotid=3a400c70-b103-4df1-8fdb-12824a230afd&big_category=A02&mid_category=A0201&big_area=33,"충주호 유람선","충북 단양군","단양팔경 관광에 용이한 충주호 유람선","#경치좋은곳, #관광지, #단양여행, #부모님과함께, #자연좋은곳, #자연환경, , , , , , , ","2025-03-17 12:55:31"
291,https://korean.visitkorea.or.kr/detail/ms_detail.do?cotid=759961b6-a7ed-4d5c-847c-869e28996db8&big_category=A02&mid_category=A0201&big_area=32,오픈더문,"강원 철원군","최북단에 위치한 착한가게","#맛집, #음식, #자몽에이드, #철원맛집, #철원카페, #카페","2025-03-17 12:55:38"
292,https://korean.visitkorea.or.kr/detail/ms_detail.do?cotid=c4422538-a5d7-4563-851c-61db4a55ac93&big_category=A02&mid_category=A0201&big_area=2,강화전적지,"인천 강화군","외세에 대항했던 강화도의 요새","#가족여행, #강화전적지, #관광지, #나들이, #당일치기여행, #드라이브여행, , , , , , , , , , , , ","2025-03-17 12:55:38"
293,https://korean.visitkorea.or.kr/detail/ms_detail.do?cotid=de2f3b28-d1d0-4c43-843c-d89b8055bc1f&big_category=A02&mid_category=A0201&big_area=32,"강릉 해운정","강원 강릉시","강릉에서 오죽헌 다음으로 오래된 건축물","#관광지, #역사, #역사공부, #역사관광지, #역사를품은곳, #역사문화재, #역사속, , , , , , ","2025-03-17 12:55:38"
294,https://korean.visitkorea.or.kr/detail/ms_detail.do?cotid=6c492413-8840-4269-8b7a-10ff7e127cd6&big_category=A02&mid_category=A0201&big_area=34,노성궐리사,"충남 논산시","논산에 깃든 공자의 정신","#관광지, #궐리사, #노성궐리사, #논산궐리사, #논산문화재, #역사, #역사공부, , , , , , , , , , , , , , , ","2025-03-17 12:55:38"
295,https://korean.visitkorea.or.kr/detail/ms_detail.do?cotid=7778d36d-7f43-4227-b088-5f0c56683f05&big_category=A02&mid_category=A0201&big_area=33,레인보우힐링센터,"충북 영동군","영동의 자연을 담아 건축한 힐링센터","#가볼래터, #관광지, #명상, #여행구독, #자연과함께, #힐링, #힐링공간, #힐링관광지","2025-03-17 12:55:38"
296,https://korean.visitkorea.or.kr/detail/ms_detail.do?cotid=e26590f4-ede8-42bd-82b1-3de9b6c63845&big_category=A02&mid_category=A0201&big_area=32,터득골북샵,"강원 원주시","숲 속의 작은 서점","#관광지, #남녀노소, #독서공간, #독서여행, #문화공간, #열린문화공간, #원주가볼만한곳, , , , , , , , ","2025-03-17 12:55:39"
297,https://korean.visitkorea.or.kr/detail/ms_detail.do?cotid=7d55f449-f6ca-4e01-9ff2-930a5df1f154&big_category=A02&mid_category=A0201&big_area=34,향적산한상,"충남 계룡시","좋은 재료에 정성을 가득 담은 음식점","#가족식사_추천, #계룡시맛집, #닭백숙, #맛집, #묵밥, #음식, #한방오리백숙","2025-03-17 12:55:39"
298,https://korean.visitkorea.or.kr/detail/ms_detail.do?cotid=68a55444-f72e-48ed-b425-8c9c66c5177c&big_category=A02&mid_category=A0201&big_area=2,항포낚시터,"인천 강화군","아름다운 경치와 함께 즐기는 낚시","#레포츠, #삼산저수지, #석모도낚시터, #유료낚시터, #저수지낚시, #항포낚시터","2025-03-17 12:55:39"
299,https://korean.visitkorea.or.kr/detail/ms_detail.do?cotid=c03969ee-f7bc-4ef0-a0c7-173d73ea26e5&big_category=A02&mid_category=A0201&big_area=34,늘푸른솔,"충남 공주시","공주의 향토 음식인 퉁퉁장을 맛볼 수 있는 곳","#공주맛집, #닭백숙_+_촌두부, #맛집, #시래기_퉁퉁장_정식, #오리백숙_+_촌두부, , , , ","2025-03-17 12:55:39"
300,https://korean.visitkorea.or.kr/detail/ms_detail.do?cotid=9bea2e2c-32e0-4b8f-bd36-8d555dcdb5f0&big_category=A02&mid_category=A0201&big_area=2,장어마을,"인천 강화군","참나무 숯불 향이 가득한 장어구이 맛집","#강화군, #맛집, #음식, #장어구이, #장어구이","2025-03-17 12:55:39"
301,https://korean.visitkorea.or.kr/detail/ms_detail.do?cotid=5ca71de0-c2ae-43c0-b69d-ef840d2d9712&big_category=A02&mid_category=A0201&big_area=35,"까꾸네 모리국수","경북 포항시","모리국수로 유명한 집","#맛집, #모리국수, #음식, #포항시","2025-03-17 12:55:46"
302,https://korean.visitkorea.or.kr/detail/ms_detail.do?cotid=16b4788c-2273-46ef-a7c2-71165084db46&big_category=A02&mid_category=A0201&big_area=2,조양방직,"인천 강화군","강화도 방직공장을 개조한 레트로 감성 카페","#2024_여행가는달과함께하는_발도장여행지, #SNS속_인생샷명소, #데이트, , , , , , , , ","2025-03-17 12:55:46"
303,https://korean.visitkorea.or.kr/detail/ms_detail.do?cotid=7d40cb7b-5b50-4669-89a6-debed1f15ec7&big_category=A02&mid_category=A0201&big_area=35,풍기인삼삼계탕,"경북 영주시","최상급 풍기인삼을 사용하는 삼계탕 맛집","#맛집, #매운삼계탕, #옻삼겹살, #음식, #청계탕, #한방삼계탕","2025-03-17 12:55:46"
304,https://korean.visitkorea.or.kr/detail/ms_detail.do?cotid=719bb96f-9226-4105-9a88-a25bd30f0b77&big_category=A02&mid_category=A0201&big_area=2,건평항,"인천 강화군","한적한 바다에서 아름다운 일몰을 감상할 수 있는 곳","#강화나들길4코스, #강화차박장소, #강화차박캠핑, #강화차크닉, #강화힐링장소, , ","2025-03-17 12:55:46"
305,https://korean.visitkorea.or.kr/detail/ms_detail.do?cotid=c408988b-5f3b-4856-86d5-61d8fb51bf41&big_category=A02&mid_category=A0201&big_area=1,전태일동상,"서울 종로구","노동운동가 전태일을 추모하기 위한 동상","#관광지, #전태일거리, #전태일동상, #전태일열사, #종로전태일동상, #청계천전태일동상, , ","2025-03-17 12:55:46"
306,https://korean.visitkorea.or.kr/detail/ms_detail.do?cotid=a3d26214-bcc8-48d5-b6a1-af665598287d&big_category=A02&mid_category=A0201&big_area=35,역전추어탕,"경북 청도군","청도의 추어탕 대표 음식점","#맛집, #미꾸라지튀김담백한_맛, #음식, #전통추어탕, #청도군, #추어탕","2025-03-17 12:55:46"
307,https://korean.visitkorea.or.kr/detail/ms_detail.do?cotid=f9b5cb02-c223-4a3d-86cc-5d0c77f1cc8e&big_category=A02&mid_category=A0201&big_area=2,강화어부네꽃게탕,"인천 강화군","볼거리 많은 강화군의 꽃게탕 맛집","#꽃게탕, #맛집, #밴댕이무침, #밴댕이회, #음식, #활어회","2025-03-17 12:55:46"
308,https://korean.visitkorea.or.kr/detail/ms_detail.do?cotid=29195499-6bb7-4c0b-8fc1-ab33d61b04a7&big_category=A02&mid_category=A0201&big_area=34,옛날어씨네집,"충남 공주시","오랜 전통을 자랑하는 매운탕 전문점","#공주시, #남녀노소, #맛집, #매운탕, #매운탕맛집, #매운탕집, #메기탕, #새우탕, , , , ","2025-03-17 12:55:47"
309,https://korean.visitkorea.or.kr/detail/ms_detail.do?cotid=a333606c-3c5f-46e4-8d06-0d11a327b122&big_category=A02&mid_category=A0201&big_area=2,황청포구,"인천 강화군","주변의 자연경관을 감상하며 여유로운 시간을 보낼 수 있는 곳","#관광지, #석모도, #차박캠핑, #차박캠핑명소, #차크닉, #황청리선착장, #황청포구","2025-03-17 12:55:47"
310,https://korean.visitkorea.or.kr/detail/ms_detail.do?cotid=9883d354-eb9a-43c8-bdc0-68f7bf5327c0&big_category=A02&mid_category=A0201&big_area=32,"문학의 길","강원 평창군","이효석 선생의 문학적 발자취가 남아 있는 길",#관광지,"2025-03-17 12:55:47"
311,https://korean.visitkorea.or.kr/detail/ms_detail.do?cotid=108a0fbf-13dc-4bd5-8cd7-2b10c1a8a7f0&big_category=A02&mid_category=A0201&big_area=35,새재왕건집,"경북 문경시","재료 하나하나에 양심과 정직함을 담아 요리하는 식당","#경상권, #고등어구이, #능이버섯전골, #더덕구이, #맛집, #문경맛집, #미식여행, , , , , , ","2025-03-17 12:55:54"
312,https://korean.visitkorea.or.kr/detail/ms_detail.do?cotid=666edb97-8067-4204-8cac-5c06e2ebd439&big_category=A02&mid_category=A0201&big_area=32,양구선사근현대사박물관,"강원 양구군","박물관에서 만나는 양구의 역사","#관광지, #교육여행, #근현대사여행, #아이와함께, #역사공부, #역사속, #역사속으로, , , ","2025-03-17 12:55:54"
313,https://korean.visitkorea.or.kr/detail/ms_detail.do?cotid=32fc5972-d792-470f-af29-1ed5f8e992a2&big_category=A02&mid_category=A0201&big_area=2,서해꽃게전문,"인천 강화군","싱싱한 해산물을 맛보다","#간장게장, #강화군, #게장정식, #꽃게, #꽃게찜, #꽃게탕, #맛집, #밴댕이회무침, ","2025-03-17 12:55:54"
314,https://korean.visitkorea.or.kr/detail/ms_detail.do?cotid=ceff05c3-bb7a-421c-a659-3a41d03faa65&big_category=A02&mid_category=A0201&big_area=31,장경사(경기),"경기 광주시","창건 당시 모습으로 남아있는 남한산성 내 유일한 사찰","#경기광주장경사, #관광지, #남한산성, #불교, #불교사찰, #사찰, #사찰여행, , , , , , , , , , , , , ","2025-03-17 12:55:54"
315,https://korean.visitkorea.or.kr/detail/ms_detail.do?cotid=4f2f38e7-4e19-49f3-ad34-8d2d9b19c7d8&big_category=A02&mid_category=A0201&big_area=2,"대한성공회 강화성당","인천 강화군","우리나라 최초의 한옥성당","#강화가볼만한곳, #강화성당, #관광지, #사적, #성당, #수도권, #역사, #역사공부, , , , , , , , , , ","2025-03-17 12:55:54"
316,https://korean.visitkorea.or.kr/detail/ms_detail.do?cotid=efa9321b-d960-4629-aee5-eca42ed98775&big_category=A02&mid_category=A0201&big_area=2,장곶횟집,"인천 강화군","싱싱하고 고소한 새우를 마음껏 먹을 수 있는 식당","#가족과함께, #강화맛집, #남녀노소, #맛집, #새우구이, #새우라면, #새우맛집, , , ","2025-03-17 12:55:54"
317,https://korean.visitkorea.or.kr/detail/ms_detail.do?cotid=a2be9dbf-482e-4a6b-b7a9-3208d2ddc243&big_category=A02&mid_category=A0201&big_area=32,뒷뜨루관광농원,"강원 강릉시","산업폐기물 공장의 아름다운 재탄생","#강릉가볼만한곳, #관광지, #사진찍기좋은곳, #산업관광, #산업관광지, #아이와함께, , , , , , , , , , ","2025-03-17 12:55:55"
318,https://korean.visitkorea.or.kr/detail/ms_detail.do?cotid=857387b2-ca18-483d-88aa-e21809c04b17&big_category=A02&mid_category=A0201&big_area=31,"남한산성도립공원 [유네스코 세계유산]","경기 광주시","백제의 숨결을 간직한 민족자존의 터","#가족여행, #관광지, #나들이, #남한산성도립공원, #드라이브여행, #서울근교여행, , , , , , , , ","2025-03-17 12:55:55"
319,https://korean.visitkorea.or.kr/detail/ms_detail.do?cotid=937ceb3e-6be7-446d-af12-ddde5ac65de9&big_category=A02&mid_category=A0201&big_area=34,고려옥,"충남 아산시","진한 국물이 일품인 곰탕 맛집","#곰탕, #꼬리곰탕, #도가니탕, #맛집, #소머리곰탕, #수육, #아산맛집, #음식, , ","2025-03-17 12:55:55"
320,https://korean.visitkorea.or.kr/detail/ms_detail.do?cotid=2ccb8b87-3f24-4b61-b7fd-bae87b45ea17&big_category=A02&mid_category=A0201&big_area=35,해마루공원,"경북 구미시","세계 최고의 전자산업을 꿈꾸는 곳","#관광지, #구미가볼만한곳, #구미공원, #도심속자연공원, #산책하기좋은곳, ","2025-03-17 12:55:55"
321,https://korean.visitkorea.or.kr/detail/ms_detail.do?cotid=660896f2-5310-4998-9de7-800e1c272943&big_category=A02&mid_category=A0201&big_area=34,마량포구칠구지횟집,"충남 서천군","바다 풍경과 함께 즐기는 해산물 요리","#맛집, #서천군, #서천맛집, #음식, #해산물요리, #활어회, #횟집","2025-03-17 12:56:02"
322,https://korean.visitkorea.or.kr/detail/ms_detail.do?cotid=956334f7-b325-4bd4-8d87-cb9cf35870e2&big_category=A02&mid_category=A0201&big_area=34,홍양저수지(빼뽀저수지),"충남 홍성군","홍성군에서 제일 큰 저수지","#레포츠, #빼뽀저수지, #자연속으로, #자연좋은곳, #자연풍경, #자연환경, #충남권, ","2025-03-17 12:56:02"
323,https://korean.visitkorea.or.kr/detail/ms_detail.do?cotid=86dfef87-e491-41ec-9b2a-2bab0d4f91a0&big_category=A02&mid_category=A0201&big_area=35,마라도회식당,"경북 포항시","과메기와 물회가 일품","#과메기, #맛집, #모듬회, #물회, #물회, #음식, #전복죽, #포항과메기, #포항물회, , ","2025-03-17 12:56:02"
324,https://korean.visitkorea.or.kr/detail/ms_detail.do?cotid=e021ee7c-7abf-4e91-8ef1-29de8ef1320b&big_category=A02&mid_category=A0201&big_area=1,"청와대 전망대","서울 종로구","서울의 도심 경관과 북악산의 아름다운 풍경을 한눈에","#관광지, #북악산, #북악산생태탐방로, #북악산정상, #산책로, #서울, #서울뷰맛집, , , , , , , , , , , , , ","2025-03-17 12:56:02"
325,https://korean.visitkorea.or.kr/detail/ms_detail.do?cotid=28edb47a-84a8-441a-bc4a-1bab5ce895d1&big_category=A02&mid_category=A0201&big_area=2,소창체험관,"인천 강화군","강화직물산업의 역사를 한눈에 보고, 즐거운 체험까지!","#2024_여행가는달과함께하는_발도장여행지, #가족과함께, #가족이색체험, , , , , , , , , , , , , ","2025-03-17 12:56:02"
326,https://korean.visitkorea.or.kr/detail/ms_detail.do?cotid=3f7f5c6e-e968-40b8-8704-c591face0b46&big_category=A02&mid_category=A0201&big_area=34,"중앙호수공원 카페거리","충남 서산시","중앙호수공원에서 커피내음과 함께 여유를 즐기다","#관광지, #산책로, #산책하기, #산책하기좋은곳, #아이와함께, #연인과함께, , , , , , , , ","2025-03-17 12:56:02"
327,https://korean.visitkorea.or.kr/detail/ms_detail.do?cotid=4b0422a1-aa1c-4c48-a264-22e4b03d9294&big_category=A02&mid_category=A0201&big_area=32,철원향교,"강원 철원군","옛 교육 기관으로 역사적 가치가 높은 향교","#가족여행, #강원권, #관광지, #아이와함께, #역사, #역사공부, #역사관광지, , , , , , , , , , , , ","2025-03-17 12:56:03"
328,https://korean.visitkorea.or.kr/detail/ms_detail.do?cotid=cff19e85-9dd0-4290-90fc-31960987d309&big_category=A02&mid_category=A0201&big_area=35,"경주 산내 반딧불이캠핑장","경북 경주시","수영장이 넓은 울산 근교 경주 반딧불이 캠핑장","#가족여행, #경주, #레포츠, #캠핑장, #힐링","2025-03-17 12:56:03"
329,https://korean.visitkorea.or.kr/detail/ms_detail.do?cotid=4e46a791-abf8-48d6-9744-b429850cce06&big_category=A02&mid_category=A0201&big_area=32,양양하조대스카이워크,"강원 양양군","아름다운 동해 바다를 조망할 수 있는 곳","#강원권, #강원도_여행지_추천, #관광지, #스카이워크, #양양가볼만한곳, #하조대","2025-03-17 12:56:03"
330,https://korean.visitkorea.or.kr/detail/ms_detail.do?cotid=ff1cc224-255a-44c4-9bcc-bbf4db832325&big_category=A02&mid_category=A0201&big_area=2,해명산,"인천 강화군","정상에 올라 작은 섬들의 군도를 조망하다","#강화도등산, #관광지, #석모도등산, #인천등산, #해명산, #해명산전망대","2025-03-17 12:56:03"
331,https://korean.visitkorea.or.kr/detail/ms_detail.do?cotid=df3d3000-6c71-431d-a05a-2b426a49a20e&big_category=A02&mid_category=A0201&big_area=2,강화루지(강화씨사이드리조트),"인천 강화군","중력으로 느끼는 짜릿한 스피드","#1박2일, #2024_여행가는달과함께하는_발도장여행지, #강화가볼만한곳, , , , , , , , , , , , , , , , , , , , , , ","2025-03-17 12:56:10"
332,https://korean.visitkorea.or.kr/detail/ms_detail.do?cotid=67d76aaf-d810-46f3-b619-700904424821&big_category=A02&mid_category=A0201&big_area=35,무흘구곡선바위,"경북 성주군","자연 속 힐링여행","#경북여행, #관광지, #무흘구곡, #선바위, #성주가볼만한곳, #성주절벽, #한강정구","2025-03-17 12:56:10"
333,https://korean.visitkorea.or.kr/detail/ms_detail.do?cotid=0555481b-11c5-436b-8b24-6b9f99a28167&big_category=A02&mid_category=A0201&big_area=31,스코그,"경기 광주시","남한산 숲 속에 보이는 빨간 벽돌 카페","#가볼래터, #가볼만한곳, #가족과함께, #경기, #경기권, #경기도, #광주, #디저트, , , , , , , ","2025-03-17 12:56:10"
334,https://korean.visitkorea.or.kr/detail/ms_detail.do?cotid=a69263ff-480d-473c-9e24-69c469696596&big_category=A02&mid_category=A0201&big_area=1,대학로,"서울 종로구","문화예술의 거리, 대학로","#가족여행, #관광지, #나홀로여행, #당일치기여행, #대학로, #데이트코스, #도심여행, , , , , , , , , ","2025-03-17 12:56:10"
335,https://korean.visitkorea.or.kr/detail/ms_detail.do?cotid=fb03b01e-30ba-4c18-8839-abcf97e11fb0&big_category=A02&mid_category=A0201&big_area=35,문경산악바이크(문경레저투어),"경북 문경시","문경산악바이크 ATV","#ATV, #레포츠, #산악바이크","2025-03-17 12:56:10"
336,https://korean.visitkorea.or.kr/detail/ms_detail.do?cotid=0da82e39-21d1-46fc-9c51-bd976fda1149&big_category=A02&mid_category=A0201&big_area=31,새빛공원,"경기 광명시","공원 내 자경 저류지를 단장하여 시민 휴식공간으로 조성하다","#관광지, #광명시일직동, #새물공원, #수변공원, #시민휴식공간, #자경저류지","2025-03-17 12:56:10"
337,https://korean.visitkorea.or.kr/detail/ms_detail.do?cotid=4f3434f3-1bfd-4b71-b8cc-15fc8e2cc545&big_category=A02&mid_category=A0201&big_area=35,문수사,"경북 구미시","힐링하기 좋은 사찰","#관광지, #구미문수사, #구미사찰, #반쪽사찰, #사찰나들이, #이색암자, #힐링사찰","2025-03-17 12:56:10"
338,https://korean.visitkorea.or.kr/detail/ms_detail.do?cotid=8c3ba10d-1f67-46a4-ad38-9067f0cfb98c&big_category=A02&mid_category=A0201&big_area=31,안터생태공원,"경기 광명시","도심 속의 내륙 습지","#관광지, #광명시, #금개구리, #나들이, #생태공원, #연꽃, #저수지, #휴식","2025-03-17 12:56:10"
339,https://korean.visitkorea.or.kr/detail/ms_detail.do?cotid=33924bd7-fc29-436b-9cd0-60d83fce7def&big_category=A02&mid_category=A0201&big_area=1,숭인근린공원,"서울 종로구","도심 속에 자리 잡은 시민들의 휴식공간","#관광지, #역사공부, #역사관광지, #역사를품은곳, #역사문화재, #역사속, #역사속으로, , , , , , , ","2025-03-17 12:56:11"
340,https://korean.visitkorea.or.kr/detail/ms_detail.do?cotid=7d9fce8f-009f-4027-8da4-29906d3d80a3&big_category=A02&mid_category=A0201&big_area=34,천내강,"충남 금산군","사계절 자연 그대로의 모습을 간직한 곳","#관광지, #자연, #자연속으로, #자연여행, #자연좋은곳, #자연풍경, #자연환경, , , ","2025-03-17 12:56:11"
341,https://korean.visitkorea.or.kr/detail/ms_detail.do?cotid=5bdf81bd-2b32-4edc-9104-dd0a06bc6b8e&big_category=A02&mid_category=A0201&big_area=32,방태산,"강원 인제군","울창한 숲과 깨끗한 계곡을 간직한 곳","#강원권, #관광지, #등산, #등산객, #방태산, #산, #자연, #자연속으로, #자연여행, , , ","2025-03-17 12:56:18"
342,https://korean.visitkorea.or.kr/detail/ms_detail.do?cotid=7dc9cccf-c23e-4202-8462-7cb36e997e14&big_category=A02&mid_category=A0201&big_area=35,버드나무백숙,"경북 구미시","깔끔하고 쫄깃한 닭 요리 전문점","#맛집, #볶음탕, #오리백숙, #옻닭, #음식, #한방백숙","2025-03-17 12:56:18"
343,https://korean.visitkorea.or.kr/detail/ms_detail.do?cotid=817fbfa6-0dc3-419c-b8d9-9c7f67438a19&big_category=A02&mid_category=A0201&big_area=2,갑곶돈대,"인천 강화군","강화도의 풍경을 담은 곳","#2024_여행가는달과함께하는_발도장여행지, #가족여행, #갑곶돈대, #강화가볼만한곳, , , , , , , , , , , , , , , , , , ","2025-03-17 12:56:18"
344,https://korean.visitkorea.or.kr/detail/ms_detail.do?cotid=78863720-f9c2-4cab-935e-e00f62905e45&big_category=A02&mid_category=A0201&big_area=35,복어세상,"경북 경산시","복어로 만드는 다양한 요리","#맛집, #밀복맑은탕, #복불고기, #음식, #참복_샤브구이","2025-03-17 12:56:18"
345,https://korean.visitkorea.or.kr/detail/ms_detail.do?cotid=a9611a40-d7d8-4b54-aed2-f29eee9f2057&big_category=A02&mid_category=A0201&big_area=34,"홍성 속동갯벌마을","충남 홍성군","천수만에서 경험하는 갯벌체험","#갯벌, #갯벌, #갯벌체험, #갯벌체험장, #관광지, #속동갯벌, #아이와함께, #어촌마을, , , , , , , , , ","2025-03-17 12:56:18"
346,https://korean.visitkorea.or.kr/detail/ms_detail.do?cotid=202ce945-5836-4314-aabe-b3036c46b09e&big_category=A02&mid_category=A0201&big_area=1,"채석장 전망대","서울 종로구","채석장의 역사를 간직한 전망대","#가족과함께, #경치여행, #경치좋은곳, #관광지, #서울야경, #아이와함께, #역사공부, , , , , , , , , ","2025-03-17 12:56:18"
347,https://korean.visitkorea.or.kr/detail/ms_detail.do?cotid=0341acac-6176-44bd-a6f2-706f429438da&big_category=A02&mid_category=A0201&big_area=35,솔매기식당,"경북 경산시","공기 좋고 물 좋은 곳에서 즐기는 우리네 향토음식","#경상권, #맛집, #산채비빔밥, #솔매기식당, #송이두부버섯전골, #순두부찌개, , , , , ","2025-03-17 12:56:18"
348,https://korean.visitkorea.or.kr/detail/ms_detail.do?cotid=86ea57b9-625c-4569-9421-ad3df77cdd4d&big_category=A02&mid_category=A0201&big_area=1,부암동,"서울 종로구","풍경이 미술관이 되는 곳","#걷기여행, #관광지, #데이트코스, #도심여행, #드라마촬영지, #브런치카페, , , , , , , , , , , ","2025-03-17 12:56:18"
349,https://korean.visitkorea.or.kr/detail/ms_detail.do?cotid=44128029-c50a-47d4-8bb2-3e2c35df1b51&big_category=A02&mid_category=A0201&big_area=32,"[강릉 바우길 4구간] 사천 둑방길","강원 강릉시","4구간 : 15.7㎞ / 소요시간 5~6시간","#강릉바우길, #강릉트래킹, #레포츠, #자연속으로, #자연여행, #자연좋은곳, , , , ","2025-03-17 12:56:19"
350,https://korean.visitkorea.or.kr/detail/ms_detail.do?cotid=55353147-e9a1-4c5e-97b9-51320620492f&big_category=A02&mid_category=A0201&big_area=33,"문화산수 옥화구곡 관광길","충북 청주시","역사와 문화가 함께하는 자연친화적인 관광길","#경치여행, #경치좋은곳, #남녀노소, #레포츠, #산책코스, #산책하기좋은곳, , , , , ","2025-03-17 12:56:19"
351,https://korean.visitkorea.or.kr/detail/ms_detail.do?cotid=a45e65d0-997a-46a2-966d-70778dcdcc31&big_category=A02&mid_category=A0201&big_area=36,연호사,"경남 합천군","신라 장병의 원혼을 달래기 위해 지은 원찰 연호사","#가족여행, #경상권, #관광지, #불교, #불교문화, #사찰, #사찰&산사, #사찰여행, , , , , , , , , , , , ","2025-03-17 12:56:26"
352,https://korean.visitkorea.or.kr/detail/ms_detail.do?cotid=0d909cd4-337a-4c69-86e4-90713e1de444&big_category=A02&mid_category=A0201&big_area=31,"구름산 산림욕장(구름산 도시자연공원)","경기 광명시","피톤치드가 가득한 도심 속 휴식 공간","#가족, #관광지, #구름산, #나들이, #산림욕장, #주말, #피톤치드, #힐링","2025-03-17 12:56:26"
353,https://korean.visitkorea.or.kr/detail/ms_detail.do?cotid=e225d43d-ef0d-41a5-ab5d-4041d973d816&big_category=A02&mid_category=A0201&big_area=2,"강화 달빛동화마을","인천 강화군","피곤에 지친 도시민들의 마음까지 사로잡는 마을","#가족과함께, #가족체험, #강화가볼만한곳, #관광지, #농촌, #농촌체험, #농촌체험마을, , , , , , , , , , , ","2025-03-17 12:56:26"
354,https://korean.visitkorea.or.kr/detail/ms_detail.do?cotid=38e97d6a-e513-4d65-9de4-81ff1fc05f12&big_category=A02&mid_category=A0201&big_area=34,"잠홍 저수지(상홍지)","충남 서산시","서산에 위치한 평지형 저수지","#데이트장소, #레포츠, #산책하기좋은곳, #서산시, #서산저수지, #잠홍저수지, ","2025-03-17 12:56:26"
355,https://korean.visitkorea.or.kr/detail/ms_detail.do?cotid=fabb7345-b36e-461a-ba64-b265c8cbc08b&big_category=A02&mid_category=A0201&big_area=32,월명낚시터,"강원 양구군","파로호를 즐기기 좋은 낚시터","#낚시터, #레포츠, #월명낚시터","2025-03-17 12:56:26"
356,https://korean.visitkorea.or.kr/detail/ms_detail.do?cotid=b4af78f3-4e7b-4794-990d-352f4ddc29f6&big_category=A02&mid_category=A0201&big_area=38,국립나주숲체원,"전남 나주시","금성산 숲을 체험하고 배우며, 문화를 즐길 수 있는 산림복지시설","#가족과함께, #관광지, #나주가볼만한곳, #나주국립숲체원, #산림교육, #숲e랑, , , , , ","2025-03-17 12:56:26"
357,https://korean.visitkorea.or.kr/detail/ms_detail.do?cotid=08ad6d76-9da7-444a-b4a2-88a3d0144e4c&big_category=A02&mid_category=A0201&big_area=35,코오롱가든골프장,"경북 경주시","아름다운 숲 속 라운딩의 감동을 느껴보자 !","#경상권, #경주, #골프, #골프장, #레포츠, #자연좋은곳, #자연풍경, #자연환경, , , , ","2025-03-17 12:56:26"
358,https://korean.visitkorea.or.kr/detail/ms_detail.do?cotid=cbe068a0-226a-4bad-a86a-b54de028161c&big_category=A02&mid_category=A0201&big_area=2,"강화 석수문","인천 강화군","조선후기 강화산성의 내성에 연결된 수문","#강화석수문, #관광지, #서울근교여행, #아이와함께, #역사, #역사공부, #역사관광지, , , , , , , , ","2025-03-17 12:56:26"
359,https://korean.visitkorea.or.kr/detail/ms_detail.do?cotid=4be78b69-8070-45f3-8f13-107a2d6c0cac&big_category=A02&mid_category=A0201&big_area=2,도래미마을,"인천 강화군","다양한 체험을 할 수 있는 마을","#가족과함께, #강화가볼만한곳, #관광지, #농촌, #농촌마을, #농촌여행, #농촌체험, , , , , , , , , , , ","2025-03-17 12:56:26"
360,https://korean.visitkorea.or.kr/detail/ms_detail.do?cotid=ffeea722-3eb3-46e0-ba81-84320cdcfc6b&big_category=A02&mid_category=A0201&big_area=35,"경주 원성왕릉","경북 경주시","신라시대, 가장 완비된 형식의 왕릉","#경상권, #경주원성왕릉, #관광지, #교과서속여행, #아이와함께, #역사, #역사공부, , , , , , , , , ","2025-03-17 12:56:27"
361,https://korean.visitkorea.or.kr/detail/ms_detail.do?cotid=5fae57db-4f50-4f49-8eae-b183e6be8b2a&big_category=A02&mid_category=A0201&big_area=2,이섭정,"인천 강화군","강화도와 김포 사이를 흐르는 염하강의 절경을 볼 수 있는 곳","#관광지, #수도권, #역사, #역사공부, #역사관광지, #역사를품은곳, #역사문화재, , , , , , , , ","2025-03-17 12:56:34"
362,https://korean.visitkorea.or.kr/detail/ms_detail.do?cotid=a60c5c16-e507-478a-b3e4-998ee5ccca7a&big_category=A02&mid_category=A0201&big_area=1,수성동계곡,"서울 종로구","아름다운 풍경을 간직한 계곡","#관광지, #수성곡계곡","2025-03-17 12:56:34"
363,https://korean.visitkorea.or.kr/detail/ms_detail.do?cotid=1ee30e56-77a5-48a7-967a-414706df9c54&big_category=A02&mid_category=A0201&big_area=35,"경주 남산동 동ㆍ서 삼층석탑","경북 경주시","통일신라 시대의 모전석탑","#경상권, #경주남산동동탑, #경주남산동서탑, #관광지, #보물, #역사, #역사공부, , , , , , , , , , , ","2025-03-17 12:56:34"
364,https://korean.visitkorea.or.kr/detail/ms_detail.do?cotid=93e41a3a-7a67-4d65-9d50-463462ef2d69&big_category=A02&mid_category=A0201&big_area=33,"청풍호 유람선","충북 제천시","내륙의 바다라 불리는 청풍호반에서의 아름다운 추억","#관광지, #유람선, #제천가볼만한곳, #제천데이트장소, #청풍호, #청풍호반, ","2025-03-17 12:56:34"
365,https://korean.visitkorea.or.kr/detail/ms_detail.do?cotid=8c8fcbbb-b78a-41fa-8f63-886b270940c4&big_category=A02&mid_category=A0201&big_area=2,용흥궁,"인천 강화군","조선 제 25대 왕 철종이 왕위에 오르기 전 머물렀던 곳","#강원권, #관광지, #교과서속여행, #역사, #역사공부, #역사관광지, #역사를품은곳, , , , , , , , , ","2025-03-17 12:56:34"
366,https://korean.visitkorea.or.kr/detail/ms_detail.do?cotid=1963f031-b0ba-402a-b994-1a1808852c42&big_category=A02&mid_category=A0201&big_area=1,청룡사(서울),"서울 종로구","도심 속에 위치한 사찰","#관광지, #도심속, #불교, #불교문화, #사찰, #사찰여행, #수도권, #역사, #전통사찰, , , , , ","2025-03-17 12:56:34"
367,https://korean.visitkorea.or.kr/detail/ms_detail.do?cotid=e7b5b7d1-e053-4171-bcd5-3bd8030d9f26&big_category=A02&mid_category=A0201&big_area=32,백덕산(평창),"강원 평창군","능선의 곳곳마다 아름다운 자연이 숨어있는 산","#경치여행, #경치좋은곳, #관광지, #등산, #등산객, #자연, #자연속으로, #자연여행, , , ","2025-03-17 12:56:34"
368,https://korean.visitkorea.or.kr/detail/ms_detail.do?cotid=d7defd51-0d75-45a0-b043-ae747ac42575&big_category=A02&mid_category=A0201&big_area=2,난정저수지,"인천 강화군","해바라기 정원이 아름다운 교동의 명소","#DMZ, #DMZ여행, #가을꽃, #가을꽃여행, #강화가볼만한곳, #관광지, #난정저수지, , ","2025-03-17 12:56:34"
369,https://korean.visitkorea.or.kr/detail/ms_detail.do?cotid=e1efe40c-c332-4d58-b746-ce86135bd8ea&big_category=A02&mid_category=A0201&big_area=32,여송정,"강원 정선군","애절한 사랑 이야기가 담긴 공간","#관광지, #사랑이야기, #아우라지, #정선가볼만한곳, #정선관광지","2025-03-17 12:56:34"
370,https://korean.visitkorea.or.kr/detail/ms_detail.do?cotid=3a31b902-c67b-4e9b-a0ae-e546111997b2&big_category=A02&mid_category=A0201&big_area=35,[백년가게]진가네대구갈비,"경북 경주시","오랜 세월 변함없이 사랑받는 매운 양푼이 갈비찜","#갈비탕, #경주맛집, #경주여행, #대구갈비, #돼지갈비찜, #백년가게, #연중무휴, , , , ","2025-03-17 12:56:34"
371,https://korean.visitkorea.or.kr/detail/ms_detail.do?cotid=2643f867-41a4-424d-a570-e108e719362b&big_category=A02&mid_category=A0201&big_area=35,"농가맛집 뜰","경북 안동시","선비의 고장에서 맛보는 안동 특화 한정식","#맛집, #안동맛집, #음식, #한정식","2025-03-17 12:56:42"
372,https://korean.visitkorea.or.kr/detail/ms_detail.do?cotid=4735e4ca-e0e7-4f61-a7a1-abdf86499add&big_category=A02&mid_category=A0201&big_area=34,명탄서원,"충남 공주시","이명성과 이명덕의 위패와 영정을 모신 곳","#관광지, #명탄서원, #역사, #역사공부, #역사관광지, #역사를품은곳, #역사문화재, , , , , , , , ","2025-03-17 12:56:42"
373,https://korean.visitkorea.or.kr/detail/ms_detail.do?cotid=d8fb8b01-037e-4901-9534-a7e3070639a6&big_category=A02&mid_category=A0201&big_area=32,마차리폐광촌,"강원 영월군","문화와 예술을 품고있는 폐광마을","#가족과함께, #관광지, #아이와함께, #역사여행, #폐광촌, #휴식하기좋은곳","2025-03-17 12:56:42"
374,https://korean.visitkorea.or.kr/detail/ms_detail.do?cotid=9e220c6d-c651-4a1a-837e-11ebfe8a27bc&big_category=A02&mid_category=A0201&big_area=35,"늘푸른체험학교 캠핑장","경북 영천시","아름다운 경치와 시원한 그늘을 마음껏 느낄 수 있는 곳","#가족여행, #농촌체험, #레포츠, #캠핑, #폐교","2025-03-17 12:56:42"
375,https://korean.visitkorea.or.kr/detail/ms_detail.do?cotid=0212ad30-3705-4e8e-b2c8-5bc7f2f740cc&big_category=A02&mid_category=A0201&big_area=35,"삼사해상공원 (삼사해상산책로)","경북 영덕군","아름다운 경치와 바다 위 해상산책로가 조화를 이루는 삼사해상공원","#2024_여행가는달과함께하는_발도장여행지, #가볼래터, #가족여행, #걷기여행, , , , , , , , , , , , , , , , ","2025-03-17 12:56:42"
376,https://korean.visitkorea.or.kr/detail/ms_detail.do?cotid=8e1c75a7-77e2-4deb-9f8b-599b75de5de8&big_category=A02&mid_category=A0201&big_area=34,안면카트체험장,"충남 태안군","서해안 최초의 카트 체험장","#레포츠, #안면도여행, #안면카트체험장, #카트체험, #태안가볼만한곳, #태안여행","2025-03-17 12:56:42"
377,https://korean.visitkorea.or.kr/detail/ms_detail.do?cotid=7a4f6b19-eb42-4d95-94f4-c4f227b4a657&big_category=A02&mid_category=A0201&big_area=34,"아산 영인산자연휴양림 숲속야영장","충남 아산시","몸과 마음의 휴식공간, 영인산자연휴양림","#관광지, #숲치유, #아이와함께, #영인산자연휴양림, #자연, #자연속으로, #자연좋은곳, , , , , , , , ","2025-03-17 12:56:42"
378,https://korean.visitkorea.or.kr/detail/ms_detail.do?cotid=72a1f3b7-f934-40f4-9fa9-06e0edbe1e96&big_category=A02&mid_category=A0201&big_area=34,대흥동헌,"충남 예산군","충남 예산의 아름다움을 간직하고 있는 대흥동헌","#관광지, #역사, #역사공부, #역사관광지, #역사를품은곳, #역사속, #역사속으로, , , , , ","2025-03-17 12:56:42"
379,https://korean.visitkorea.or.kr/detail/ms_detail.do?cotid=8b70b968-41fc-49b5-b867-343961402ef6&big_category=A02&mid_category=A0201&big_area=36,가오치선착장,"경남 통영시","사량도로 갈 수 있는 여객선을 운행 중인 선착장","#가오치선착장, #가오치항, #관광지, #사량도배편, #통영가볼만한곳, #통영관광명소, , ","2025-03-17 12:56:42"
380,https://korean.visitkorea.or.kr/detail/ms_detail.do?cotid=d76a698b-d899-41d4-b95a-52bf402c641e&big_category=A02&mid_category=A0201&big_area=35,용연폭포,"경북 청송군","신비로운 모습을 볼 수 있는 용연폭포","#경북, #관광지, #신비로운, #용연폭포, #청송군, #청송유네스코세계지질공원","2025-03-17 12:56:42"
381,https://korean.visitkorea.or.kr/detail/ms_detail.do?cotid=2adbdbca-757b-4739-897e-1f260c6fb7cc&big_category=A02&mid_category=A0201&big_area=36,수우도,"경남 통영시","기암괴석과 해변 경관이 뛰어난 섬","#가볼래터, #경상권, #경치좋은곳, #관광지, #등산, #바다내음, #섬, #수우도, , , , , , , ","2025-03-17 12:56:50"
382,https://korean.visitkorea.or.kr/detail/ms_detail.do?cotid=b3b2f921-09f4-44ec-8b94-5e8bfa1f7c10&big_category=A02&mid_category=A0201&big_area=35,토함산자연휴양림,"경북 경주시","불국사와 석굴암을 품고 있는 토함산의 휴양시설","#관광지, #자연","2025-03-17 12:56:50"
383,https://korean.visitkorea.or.kr/detail/ms_detail.do?cotid=09a469c2-9861-4748-a913-119ac61f5b6a&big_category=A02&mid_category=A0201&big_area=1,"우당 이회영 선생 흉상","서울 중구","대한의 독립을 위해 앞장섰던 애국지사 기념 흉상","#관광지, #수도권, #아이와함께, #역사, #역사공부, #역사를품은곳, #역사속, , , , , , ","2025-03-17 12:56:50"
384,https://korean.visitkorea.or.kr/detail/ms_detail.do?cotid=ac763886-d1f0-4db6-b5c6-5831cb959742&big_category=A02&mid_category=A0201&big_area=35,불정자연휴양림,"경북 문경시","레포츠와 휴식을 동시에 즐길 수 있는 불정자연휴양림","#관광지, #불정자연휴양림, #자연, #자연휴양림, #힐링여행","2025-03-17 12:56:50"
385,https://korean.visitkorea.or.kr/detail/ms_detail.do?cotid=c1299e61-b4a8-4387-92c7-c788b6e3f7c8&big_category=A02&mid_category=A0201&big_area=3,"대전 한화생명 볼파크","대전 중구","프로야구팀 한화 이글스의 홈구장","#대전야구, #대전야구장, #레포츠, #야구장데이트, #프로야구, #한화구장, #한화이글스파크","2025-03-17 12:56:50"
386,https://korean.visitkorea.or.kr/detail/ms_detail.do?cotid=e962d58e-0e57-44ed-ba93-1d363f781aa9&big_category=A02&mid_category=A0201&big_area=34,"칠갑산 오토캠핑장","충남 청양군","아이들과 방문하기 좋은 캠핑장","#레포츠, #청양, #청양1박2일, #청양숙박, #청양칠갑산, #청양칠갑산오토캠핑장, , ","2025-03-17 12:56:50"
387,https://korean.visitkorea.or.kr/detail/ms_detail.do?cotid=7fb54483-f43a-41bf-a618-fb9d5621f74f&big_category=A02&mid_category=A0201&big_area=31,열쇠전망대,"경기 연천군","멀리 북한땅이 한눈에 들어오는 전망대","#DMZ여행, #DMZ평화여행, #경치좋은곳, #관광지, #역사를품은곳, #역사속으로, , , , , , , , , ","2025-03-17 12:56:50"
388,https://korean.visitkorea.or.kr/detail/ms_detail.do?cotid=be751bdb-6153-471f-a2bc-8fc2ff7108b6&big_category=A02&mid_category=A0201&big_area=35,워낭소리공원,"경북 봉화군","사람과 사랑을 울리는 워낭소리","#가족과함께, #공원, #관광지, #봉화, #영화, #워낭소리, #힐링","2025-03-17 12:56:50"
389,https://korean.visitkorea.or.kr/detail/ms_detail.do?cotid=91042600-5530-42e0-9575-ffab809c2584&big_category=A02&mid_category=A0201&big_area=39,하례감귤체험농장,"제주 서귀포시","맛있는 감귤 따기 체험이 가능한 예쁘고 아기자기한 귤밭","#관광지, #귤따기체험, #제주가볼만한곳, #제주감귤농장, #제주관광명소, #제주농장체험, , ","2025-03-17 12:56:50"
390,https://korean.visitkorea.or.kr/detail/ms_detail.do?cotid=1094f91b-7d11-4e0e-a16a-26866a65b788&big_category=A02&mid_category=A0201&big_area=5,"광주호 호수생태원","광주 북구","도심 속 자연 학습의 장","#2022친환경추천여행지, #2024_여행가는달과함께하는_발도장여행지, #가족여행, , , , , , , , , , , , , , , , , , , ","2025-03-17 12:56:58"
391,https://korean.visitkorea.or.kr/detail/ms_detail.do?cotid=054e2bb9-8ad1-4c25-8387-1f2166f58b99&big_category=A02&mid_category=A0201&big_area=33,"단양 패러글라이딩 패러에 반하다","충북 단양군","베테랑 파일럿과 함께하는 패러글라이딩","#단양, #단양여행, #단양패러글라이딩, #레포츠, #이색데이트, #익스트림스포츠, ","2025-03-17 12:56:58"
392,https://korean.visitkorea.or.kr/detail/ms_detail.do?cotid=6540cf13-b1b6-4ca9-bbd6-81e4fdb1ce4c&big_category=A02&mid_category=A0201&big_area=34,"미소레 커피","충남 천안시","우수성을 인정받은 향긋한 커피","#맛집, #쉬기좋은커피숍, #아늑한카페, #음식, #천안, #커피, #커피맛집","2025-03-17 12:56:58"
393,https://korean.visitkorea.or.kr/detail/ms_detail.do?cotid=1473d2cf-9af6-422b-b266-a3b7ac6b116f&big_category=A02&mid_category=A0201&big_area=2,교동제비집,"인천 강화군","평화 통일의 섬 교동도","#VR체험, #강화가볼만한곳, #관광지, #남녀노소, #아이와함께, #연인과함께, , , , , , , ","2025-03-17 12:56:58"
394,https://korean.visitkorea.or.kr/detail/ms_detail.do?cotid=79416a42-36a9-45a7-bfdc-6489af0cd4ed&big_category=A02&mid_category=A0201&big_area=33,선광집,"충북 옥천군","기가막힌 맛을 선보이는 곳","#도리뱅뱅, #맛집, #생선국수, #생선국수, #생선튀김, #옥천군, #음식","2025-03-17 12:56:58"
395,https://korean.visitkorea.or.kr/detail/ms_detail.do?cotid=5a9ff9b5-4959-4a53-b554-827f4a27d07d&big_category=A02&mid_category=A0201&big_area=33,할머니네맛식당,"충북 괴산군","구수한 된장과 올갱이의 만남","#괴산군맛집, #맛집, #맛집추천, #올갱이, #올갱이국, #음식, #한식맛집","2025-03-17 12:56:58"
396,https://korean.visitkorea.or.kr/detail/ms_detail.do?cotid=13d1fc96-5fb0-41ac-b044-4d398971d01a&big_category=A02&mid_category=A0201&big_area=1,"동대문 문구완구거리","서울 종로구","국내 최대 문구·완구를 취급하는 전문 시장","#관광지, #남녀노소, #동대문구, #문구거리, #문구완구, #소매상, #소매점, #수도권, , , , ","2025-03-17 12:56:58"
397,https://korean.visitkorea.or.kr/detail/ms_detail.do?cotid=cd941b46-51de-4a42-b404-1515c83c810b&big_category=A02&mid_category=A0201&big_area=33,"남한강 래프팅(단양)","충북 단양군","빼어난 자연환경 속에서 즐기는 수상 레포츠 !","#ATV, #꿀잼_액티비티, #남한강, #남한강래프팅, #남한강레포츠, #레포츠, #서바이벌, , , , , ","2025-03-17 12:56:58"
398,https://korean.visitkorea.or.kr/detail/ms_detail.do?cotid=81ddad91-0b24-4a51-874e-f284cb7e7694&big_category=A02&mid_category=A0201&big_area=35,순흥전통묵집,"경북 영주시","40년 전통의 영주향토음식점, 순흥전통묵집","#맛집, #모두부, #음식, #전통묵밥","2025-03-17 12:56:58"
399,https://korean.visitkorea.or.kr/detail/ms_detail.do?cotid=b1eb43b5-f0e7-4f57-9056-fbaa76731f50&big_category=A02&mid_category=A0201&big_area=2,"석모도 수목원","인천 강화군","천혜의 자연환경과 교감하는 수목원","#2024_여행가는달과함께하는_발도장여행지, #가족여행, #걷기길, #관광지, , , , , , , , , , ","2025-03-17 12:56:58"
400,https://korean.visitkorea.or.kr/detail/ms_detail.do?cotid=3f85f605-84df-4f18-b510-26537732b6bf&big_category=A02&mid_category=A0201&big_area=33,장다리식당,"충북 단양군","정갈한 반찬이 감동적인 한정식 가게","#단양맛집, #단양한정식, #단양한정식맛집, #마늘떡갈비, #마늘비빔육회, #마늘정식, , , , , , ","2025-03-17 12:57:05"
