statNm,statId,addr,addrDetail,location,useTime,lat,lng,busiId,bnm,busiNm,busiCall,chgerType,output,method,available_chargers,num_chargers,congestion_ratio,working_ratio,statUpdDt,lastTsdt,lastTedt,nowTsdt,zcode,zscode,kind,kindDetail,parkingFree,note,limitYn,limitDetail,delYn,delDetail,trafficYn,year,regionName,distance_km,is_free_parking,has_convenience,is_fast,avg_cost,inv_cost,is_free_parking_score,working_ratio_score,congestion_ratio_score,inv_cost_score,has_convenience_score,is_fast_score,distance_km_score,total_score
서하 보건지소(함양),PC001208,경상남도 함양군 서하면 송계앞길 7,,지상 주차장,24시간 이용가능,35.647494728,127.69709852,PC,파킹클라우드,아이파킹,1533-5783,"2,4","50.0,7.0",단독,2,2,0.0,1.0,2025-05-12 18:41:30,2025-05-10 05:31:28,2025-05-10 06:15:18,,48,48870,I0,I003,Y,,N,,N,,N,2025,경상남도,0.6166364486836039,1,0,0,300,0.0033333333222222,0.5,1.0,0.8,0.0026666666577777,0.0,0.0,-0.924954673025406,1.3777119936323718
함양 서하면 사무소,HY000263,경상남도 함양군 서하면 함양남서로 3937,서하면사무소 주차장 안쪽,경상남도 함양군 서하면 함양남서로 3937 서하면사무소 주차장 안쪽,24시간 이용가능,35.647508,127.695504,HY,현대엔지니어링,현대엔지니어링,1833-8777,2,7.0,단독,1,1,0.0,1.0,2025-05-15 09:11:04,2025-05-14 17:56:49,2025-05-15 09:09:53,,48,48870,A0,A002,N,,N,,N,,N,2023,경상남도,0.5710381540273565,0,0,0,300,0.0033333333222222,0.0,1.0,0.8,0.0026666666577777,0.0,0.0,-0.8565572310410348,0.946109435616743
서상시장,KP005111,경상남도 함양군 서상면 칠형정뒷길 16,,,24시간 이용가능,35.6798,127.688,KP,한국전력공사,한국전력,1899-2100,4,100.0,단독,1,1,0.0,1.0,2025-05-15 14:03:07,2025-05-15 13:47:02,2025-05-15 14:01:45,,48,48870,B0,B001,Y,,N,,N,,N,2022,경상남도,3.0831219432217396,1,0,0,300,0.0033333333222222,0.5,1.0,0.8,0.0026666666577777,0.0,0.0,-4.62468291483261,-2.322016248174832
함양 부전계곡 주차장,HY000256,경상남도 함양군 서상면 부전계곡로 314-66,공영주차장,경상남도 함양군 서상면 부전계곡로 314-66 공영주차장,24시간 이용가능,35.644928,127.66134,HY,현대엔지니어링,현대엔지니어링,1833-8777,2,7.0,단독,2,2,0.0,1.0,2025-05-05 17:44:02,2025-05-05 09:55:38,2025-05-05 17:43:19,,48,48870,B0,B001,N,,N,,N,,N,2023,경상남도,3.095022916078924,0,0,0,300,0.0033333333222222,0.0,1.0,0.8,0.0026666666577777,0.0,0.0,-4.6425343741183855,-2.839867707460608
함양 서상면사무소,HY000264,경상남도 함양군 서상면 서상로 260,서상면사무소 주차장,경상남도 함양군 서상면 서상로 260 서상면사무소,24시간 이용가능,35.679042,127.687862,HY,현대엔지니어링,현대엔지니어링,1833-8777,2,7.0,단독,0,1,1.0,1.0,2025-05-15 11:29:03,2025-05-15 11:28:57,2025-05-14 10:53:01,2025-05-15 11:28:57,48,48870,A0,A002,N,,N,,N,,N,2023,경상남도,3.0027023598592306,0,0,0,300,0.0033333333222222,0.0,1.0,0.0,0.0026666666577777,0.0,0.0,-4.5040535397888455,-3.501386873131068
천안삼거리(서울) 휴게소,ME21A309,충청남도 천안시 동남구 구성동 153-77,,,24시간 이용가능,36.7876902,127.1733336,ME,환경부,환경부,1661-9408,4,100.0,단독,2,3,0.3333333333333333,1.0,2025-05-15 16:14:15,2025-05-15 15:31:34,2025-05-15 16:08:18,2025-05-15 15:41:43,44,44130,C0,C001,Y,,N,,N,,N,2021,충청남도,0.5467368066280618,1,0,0,300,0.0033333333222222,0.5,1.0,0.5333333333333334,0.0026666666577777,0.0,0.0,-0.8201052099420927,1.2158947900490185
천안삼거리(서울) 휴게소,ME178011,충청남도 천안시 동남구 쉼1길 42 (삼룡동)173-1,,,24시간 이용가능,36.7882107,127.1735101,ME,환경부,환경부,1661-9408,6,50.0,단독,1,3,0.6666666666666667,0.6666666666666666,2025-05-15 16:15:10,2025-05-15 15:33:25,2025-05-15 15:41:35,2025-05-15 15:56:34,44,44130,C0,C001,Y,,N,,N,,N,2017,충청남도,0.5089158568325979,1,0,0,300,0.0033333333222222,0.5,0.6666666666666666,0.2666666666666666,0.0026666666577777,0.0,0.0,-0.7633737852488969,0.672626214742214
청수파출소,ME22D1F5,충청남도 천안시 동남구 청수14로 103, 충청남도 천안시 동남구 청수14로 103,,24시간 이용가능,36.7862377,127.1571478,ME,환경부,환경부,1661-9408,4,100.0,단독,1,1,0.0,1.0,2025-05-15 16:15:34,2025-05-15 14:55:22,2025-05-15 15:38:38,,44,44130,I0,I004,Y,,N,,N,,N,2022,충청남도,1.2986807543904342,1,0,0,300,0.0033333333222222,0.5,1.0,0.8,0.0026666666577777,0.0,0.0,-1.9480211315856513,0.3546455350721265
천안시종합복지사회복지관,ME19Y289,충청남도 천안시 동남구 천안대로 361,,,24시간 이용가능 / 토~일 미개방,36.7805357,127.1650371,ME,환경부,환경부,1661-9408,4,100.0,단독,2,2,0.0,1.0,2025-05-15 16:11:38,2025-05-15 14:40:41,2025-05-15 15:20:41,,44,44130,I0,I006,Y,,N,,N,,N,2019,충청남도,1.3276471225979436,1,0,0,300,0.0033333333222222,0.5,1.0,0.8,0.0026666666577777,0.0,0.0,-1.9914706838969152,0.3111959827608623
천안박물관,ME183155,충청남도 천안시 동남구 삼룡동 260-3,,,24시간 이용가능,36.786312,127.164105,ME,환경부,환경부,1661-9408,"4,6","100.0,50.0","단독,동시",0,3,1.0,0.0,2024-12-16 17:18:10,2024-12-10 15:37:11,2024-12-10 15:56:36,2024-12-10 15:37:49,44,44130,A0,A004,Y,,N,,N,,N,2018,충청남도,0.8034470919219282,1,0,0,300,0.0033333333222222,0.5,0.0,0.0,0.0026666666577777,0.0,0.0,-1.2051706378828924,-0.7025039712251145
농월정 관광단지 주차장,ME18C127,경상남도 함양군 안의면 농월정길9-13,,,24시간 이용가능,35.623657,127.783039,ME,환경부,환경부,1661-9408,6,100.0,단독,1,1,0.0,1.0,2025-05-15 15:54:07,2025-05-13 10:23:43,2025-05-13 11:05:18,,48,48870,B0,B002,Y,,N,,N,,N,2018,경상남도,3.006237718255954,1,0,0,300,0.0033333333222222,0.5,1.0,0.8,0.0026666666577777,0.0,0.0,-4.509356577383931,-2.2066899107261535
함양 농월정 주차장,HY000252,경상남도 함양군 안의면 농월정길 8-11,농월정 주차장,경상남도 함양군 안의면 농월정길 8-11 농월정 주차장,24시간 이용가능,35.623526,127.782737,HY,현대엔지니어링,현대엔지니어링,1833-8777,2,7.0,단독,2,2,0.0,1.0,2025-05-11 15:21:03,2025-05-11 12:41:35,2025-05-11 15:20:46,,48,48870,B0,B001,N,,N,,N,,N,2023,경상남도,2.9838659310131015,0,0,0,300,0.0033333333222222,0.0,1.0,0.8,0.0026666666577777,0.0,0.0,-4.4757988965196525,-2.6731322298618747
함양 개평마을,PC001209,경상남도 함양군 지곡면 병곡지곡로 899,,지상 주차장,24시간 이용가능,35.566991816,127.76788616,PC,파킹클라우드,아이파킹,1533-5783,4,50.0,단독,1,1,0.0,1.0,2025-05-12 18:22:33,2025-05-07 15:41:38,2025-05-07 15:56:17,,48,48870,D0,D003,Y,,N,,N,,N,2025,경상남도,3.474188823545561,1,0,0,300,0.0033333333222222,0.5,1.0,0.8,0.0026666666577777,0.0,0.0,-5.211283235318342,-2.908616568660564
함양 지곡면 사무소,HY000261,경상남도 함양군 지곡면 함양로 1890,함양 지곡면 사무소,경상남도 함양군 지곡면 함양로 1890 함양 지곡면 사무소,24시간 이용가능,35.566143,127.774013,HY,현대엔지니어링,현대엔지니어링,1833-8777,2,7.0,단독,1,1,0.0,1.0,2025-05-12 15:26:03,2025-05-12 08:38:36,2025-05-12 15:25:35,,48,48870,A0,A002,N,,N,,N,,N,2023,경상남도,3.5456447471772576,0,0,0,300,0.0033333333222222,0.0,1.0,0.8,0.0026666666577777,0.0,0.0,-5.318467120765886,-3.5158004541081085
안의면사무소,KP003403,경상남도 함양군 안의면 금성길 7,,,24시간 이용가능,35.62848523212,127.81112173453,KP,한국전력공사,한국전력,1899-2100,6,50.0,,1,1,0.0,1.0,2025-05-15 12:59:05,2025-05-15 12:21:26,2025-05-15 12:58:21,,48,48870,A0,A002,Y,,N,,N,,N,2019,경상남도,4.863778293170801,1,0,0,300,0.0033333333222222,0.5,1.0,0.8,0.0026666666577777,0.0,0.0,-7.295667439756202,-4.993000773098425
함양 수동면사무소,HY000260,경상남도 함양군 수동면 수동길 27,수동면사무소,경상남도 함양군 수동면 수동길 27 수동면사무소,24시간 이용가능,35.522019,127.787759,HY,현대엔지니어링,현대엔지니어링,1833-8777,2,7.0,단독,1,1,0.0,1.0,2025-05-15 11:34:05,2025-05-15 11:25:33,2025-05-15 11:33:53,,48,48870,A0,A002,N,,N,,N,,N,2023,경상남도,0.3978292577868136,0,0,0,300,0.0033333333222222,0.0,1.0,0.8,0.0026666666577777,0.0,0.0,-0.5967438866802205,1.2059227799775574
창원 제일장례식장,NT100941,경상남도 함양군 함양읍 고운로 476-19,,,24시간 이용가능,35.525754147,127.77144897,NT,한국전자금융,한국전자금융,1533-2522,2,7.0,단독,1,1,0.0,1.0,2025-05-10 02:08:50,2025-05-10 00:38:50,2025-05-10 02:08:50,,48,48870,G0,G004,N,,N,,N,,N,2023,경상남도,1.382626114835106,0,0,0,300,0.0033333333222222,0.0,1.0,0.8,0.0026666666577777,0.0,0.0,-2.073939172252659,-0.2712725055948812
조망공원,ME23B1A1,경상남도 함양군 함양읍 신관리 820-17,경상남도 함양군 함양읍 신관리 820-17,,24시간 개방,35.5243924,127.7438771,ME,환경부,환경부,1661-9408,6,100.0,단독,1,1,0.0,1.0,2025-05-15 15:54:52,2025-05-15 09:36:02,2025-05-15 10:18:42,,48,48870,D0,D001,Y,,N,,N,,N,2023,경상남도,3.7297763819122474,1,0,0,300,0.0033333333222222,0.5,1.0,0.8,0.0026666666577777,0.0,0.0,-5.594664572868371,-3.2919979062105935
함양휴게소 (통영방향) (급),EC480010,경상남도 함양군 지곡면 효산길 23-31,,,24시간 이용가능,35.5519251,127.7584,EC,이지차저,이지차저,1544-3332,4,200.0,단독,2,2,0.0,1.0,2025-05-15 15:34:44,2025-05-15 15:05:19,2025-05-15 15:26:24,,48,48870,C0,C001,Y,,N,,N,,Y,2024,경상남도,4.318216022678578,1,1,0,300,0.0033333333222222,0.5,1.0,0.8,0.0026666666577777,0.4,0.0,-6.477324034017867,-3.7746573673600894
함양(통영) 휴게소,ME178056,경상남도 함양군 지곡면 효산길 23-31 (보산리),,,24시간 이용가능,35.5510049,127.7588744,ME,환경부,환경부,1661-9408,6,50.0,단독,1,1,0.0,1.0,2025-05-15 15:54:19,2025-05-15 15:10:41,2025-05-15 15:22:41,,48,48870,C0,C001,Y,,N,,N,,N,2017,경상남도,4.2092081911548505,1,0,0,300,0.0033333333222222,0.5,1.0,0.8,0.0026666666577777,0.0,0.0,-6.313812286732276,-4.0111456200744975
북신지구대,ME22D264,경상남도 통영시 무전대로 40,경상남도 통영시 무전대로 40,,24시간 이용가능,34.8598181,128.4250025,ME,환경부,환경부,1661-9408,4,100.0,단독,2,2,0.0,1.0,2025-05-15 15:56:13,2025-05-15 13:05:02,2025-05-15 13:27:42,,48,48220,I0,I004,Y,,N,,N,,N,2022,경상남도,0.4842584002167687,1,0,0,300,0.0033333333222222,0.5,1.0,0.8,0.0026666666577777,0.0,0.0,-0.726387600325153,1.5762790663326247
무전제2 공영주차장,HM003008,경상남도 통영시 무전동 1022,,지상 주차장,24시간 이용가능,34.8594798,128.4237781,HM,휴맥스이브이,휴맥스이브이,1800-3188,4,100.0,동시,2,2,0.0,1.0,2025-05-14 20:42:38,2025-05-14 18:56:26,2025-05-14 20:26:58,,48,48220,B0,B001,Y,,N,,N,,N,2023,경상남도,0.6020801629502975,1,0,0,300,0.0033333333222222,0.5,1.0,0.8,0.0026666666577777,0.0,0.0,-0.9031202444254464,1.3995464222323315
통영시청2청사,KP005098,경상남도 통영시 해미당1길 33,,,24시간 이용가능,34.8558,128.4309,KP,한국전력공사,한국전력,1899-2100,4,100.0,단독,2,2,0.0,1.0,2025-05-15 15:30:06,2025-05-15 15:13:16,2025-05-15 15:29:41,,48,48220,A0,A001,Y,,N,,N,,N,2022,경상남도,0.6230151643892509,1,0,0,300,0.0033333333222222,0.5,1.0,0.8,0.0026666666577777,0.0,0.0,-0.9345227465838764,1.3681439200739014
롯데마트 통영점 노외주차장,JA480023,경상남도 통영시 무전대로 65,롯데마트 통영점 노외주차장,지상 1층 입구 우측,24시간 이용가능,34.8616068,128.4275043,JA,이브이시스,이브이시스,1577-1556,4,100.0,동시,5,6,0.1666666666666666,1.0,2025-05-15 15:56:07,2025-05-15 15:56:07,2025-05-15 15:56:07,2025-05-15 15:56:07,48,48220,E0,E001,N,,N,,N,,N,2023,경상남도,0.2268057233603432,0,0,0,300,0.0033333333222222,0.0,1.0,0.6666666666666667,0.0026666666577777,0.0,0.0,-0.3402085850405148,1.3291247482839297
호라,TDM00003,경상남도 통영시 안개1길 16,호라호텔(모텔베니스),실내주차장,24시간 이용가능,34.8580972,128.4293071,TD,타디스테크놀로지,evPlug,02-6956-3000,2,7.0,단독,2,2,0.0,1.0,2025-05-08 09:02:11,2025-05-07 20:24:14,2025-05-08 02:43:00,,48,48220,E0,E003,N,,N,,N,,N,2020,경상남도,0.3668063648045881,0,0,0,300,0.0033333333222222,0.0,1.0,0.8,0.0026666666577777,0.0,0.0,-0.5502095472068822,1.2524571194508956
무주IC만남의광장점,ME19B407,전북특별자치도 무주군 무주로 1739,,,24시간 이용가능,35.973357,127.651458,ME,환경부,환경부,1661-9408,4,100.0,단독,4,4,0.0,1.0,2025-05-15 15:51:52,2025-05-15 15:11:41,2025-05-15 15:51:44,,52,52730,C0,C002,Y,,N,,N,,N,2019,전북특별자치도,2.8203017030070474,1,0,0,300,0.0033333333222222,0.5,1.0,0.8,0.0026666666577777,0.0,0.0,-4.230452554510571,-1.9277858878527936
무주소방서,NT101082,전북특별자치도 무주군 무주읍 당산강변로 126,,지상주차장(본청 뒤 주차면),24시간 이용가능,36.0028175,127.6551518,NT,한국전자금융,한국전자금융,1533-2522,"4,6","100.0,50.0","단독,동시",2,2,0.0,1.0,2025-05-15 13:37:50,2025-05-15 13:15:50,2025-05-15 13:37:50,,52,52730,A0,A001,N,,N,,N,,N,2023,전북특별자치도,2.8227044972106516,0,0,0,300,0.0033333333222222,0.0,1.0,0.8,0.0026666666577777,0.0,0.0,-4.234056745815978,-2.4313900791582
(급속)무주 진강원식당 뒤 공영주차장,WB510080,전북특별자치도 무주군 무주읍 주계로 79,공영주차장,,24시간 이용가능,36.0063096,127.6588522,WB,이브이루씨,(주)이브이루씨,1833-2909,4,100.0,단독,2,2,0.0,1.0,2025-05-15 13:05:01,2025-05-15 12:02:32,2025-05-15 12:46:21,,52,52730,B0,B001,Y,,N,,N,,N,2024,전북특별자치도,3.309323177200496,1,0,0,300,0.0033333333222222,0.5,1.0,0.8,0.0026666666577777,0.0,0.0,-4.963984765800744,-2.661318099142966
무주군 무주예체문화관,PI630341,전북특별자치도 무주군 무주읍 한풍루로 326-17,청소년수련관앞,청소년수련관앞,24시간 이용가능,36.002360884,127.66252875,PI,GS차지비,GS차지비,1600-4047,2,7.0,단독,1,1,0.0,1.0,2025-05-15 11:26:07,2025-05-15 10:20:30,2025-05-15 10:20:30,,52,52730,A0,A001,Y,,N,,N,,N,2022,전북특별자치도,3.393240020416908,1,0,0,300,0.0033333333222222,0.5,1.0,0.8,0.0026666666577777,0.0,0.0,-5.089860030625362,-2.787193363967584
무주군 예체문화관 P2주차장,JA520023,전북특별자치도 무주군 무주읍 당산리 1135-3,,,24시간 이용가능,36.0026507,127.6636828,JA,이브이시스,이브이시스,1577-1556,"2,4","100.0,11.0,7.0",단독,5,5,0.0,1.0,2025-05-15 12:42:11,2025-05-15 12:07:18,2025-05-15 12:42:11,,52,52730,G0,G004,Y,,N,,N,,N,2024,전북특별자치도,3.501296201907135,1,0,0,300,0.0033333333222222,0.5,1.0,0.8,0.0026666666577777,0.0,0.0,-5.251944302860703,-2.949277636202925
천안상록리조트,ME18A312,충청남도 천안시 동남구 수신면 수신로 576,,,24시간 이용가능,36.742044,127.286159,ME,환경부,환경부,1661-9408,"4,6","100.0,200.0","단독,동시",3,3,0.0,1.0,2025-05-15 16:15:14,2025-05-15 06:07:37,2025-05-15 06:24:08,,44,44130,E0,E003,Y,,N,,N,,N,2018,충청남도,1.582768898123325,1,0,0,300,0.0033333333222222,0.5,1.0,0.8,0.0026666666577777,0.0,0.0,-2.3741533471849876,-0.0714866805272098
천안호두(부산) 휴게소,ME18A504,충청남도 천안시 동남구 수신면 성남로 793-40,,,24시간 이용가능,36.730579,127.262657,ME,환경부,환경부,1661-9408,6,100.0,단독,1,1,0.0,1.0,2025-05-15 16:13:11,2025-05-15 15:53:12,2025-05-15 16:02:29,,44,44130,C0,C001,Y,,N,,N,,N,2018,충청남도,3.08214615747845,1,0,0,300,0.0033333333222222,0.5,1.0,0.8,0.0026666666577777,0.0,0.0,-4.623219236217675,-2.3205525695598976
병천 제1공영주차장,ME20C199,충청남도 천안시 동남구 병천리 211-1,,,24시간 이용가능,36.7594717,127.2990732,ME,환경부,환경부,1661-9408,4,100.0,단독,1,1,0.0,1.0,2025-05-15 16:14:05,2025-05-15 13:13:41,2025-05-15 13:53:41,,44,44130,B0,B001,Y,,N,,N,,N,2021,충청남도,3.1790882882365636,1,0,0,300,0.0033333333222222,0.5,1.0,0.8,0.0026666666577777,0.0,0.0,-4.7686324323548455,-2.4659657656970677
천안호두(부산) 휴게소,ME21A209,충청남도 천안시 동남구 성남면 대화리 산8-12,,,24시간 이용가능,36.7304185,127.2638826,ME,환경부,환경부,1661-9408,4,100.0,단독,0,2,1.0,0.5,2025-05-15 16:14:40,2025-05-15 15:00:12,2025-05-15 15:12:53,2025-05-15 16:06:28,44,44130,C0,C001,Y,,N,,N,,N,2021,충청남도,2.973215813890267,1,0,0,300,0.0033333333222222,0.5,0.5,0.0,0.0026666666577777,0.0,0.0,-4.4598237208354,-3.457157054177623
병천면 행정복지센터,ME19Y245,충청남도 천안시 동남구 병천면 병천2로 57,,,24시간 이용가능,36.765921,127.30236,ME,환경부,환경부,1661-9408,4,100.0,단독,2,2,0.0,1.0,2025-05-15 16:14:26,2025-05-15 14:14:26,2025-05-15 14:54:26,,44,44130,A0,A002,Y,,N,,N,,N,2019,충청남도,3.9186644063524105,1,0,0,300,0.0033333333222222,0.5,1.0,0.8,0.0026666666577777,0.0,0.0,-5.877996609528616,-3.575329942870838
화성 조형님,EP230176,경기도 화성시 동탄순환대로3가길 14-14,주차장,주차장,24시간 이용가능,37.166167773,127.09400275,EP,이카플러그,이카플러그,1833-4577,2,7.0,단독,1,1,0.0,1.0,2025-05-15 02:11:53,2025-04-26 10:04:26,2025-04-27 07:04:33,,41,41590,G0,G004,Y,,N,,N,,N,2023,경기도,0.2278329336895874,1,0,0,300,0.0033333333222222,0.5,1.0,0.8,0.0026666666577777,0.0,0.0,-0.3417494005343811,1.960917266123397
유명골프클럽,PMP00511,경기도 성남시 수정구 설개로 60,(유명골프클럽),,24시간 이용가능,37.1717709,127.0874782,PM,피라인모터스,피라인모터스,1234-5678,4,100.0,단독,4,4,0.0,1.0,2025-05-14 23:49:34,2025-05-14 22:49:34,2025-05-14 23:49:34,,41,41130,E0,E004,Y,,N,,N,,Y,2024,경기도,0.681360548486523,1,1,0,300,0.0033333333222222,0.5,1.0,0.8,0.0026666666577777,0.4,0.0,-1.0220408227297846,1.680625843927993
포근베이커리,PL030013,경기도 화성시 동탄순환대로3길 27-15,,,24시간 이용가능,37.1657985,127.096499,PL,플러그링크,플러그링크,1533-0702,2,7.0,단독,3,3,0.0,1.0,2025-05-11 13:50:45,2025-05-11 13:08:35,2025-05-11 13:50:45,,41,41590,G0,G004,N,,Y,시설 상황에 따라 이용이 제한될 수 있음,N,,Y,2024,경기도,0.4528039463232436,0,1,0,300,0.0033333333222222,0.0,1.0,0.8,0.0026666666577777,0.4,0.0,-0.6792059194848654,1.5234607471729122
동탄산단공영주차장,ST415994,경기도 화성시 동탄산단8길 15-12,주차장,주차장,24시간 이용가능,37.173499145,127.0895278,ST,SK일렉링크,SK일렉링크,1566-1704,4,100.0,동시,4,4,0.0,1.0,2025-05-15 14:13:21,2025-05-15 13:45:03,2025-05-15 14:13:21,,41,41590,B0,B001,Y,,N,,N,,Y,2023,경기도,0.7933179789582792,1,1,0,300,0.0033333333222222,0.5,1.0,0.8,0.0026666666577777,0.4,0.0,-1.1899769684374188,1.5126896982203588
화성 초스시(본점)(박성호),EP200002,경기도 화성시 동탄순환대로3길 28-17,(송동 431-2) 건물 옆,건물 옆,24시간 이용가능/시설 상황에 따라 이용이 제한될 수 있습니다,37.1657991,127.0940108,EP,이카플러그,이카플러그,1833-4577,2,7.0,단독,2,2,0.0,1.0,2025-05-13 23:04:00,2025-05-11 11:05:39,2025-05-12 05:05:43,,41,41590,E0,E006,N,,N,시설 상황에 따라 이용이 제한될 수 있음,N,,N,2020,경기도,0.2392862226793111,0,0,0,300,0.0033333333222222,0.0,1.0,0.8,0.0026666666577777,0.0,0.0,-0.3589293340189667,1.443737332638811
장계국민체육센터,ME24B173,전북특별자치도 장수군 장계면 체육공원길 54,,,24시간 이용가능,35.727875,127.592542,ME,환경부,환경부,1661-9408,4,100.0,단독,1,1,0.0,1.0,2025-05-15 15:54:51,2025-05-11 16:19:22,2025-05-11 16:59:22,,52,52740,J0,J007,Y,,N,,N,,N,2024,전북특별자치도,2.9474185107488213,1,0,0,300,0.0033333333222222,0.5,1.0,0.8,0.0026666666577777,0.0,0.0,-4.421127766123232,-2.118461099465454
장수군 레드푸드 융복합센터 주차장,JA450080,전북특별자치도 장수군 계남면 장무로 13-23,장수군 레드푸드 융복합센터 주차장,장수군 레드푸드 융복합센터 주차장,24시간 이용가능,35.7123528,127.5819894,JA,이브이시스,이브이시스,1577-1556,4,100.0,동시,6,6,0.0,1.0,2025-05-15 14:10:06,2025-05-15 13:14:03,2025-05-15 14:10:06,,52,52740,A0,A003,Y,,N,,N,,N,2023,전북특별자치도,3.3408094666869643,1,0,0,300,0.0033333333222222,0.5,1.0,0.8,0.0026666666577777,0.0,0.0,-5.011214200030446,-2.7085475333726685
논개생가지 주차장,ME19Y265,전북특별자치도 장수군 장계면 의암로 558,,,24시간 이용가능,35.680851,127.620807,ME,환경부,환경부,1661-9408,4,100.0,단독,2,2,0.0,1.0,2025-05-15 15:55:19,2025-05-13 16:37:19,2025-05-13 17:19:42,,52,52740,B0,B001,Y,,N,,N,,N,2020,전북특별자치도,3.5047899286327855,1,0,0,300,0.0033333333222222,0.5,1.0,0.8,0.0026666666577777,0.0,0.0,-5.257184892949178,-2.9545182262914005
장수군 백화마을 주차장,JA450081,전북특별자치도 장수군 계남면 고정길 3,장수군 백화마을 주차장,장수군 백화마을 주차장,24시간 이용가능,35.7048105,127.579849,JA,이브이시스,이브이시스,1577-1556,5,50.0,단독,1,1,0.0,1.0,2025-05-08 15:14:03,2025-05-08 14:35:04,2025-05-08 15:14:03,,52,52740,B0,B001,Y,,N,,N,,N,2023,전북특별자치도,3.63193301887667,1,0,0,300,0.0033333333222222,0.5,1.0,0.8,0.0026666666577777,0.0,0.0,-5.447899528315006,-3.145232861657228
계남면 공영주차장,ME20B1c7,전북특별자치도 장수군 계남면 화음리 968-1,,,24시간 이용가능,35.703113954,127.57840026,ME,환경부,환경부,1661-9408,4,100.0,단독,1,1,0.0,1.0,2025-05-15 15:55:34,2025-05-14 16:52:59,2025-05-14 17:05:17,,52,52740,B0,B001,Y,,N,,N,,N,2020,전북특별자치도,3.805815733365209,1,0,0,300,0.0033333333222222,0.5,1.0,0.8,0.0026666666577777,0.0,0.0,-5.708723600047813,-3.4060569333900355
서하 보건지소(함양),PC001208,경상남도 함양군 서하면 송계앞길 7,,지상 주차장,24시간 이용가능,35.647494728,127.69709852,PC,파킹클라우드,아이파킹,1533-5783,"2,4","50.0,7.0",단독,2,2,0.0,1.0,2025-05-12 18:41:30,2025-05-10 05:31:28,2025-05-10 06:15:18,,48,48870,I0,I003,Y,,N,,N,,N,2025,경상남도,4.164285237447112,1,0,0,300,0.0033333333222222,0.5,1.0,0.8,0.0026666666577777,0.0,0.0,-6.246427856170668,-3.9437611895128906
농월정 관광단지 주차장,ME18C127,경상남도 함양군 안의면 농월정길9-13,,,24시간 이용가능,35.623657,127.783039,ME,환경부,환경부,1661-9408,6,100.0,단독,1,1,0.0,1.0,2025-05-15 15:54:07,2025-05-13 10:23:43,2025-05-13 11:05:18,,48,48870,B0,B002,Y,,N,,N,,N,2018,경상남도,4.377332663755824,1,0,0,300,0.0033333333222222,0.5,1.0,0.8,0.0026666666577777,0.0,0.0,-6.565998995633736,-4.263332328975958
함양 서하면 사무소,HY000263,경상남도 함양군 서하면 함양남서로 3937,서하면사무소 주차장 안쪽,경상남도 함양군 서하면 함양남서로 3937 서하면사무소 주차장 안쪽,24시간 이용가능,35.647508,127.695504,HY,현대엔지니어링,현대엔지니어링,1833-8777,2,7.0,단독,1,1,0.0,1.0,2025-05-15 09:11:04,2025-05-14 17:56:49,2025-05-15 09:09:53,,48,48870,A0,A002,N,,N,,N,,N,2023,경상남도,4.283458499956574,0,0,0,300,0.0033333333222222,0.0,1.0,0.8,0.0026666666577777,0.0,0.0,-6.425187749934862,-4.622521083277084
함양 농월정 주차장,HY000252,경상남도 함양군 안의면 농월정길 8-11,농월정 주차장,경상남도 함양군 안의면 농월정길 8-11 농월정 주차장,24시간 이용가능,35.623526,127.782737,HY,현대엔지니어링,현대엔지니어링,1833-8777,2,7.0,단독,2,2,0.0,1.0,2025-05-11 15:21:03,2025-05-11 12:41:35,2025-05-11 15:20:46,,48,48870,B0,B001,N,,N,,N,,N,2023,경상남도,4.350914104597623,0,0,0,300,0.0033333333222222,0.0,1.0,0.8,0.0026666666577777,0.0,0.0,-6.526371156896435,-4.7237044902386565
대봉캠핑랜드주차장,KP005109,경상남도 함양군 병곡면 원산지소길 192,,,24시간 이용가능,35.5871,127.6794,KP,한국전력공사,한국전력,1899-2100,4,100.0,단독,2,2,0.0,1.0,2025-05-10 22:48:07,2025-05-10 22:13:16,2025-05-10 22:45:55,,48,48870,G0,G002,Y,,N,,N,,N,2022,경상남도,6.59714041510173,1,0,0,300,0.0033333333222222,0.5,1.0,0.8,0.0026666666577777,0.0,0.0,-9.895710622652595,-7.593043955994817
반포동방음언덕형공영주차장,ST116527,서울특별시 서초구 주흥3길 34,,지하1층주차장 출입구 좌측,24시간 이용가능,37.50407,127.018615,ST,SK일렉링크,SK일렉링크,1566-1704,4,100.0,동시,4,4,0.0,1.0,2025-05-15 14:41:28,2025-05-15 14:17:49,2025-05-15 14:38:24,,11,11650,B0,B001,N,,N,,N,,N,2022,서울특별시,0.0571808680727592,0,0,0,300,0.0033333333222222,0.0,1.0,0.8,0.0026666666577777,0.0,0.0,-0.0857713021091388,1.716895364548639
반포둥근마을공영주차장,ST116510,서울특별시 서초구 서초중앙로31길 14-5,,지상4층 옥상층 우측,24시간 이용가능,37.5000351,127.0104408,ST,SK일렉링크,SK일렉링크,1566-1704,"2,4","100.0,7.0","단독,동시",8,8,0.0,1.0,2025-05-14 22:55:09,2025-05-14 21:06:07,2025-05-14 22:49:17,,11,11650,B0,B001,Y,,N,,N,,Y,2022,서울특별시,0.7938657762795905,1,1,0,300,0.0033333333222222,0.5,1.0,0.8,0.0026666666577777,0.4,0.0,-1.1907986644193858,1.511868002238392
서울시 서초구 디오빌강남,PI645181,서울특별시 서초구 서초대로73길 54,,지하3층 루프옆,24시간 이용가능,37.5020135,127.0240712,PI,GS차지비,GS차지비,1600-4047,2,7.0,단독,2,2,0.0,1.0,2025-05-15 14:10:32,2025-05-15 02:00:54,2025-05-15 02:00:54,,11,11650,G0,G004,Y,,N,,N,,N,2024,서울특별시,0.5540011269866613,1,0,0,300,0.0033333333222222,0.5,1.0,0.8,0.0026666666577777,0.0,0.0,-0.831001690479992,1.4716649761777858
언구비공영주차장,ST116509,서울특별시 서초구 강남대로83길 55,,지상 3층 주차장 진입로 우측,24시간 이용가능,37.5047407,127.0209449,ST,SK일렉링크,SK일렉링크,1566-1704,"2,4","100.0,7.0","단독,동시",3,3,0.0,1.0,2025-05-15 13:55:54,2025-05-15 10:40:26,2025-05-15 13:51:22,,11,11650,B0,B001,N,,N,,N,,N,2022,서울특별시,0.2712673220356114,0,0,0,300,0.0033333333222222,0.0,1.0,0.8,0.0026666666577777,0.0,0.0,-0.4069009830534171,1.3957656836043606
반포복개천공영주차장,CV000848,서울특별시 서초구 서초중앙로 255,"(반포동, 금복주빌딩)",지상1층 반포복개천공영주차장,24시간 이용가능,37.504355,127.010062,CV,채비,채비,1522-2573,"4,6","100.0,200.0","단독,동시",4,4,0.0,1.0,2025-05-15 16:00:25,2025-05-15 15:36:06,2025-05-15 15:58:56,,11,11650,B0,B001,Y,,N,,N,,N,2020,서울특별시,0.7182462273817624,1,0,0,300,0.0033333333222222,0.5,1.0,0.8,0.0026666666577777,0.0,0.0,-1.0773693410726437,1.2252973255851345
서울만남휴게소 (부산),ST116534,서울특별시 서초구 양재대로12길 73-71,,,24시간 이용가능,37.45958384,127.04233054,ST,SK일렉링크,SK일렉링크,1566-1704,4,"200.0,350.0",단독,3,3,0.0,1.0,2025-05-15 15:54:19,2025-05-15 15:26:31,2025-05-15 15:54:19,,11,11650,C0,C001,Y,,N,,N,,Y,2023,서울특별시,0.5775337586873287,1,1,0,300,0.0033333333222222,0.5,1.0,0.8,0.0026666666577777,0.4,0.0,-0.866300638030993,1.8363660286267849
서울시 서초구 양재AT센터,PI204278,서울특별시 서초구 강남대로 27,,지상1층 출구뒤,24시간 이용가능,37.468141739,127.03918022,PI,GS차지비,GS차지비,1600-4047,4,50.0,단독,1,1,0.0,1.0,2025-05-14 12:15:20,2025-05-14 12:07:31,2025-05-14 12:07:31,,11,11650,G0,G004,Y,,N,,N,,N,2024,서울특별시,0.4462221069831833,1,0,0,300,0.0033333333222222,0.5,1.0,0.8,0.0026666666577777,0.0,0.0,-0.669333160474775,1.6333335061830028
대한무역투자진흥공사,KP004613,서울특별시 서초구 헌릉로 13,,,24시간 이용가능,37.465214569,127.04466925,KP,한국전력공사,한국전력,1899-2100,4,50.0,,2,2,0.0,1.0,2025-05-15 15:42:08,2025-05-15 14:37:54,2025-05-15 15:38:20,,11,11650,A0,A001,Y,,N,,N,,N,2021,서울특별시,0.5007116380641627,1,0,0,300,0.0033333333222222,0.5,1.0,0.8,0.0026666666577777,0.0,0.0,-0.7510674570962441,1.5515992095615336
서울만남(부산) 휴게소,ME178009,서울특별시 서초구 양재대로12길 73-71 (원지동),,,24시간 이용가능,37.4600218,127.0420378,ME,환경부,환경부,1661-9408,6,50.0,단독,2,2,0.0,1.0,2025-05-15 15:59:32,2025-05-15 13:52:10,2025-05-15 14:12:30,,11,11650,C0,C001,Y,,N,,N,,N,2017,서울특별시,0.522413937113122,1,0,0,300,0.0033333333222222,0.5,1.0,0.8,0.0026666666577777,0.0,0.0,-0.783620905669683,1.5190457609880947
서울시 서초구 화훼사업센터,PI204334,서울특별시 서초구 강남대로 27,,"7,7(본관 정문앞 지상1층, 신관 옥탑주차장)",24시간 이용가능,37.468405308,127.0391097,PI,GS차지비,GS차지비,1600-4047,"2,4","50.0,7.0",단독,13,15,0.1333333333333333,1.0,2025-05-15 14:50:27,2025-05-15 14:32:06,2025-05-15 14:32:06,2025-05-15 14:20:37,11,11650,G0,G004,Y,,N,,N,,N,2024,서울특별시,0.4755507990881056,1,0,0,300,0.0033333333222222,0.5,1.0,0.6933333333333334,0.0026666666577777,0.0,0.0,-0.7133261986321584,1.4826738013589529
죽암휴게소 (부산),ST431146,충청북도 청주시 서원구 현도면 경부고속도로 289,,롯데리아 지나서,24시간 이용가능,36.4869665,127.4291915,ST,SK일렉링크,SK일렉링크,1566-1704,4,"200.0,350.0",단독,3,5,0.4,1.0,2025-05-15 16:09:36,2025-05-15 16:04:37,2025-05-15 16:06:30,2025-05-15 16:09:36,43,43110,C0,C001,Y,,N,,N,,Y,2023,충청북도,1.6010259338313757,1,1,0,300,0.0033333333222222,0.5,1.0,0.48,0.0026666666577777,0.4,0.0,-2.4015389007470636,-0.0188722340892857
현도면사무소,ME183184,충청북도 청주시 서원구 현도면 선동1길 9,,,24시간 이용가능,36.4864229,127.4240825,ME,환경부,환경부,1661-9408,"4,6","100.0,50.0","단독,동시",3,3,0.0,1.0,2025-05-15 16:13:49,2025-05-15 11:52:16,2025-05-15 12:03:52,,43,43110,A0,A002,Y,,N,,N,,N,2018,충청북도,1.5845620443842994,1,0,0,300,0.0033333333222222,0.5,1.0,0.8,0.0026666666577777,0.0,0.0,-2.3768430665764493,-0.0741763999186715
금강로하스 산호빛공원 공영주차장,IVDJNLOA,대전광역시 대덕구 대덕대로1527번길 200금강로하스 산호빛공원 공영주차장,,,24시간 이용가능,36.45374951,127.42102149,IV,인큐버스,인큐버스,042-863-6698,2,7.0,단독,2,2,0.0,1.0,2025-05-10 09:30:05,2025-05-09 22:30:05,2025-05-10 09:30:05,,30,30230,B0,B001,Y,,N,,N,,N,2023,대전광역시,2.1937049233514605,1,0,0,300,0.0033333333222222,0.5,1.0,0.8,0.0026666666577777,0.0,0.0,-3.2905573850271908,-0.987890718369413
저스트슬립호텔 신탄진역점,CV000736,대전광역시 대덕구 신탄진로810번길 32,"(신탄진동, 저스트슬립호텔)",지상1층 주차장,24시간 이용가능,36.449819,127.4309599,CV,채비,채비,1522-2573,2,7.0,단독,2,2,0.0,1.0,2025-05-14 19:30:27,2025-05-14 16:57:33,2025-05-14 19:30:08,,30,30230,E0,E003,Y,,N,,N,,N,2020,대전광역시,2.542508599036719,1,0,0,300,0.0033333333222222,0.5,1.0,0.8,0.0026666666577777,0.0,0.0,-3.813762898555079,-1.5110962318973011
죽암(서울) 휴게소,ME178019,충청북도 청주시 서원구 현도면 경부고속도로 290,,,24시간 이용가능,36.4957964,127.4308677,ME,환경부,환경부,1661-9408,6,50.0,단독,2,2,0.0,1.0,2025-05-15 16:13:57,2025-05-15 09:35:32,2025-05-15 10:18:38,,43,43110,C0,C001,Y,,N,,N,,N,2017,충청북도,2.5910106630847913,1,0,0,300,0.0033333333222222,0.5,1.0,0.8,0.0026666666577777,0.0,0.0,-3.886515994627187,-1.5838493279694092
금산군농업기술센터,ME20D166,충청남도 금산군 금성면 의총길25,,,24시간 이용가능,36.125978,127.495885,ME,환경부,환경부,1661-9408,4,100.0,단독,1,1,0.0,1.0,2025-05-15 15:50:22,2025-05-15 02:04:53,2025-05-15 02:33:54,,44,44710,A0,A004,Y,,N,,N,,N,2020,충청남도,1.2793136449707565,1,0,0,300,0.0033333333222222,0.5,1.0,0.8,0.0026666666577777,0.0,0.0,-1.9189704674561348,0.383696199201643
금산군 게이트볼장,ME22D408,충청남도 금산군 금산읍 상리 2,충청남도 금산군 금산읍 상리 2,,24시간 이용가능,36.1122859,127.4895651,ME,환경부,환경부,1661-9408,4,100.0,단독,4,4,0.0,1.0,2025-05-15 16:13:14,2025-05-14 17:50:24,2025-05-14 18:19:31,,44,44710,A0,A004,Y,,N,,N,,N,2022,충청남도,2.610139129779728,1,0,0,300,0.0033333333222222,0.5,1.0,0.8,0.0026666666577777,0.0,0.0,-3.915208694669592,-1.612542028011814
금산경찰서,ME22C292,충청남도 금산군 금산읍 인삼로 201,,,24시간 이용가능,36.1029139,127.5041077,ME,환경부,환경부,1661-9408,4,100.0,단독,2,2,0.0,1.0,2025-05-15 16:03:26,2025-05-15 09:48:19,2025-05-15 10:28:25,,44,44710,I0,I004,Y,,N,,N,,N,2022,충청남도,2.9810702281346284,1,0,0,300,0.0033333333222222,0.5,1.0,0.8,0.0026666666577777,0.0,0.0,-4.471605342201943,-2.168938675544165
금산읍행정복지센터,ME21B163,충청남도 금산군 금산읍 비호로 69,,,24시간 이용가능,36.1069181,127.4907964,ME,환경부,환경부,1661-9408,4,100.0,단독,1,1,0.0,1.0,2025-05-15 16:03:26,2025-05-15 13:51:53,2025-05-15 14:31:59,,44,44710,A0,A002,Y,,N,,N,,N,2021,충청남도,3.008800703920561,1,0,0,300,0.0033333333222222,0.5,1.0,0.8,0.0026666666577777,0.0,0.0,-4.513201055880842,-2.210534389223064
금산인삼랜드(대전) 휴게소,ME178055,충청남도 금산군 군북면 대암길 34-30 (외부리),,,24시간 이용가능,36.1550665,127.4964759,ME,환경부,환경부,1661-9408,6,50.0,단독,1,1,0.0,1.0,2025-05-15 16:12:43,2025-05-14 20:29:54,2025-05-14 21:09:14,,44,44710,C0,C001,Y,,N,,N,,N,2017,충청남도,3.0875639387177625,1,0,0,300,0.0033333333222222,0.5,1.0,0.8,0.0026666666577777,0.0,0.0,-4.631345908076644,-2.328679241418866
진주럭키골프랜드,LU002368,경상남도 진주시 명석면 판문로 504-4,,주차장 출구 좌측 2면,24시간 이용가능,35.210193,128.030689,LU,LG유플러스 볼트업,LG유플러스,1660-0365,2,7.0,단독,2,2,0.0,1.0,2025-05-10 18:48:09,2025-05-10 16:38:08,2025-05-10 18:48:01,,48,48170,E0,E004,Y,,N,,N,,Y,2024,경상남도,1.2899735545187136,1,1,0,300,0.0033333333222222,0.5,1.0,0.8,0.0026666666577777,0.4,0.0,-1.9349603317780704,0.7677063348797071
명석면사무소,KP005776,경상남도 진주시 명석면 광제산로 37,,,24시간 이용가능,35.21,128.04,KP,한국전력,한국전력,1899-2100,4,100.0,단독,1,1,0.0,1.0,2025-05-15 00:57:07,2025-05-14 16:46:28,2025-05-14 17:08:48,,48,48170,A0,A002,Y,,N,,N,,N,2024,경상남도,1.780741221042638,1,0,0,300,0.0033333333222222,0.5,1.0,0.8,0.0026666666577777,0.0,0.0,-2.671111831563957,-0.3684451649061793
진주굿모닝병원,PL030540,경상남도 진주시 서장대로213번길 7,진주굿모닝병원,지상 1층 건물우측편,24시간 이용가능,35.1914978,128.0558286,PL,플러그링크,플러그링크,1533-0702,2,7.0,단독,2,2,0.0,1.0,2025-05-15 12:06:44,2025-05-15 11:27:26,2025-05-15 12:06:44,,48,48170,B0,B001,N,,Y,시설 상황에 따라 이용이 제한될 수 있음,N,,Y,2024,경상남도,2.920550310089396,0,1,0,300,0.0033333333222222,0.0,1.0,0.8,0.0026666666577777,0.4,0.0,-4.380825465134094,-2.178158798476316
진주진양호둘레길주차장,PI718606,경상남도 진주시 판문동 486-1,,여성전용주차장 옆 주차면,24시간 이용가능,35.1759818,128.0406394,PI,GS차지비,GS차지비,1544-4279,2,7.0,단독,1,1,0.0,1.0,2025-05-12 14:31:49,2025-05-12 14:24:02,2025-05-12 14:24:02,,48,48170,B0,B001,N,,N,,N,,N,2023,경상남도,2.9662274835338533,0,0,0,300,0.0033333333222222,0.0,1.0,0.8,0.0026666666577777,0.0,0.0,-4.44934122530078,-2.6466745586430025
E1 진주오렌지 전기차 충전소,EO000072,경상남도 진주시 유곡동 122-2,,,24시간 이용가능,35.194211,128.062293,EO,E1,E1,1688-2121,4,200.0,단독,1,1,0.0,1.0,2025-05-15 01:06:31,2025-05-15 01:02:51,2025-05-15 01:06:31,,48,48170,E0,E007,Y,,N,,N,,N,2023,경상남도,3.420154061663931,1,0,0,300,0.0033333333222222,0.5,1.0,0.8,0.0026666666577777,0.0,0.0,-5.1302310924958965,-2.8275644258381187
천안호두(부산) 휴게소,ME18A504,충청남도 천안시 동남구 수신면 성남로 793-40,,,24시간 이용가능,36.730579,127.262657,ME,환경부,환경부,1661-9408,6,100.0,단독,1,1,0.0,1.0,2025-05-15 16:13:11,2025-05-15 15:53:12,2025-05-15 16:02:29,,44,44130,C0,C001,Y,,N,,N,,N,2018,충청남도,0.339445792610041,1,0,0,300,0.0033333333222222,0.5,1.0,0.8,0.0026666666577777,0.0,0.0,-0.5091686889150615,1.7934979777427162
천안호두(부산) 휴게소,ME21A209,충청남도 천안시 동남구 성남면 대화리 산8-12,,,24시간 이용가능,36.7304185,127.2638826,ME,환경부,환경부,1661-9408,4,100.0,단독,0,2,1.0,0.5,2025-05-15 16:14:40,2025-05-15 15:00:12,2025-05-15 15:12:53,2025-05-15 16:06:28,44,44130,C0,C001,Y,,N,,N,,N,2021,충청남도,0.4372348144656062,1,0,0,300,0.0033333333222222,0.5,0.5,0.0,0.0026666666577777,0.0,0.0,-0.6558522216984093,0.3468144449593684
천안상록리조트,ME18A312,충청남도 천안시 동남구 수신면 수신로 576,,,24시간 이용가능,36.742044,127.286159,ME,환경부,환경부,1661-9408,"4,6","100.0,200.0","단독,동시",3,3,0.0,1.0,2025-05-15 16:15:14,2025-05-15 06:07:37,2025-05-15 06:24:08,,44,44130,E0,E003,Y,,N,,N,,N,2018,충청남도,2.5735659836174474,1,0,0,300,0.0033333333222222,0.5,1.0,0.8,0.0026666666577777,0.0,0.0,-3.860348975426171,-1.5576823087683933
소노벨천안,ME21C417,충청남도 천안시 동남구 성남면 종합휴양지로 200,,,24시간 이용가능,36.7551623,127.2256447,ME,환경부,환경부,1661-9408,4,200.0,동시,4,4,0.0,1.0,2025-05-15 16:15:34,2025-05-15 11:05:01,2025-05-15 11:45:02,,44,44130,E0,E003,Y,,N,,N,,N,2021,충청남도,3.944228198496106,1,0,0,300,0.0033333333222222,0.5,1.0,0.8,0.0026666666577777,0.0,0.0,-5.916342297744159,-3.6136756310863816
목천 제1공영주차장,ME23A804,충청남도 천안시 동남구 목천읍 운전리 562,,,24시간 이용가능,36.7626515,127.2284379,ME,환경부,환경부,1661-9408,4,200.0,단독,8,8,0.0,1.0,2025-05-15 16:01:55,2025-05-15 15:28:48,2025-05-15 15:49:50,,44,44130,B0,B001,Y,,N,,N,,N,2023,충청남도,4.356213500122627,1,0,0,300,0.0033333333222222,0.5,1.0,0.8,0.0026666666577777,0.0,0.0,-6.53432025018394,-4.231653583526162
정촌면사무소,ME20C133,경상남도 진주시 정촌면 화개리 976,,,24시간 이용가능,35.131473,128.1025175,ME,환경부,환경부,1661-9408,4,100.0,단독,1,1,0.0,1.0,2025-05-15 15:55:28,2025-05-15 14:13:19,2025-05-15 14:38:36,,48,48170,A0,A001,Y,,N,,N,,N,2020,경상남도,0.8988803018777654,1,0,0,300,0.0033333333222222,0.5,1.0,0.8,0.0026666666577777,0.0,0.0,-1.348320452816648,0.9543462138411298
모다아울렛 진주점별관,HM001795,경상남도 진주시 정촌면 삼일로105번길 15,,,24시간 이용가능,35.130147334,128.0986769,HM,휴맥스이브이,휴맥스이브이,1800-3188,2,7.0,단독,2,2,0.0,1.0,2025-05-15 07:00:25,2025-05-14 16:30:27,2025-05-15 00:43:33,,48,48170,E0,E002,Y,,N,,N,,N,2023,경상남도,0.9176159965866856,1,0,0,300,0.0033333333222222,0.5,1.0,0.8,0.0026666666577777,0.0,0.0,-1.376423994880028,0.9262426717777495
진주KAL관광호텔,PW011925,경상남도 진주시 정촌면 화개천로 132-14,,,24시간 이용가능,35.1279401,128.1042241,PW,파워큐브,파워큐브,1833-8017,2,7.0,,2,2,0.0,1.0,2025-05-15 11:06:15,2025-05-14 13:57:28,2025-05-14 15:57:48,,48,48170,E0,E003,Y,,Y,숙박 시설 이용자로 제한,N,,N,2020,경상남도,1.3163689467388422,1,0,0,300,0.0033333333222222,0.5,1.0,0.8,0.0026666666577777,0.0,0.0,-1.9745534201082633,0.3281132465495144
진주남부농협 자재판매장,HM000992,경상남도 진주시 정촌면 정촌로45번길 11,,,24시간 이용가능,35.133678507,128.10197891,HM,휴맥스이브이,휴맥스이브이,1800-3188,2,7.0,단독,0,1,1.0,0.0,2025-01-17 13:30:00,,,,48,48170,G0,G004,Y,,N,,N,,N,2022,경상남도,0.6710982629457762,1,0,0,300,0.0033333333222222,0.5,0.0,0.0,0.0026666666577777,0.0,0.0,-1.0066473944186645,-0.5039807277608866
가좌 우수저류시설(진주),PC001215,경상남도 진주시 가좌동 1984-1,,,24시간 이용가능,35.152843216,128.11013533,PC,파킹클라우드,아이파킹,1533-5783,2,7.0,단독,3,3,0.0,1.0,2025-05-15 08:58:28,2025-05-14 20:54:35,2025-05-15 08:57:29,,48,48170,A0,A004,Y,,N,,N,,N,2025,경상남도,1.994887328298228,1,0,0,300,0.0033333333222222,0.5,1.0,0.8,0.0026666666577777,0.0,0.0,-2.9923309924473425,-0.6896643257895647
안성시 리라아동복지관,PI313556,경기도 안성시 원곡면 용소길 65,,지상주차장,24시간 이용가능,37.046444852,127.14573988,PI,GS차지비,GS차지비,1600-4047,2,7.0,단독,1,1,0.0,1.0,2025-05-08 00:59:57,2025-03-20 17:26:30,2025-03-20 17:26:30,,41,41550,A0,A004,Y,,N,,N,,N,2023,경기도,0.8119872268891118,1,0,0,300,0.0033333333222222,0.5,1.0,0.8,0.0026666666577777,0.0,0.0,-1.2179808403336678,1.08468582632411
원곡면 공영주차장,HE240117,경기도 안성시 원곡면 외가천리 208,,<지상> 주차장,24시간 이용가능,37.04039658,127.13006299,HE,한국전기차충전서비스,한국전기차충전서비스,1522-1782,4,200.0,동시,4,4,0.0,1.0,2025-05-15 14:25:02,2025-05-15 13:01:55,2025-05-15 13:41:13,,41,41550,B0,B001,N,,N,,N,,N,2024,경기도,0.7768719905405046,0,0,0,300,0.0033333333222222,0.0,1.0,0.8,0.0026666666577777,0.0,0.0,-1.165307985810757,0.6373586808470209
(주)소모에너지 칠곡주유소,ME21B408,경기도 안성시 원곡면 남북대로 1201-4,,,24시간 이용가능,37.0448306,127.1568403,ME,환경부,환경부,1661-9408,4,100.0,단독,4,4,0.0,1.0,2025-05-15 16:02:52,2025-05-15 14:22:06,2025-05-15 15:01:52,,41,41550,E0,E007,Y,,N,,N,,N,2021,경기도,1.7774323706558022,1,0,0,300,0.0033333333222222,0.5,1.0,0.8,0.0026666666577777,0.0,0.0,-2.6661485559837033,-0.3634818893259255
CJ대한통운 평택Asub,SZAA0027,경기도 안성시 원곡면 청원로 1850-122,,,24시간,37.0354194,127.1183118,SZ,SG생활안전,SG생활안전,15880119,2,7.0,단독,2,3,0.3333333333333333,1.0,2025-05-15 12:49:34,2025-05-15 12:49:34,2025-05-15 11:19:34,2025-05-15 12:46:25,41,41550,G0,G004,Y,,Y,대한통운 물류차량 충전시설,N,,N,2024,경기도,1.948056943677364,1,0,0,300,0.0033333333222222,0.5,1.0,0.5333333333333334,0.0026666666577777,0.0,0.0,-2.922085415516046,-0.8860854155249349
지니민박,TDH00028,경기도 안성시 원곡면 지문로 262,지니민박,지상1층 좌측 주차장,24시간 이용가능,37.0616275,127.1431895,TD,타디스테크놀로지,evPlug,02-6956-3000,2,7.0,단독,1,2,0.5,0.5,2025-04-30 12:47:05,2025-03-11 15:58:01,2025-03-11 15:58:28,,41,41550,E0,E003,N,,N,,N,,N,2020,경기도,1.950110733864201,0,0,0,300,0.0033333333222222,0.0,0.5,0.4,0.0026666666577777,0.0,0.0,-2.9251661007963015,-2.0224994341385236
추부면 체육센터,ME24B191,충청남도 금산군 추부면 하마전로 75,,,24시간 이용가능,36.192441,127.473921,ME,환경부,환경부,1661-9408,4,100.0,단독,1,1,0.0,1.0,2025-05-15 16:15:48,2025-05-14 21:52:20,2025-05-14 22:32:22,,44,44710,J0,J007,Y,,N,,N,,N,2024,충청남도,2.463055235549259,1,0,0,300,0.0033333333222222,0.5,1.0,0.8,0.0026666666577777,0.0,0.0,-3.694582853323889,-1.3919161866661107
상소오토캠핑장,CV001633,대전광역시 동구 산내로 724-27,상소오토캠핑장 제1주차장,지상1층 야외주차장(입구통과 직진후 좌측),24시간 이용가능,36.23584,127.46911799,CV,채비,채비,1522-2573,4,100.0,동시,4,4,0.0,1.0,2025-05-15 15:10:29,2025-05-15 14:32:15,2025-05-15 15:07:08,,30,30110,E0,E003,Y,,N,,N,,N,2022,대전광역시,3.478065280720661,1,0,0,300,0.0033333333222222,0.5,1.0,0.8,0.0026666666577777,0.0,0.0,-5.217097921080992,-2.914431254423214
만인산자연휴양림,CV003317,대전광역시 동구 하소동 산47,"(하소동, 만인산푸른학습원)",지상1층 주차장,24시간 이용가능,36.2003963,127.4512161,CV,채비,채비,1522-2573,4,100.0,동시,1,2,0.5,1.0,2025-05-15 15:40:43,2025-05-15 15:38:41,2025-05-15 15:38:43,2025-05-15 15:38:41,30,30110,D0,D004,Y,,N,,N,,N,2023,대전광역시,3.705826270293529,1,0,0,300,0.0033333333222222,0.5,1.0,0.4,0.0026666666577777,0.0,0.0,-5.558739405440294,-3.656072738782516
대전시립제2노인전문병원,CV003558,대전광역시 동구 산내로 300,"(하소동, 제2시립노인전문병원)",지상1층 주차장,24시간 이용가능,36.212602,127.4399609,CV,채비,채비,1522-2573,4,100.0,단독,2,2,0.0,1.0,2025-05-15 04:40:36,2025-05-14 15:39:00,2025-05-14 15:58:23,,30,30110,I0,I001,Y,,N,,N,,N,2023,대전광역시,4.570983123777975,1,0,0,300,0.0033333333222222,0.5,1.0,0.8,0.0026666666577777,0.0,0.0,-6.856474685666964,-4.553808019009185
대전시 동구 문글램핑,PI420190,대전광역시 동구 산내로 237,,주차장,24시간 이용가능,36.208068048,127.43972069,PI,GS차지비,GS차지비,1600-4047,2,7.0,단독,1,1,0.0,1.0,2025-05-14 13:01:11,2025-05-02 03:59:58,2025-05-02 03:59:58,,30,30110,E0,E003,Y,,N,,N,,N,2023,대전광역시,4.587417567510899,1,0,0,300,0.0033333333222222,0.5,1.0,0.8,0.0026666666577777,0.0,0.0,-6.8811263512663485,-4.578459684608571
대산학원,KP004904,대전광역시 동구 산내로 1398-41,,,24시간 이용가능,36.2874,127.4662,KP,한국전력공사,한국전력,1899-2100,4,100.0,단독,3,3,0.0,1.0,2025-05-15 15:45:06,2025-05-15 01:34:58,2025-05-15 02:25:41,,30,30110,G0,G004,Y,,N,,N,,N,2022,대전광역시,0.9117713291638644,1,0,0,300,0.0033333333222222,0.5,1.0,0.8,0.0026666666577777,0.0,0.0,-1.3676569937457963,0.9350096729119812
세진운수,CV002228,대전광역시 동구 대종로 19,"(대성동, 세진운수)",지상1층 입구 좌측,24시간 이용가능,36.295833,127.458091,CV,채비,채비,1522-2573,4,200.0,동시,4,4,0.0,1.0,2025-05-15 15:45:35,2025-05-15 15:19:08,2025-05-15 15:42:20,,30,30110,G0,G004,Y,,Y,시설 사용자 외 이용이 제한될 수 있음,N,,N,2023,대전광역시,1.0105407140704623,1,0,0,300,0.0033333333222222,0.5,1.0,0.8,0.0026666666577777,0.0,0.0,-1.5158110711056938,0.786855595552084
흥일자동차학원(주),CV000472,대전광역시 동구 산서로1660번길 24,흥일자동차운전전문학원,,24시간 이용가능,36.287914,127.461521,CV,채비,채비,1522-2573,2,7.0,단독,1,2,0.5,0.5,2025-05-12 10:25:21,2025-05-12 09:11:08,2025-05-12 09:11:19,,30,30110,J0,J003,Y,,N,,N,,N,2019,대전광역시,0.5035622738126335,1,0,0,300,0.0033333333222222,0.5,0.5,0.4,0.0026666666577777,0.0,0.0,-0.7553434107189503,0.6473232559388273
보호치료시설 효광원,ST301107,대전광역시 동구 산내로1305번길 48,,보호치료시설 효광원 주차장,24시간 이용가능,36.2800579,127.465108,ST,SK일렉링크,SK일렉링크,1566-1704,2,7.0,단독,1,1,0.0,1.0,2025-05-08 17:46:58,2025-05-08 15:34:59,2025-05-08 17:46:58,,30,30110,I0,I006,Y,,N,,N,,N,2022,대전광역시,1.1125497338297765,1,0,0,300,0.0033333333222222,0.5,1.0,0.8,0.0026666666577777,0.0,0.0,-1.6688246007446648,0.633842065913113
옥계하우스,EZ000053,대전광역시 중구 대종로35번길 42,주차장,주차장,24시간 이용가능,36.2951351,127.4565267,EZ,차지인,차지인,1577-8961,2,7.0,단독,1,1,0.0,1.0,2025-05-15 05:00:12,2025-03-15 21:59:02,2025-03-16 06:55:26,,30,30140,E0,E005,N,,Y,시설 상황에 따라 이용이 제한될 수 있음,N,,N,2022,대전광역시,0.9171978894917916,0,0,0,300,0.0033333333222222,0.0,1.0,0.8,0.0026666666577777,0.0,0.0,-1.3757968342376872,0.4268698324200906
주식회사골드라인개발,LU002240,경기도 안성시 공도읍 서동대로 4012,,건물앞 지상주차장,24시간 이용가능,36.996744,127.15212,LU,LG유플러스 볼트업,엘지유플러스,1660-0365,2,7.0,단독,2,2,0.0,1.0,2025-05-11 09:35:26,2025-05-10 16:47:45,2025-05-10 22:47:22,,41,41550,G0,G004,Y,,N,,N,,Y,2024,경기도,0.0952802865230555,1,1,0,300,0.0033333333222222,0.5,1.0,0.8,0.0026666666577777,0.4,0.0,-0.1429204297845833,2.5597462368731945
허브정육식당,CSCS2092,경기도 안성시 공도읍 서동대로 4036,허브정육식당,주차장,24시간 이용가능,36.997519,127.154731,CS,한국EV충전서비스센터,한국EV충전서비스센터,1600-2213,2,7.0,단독,1,1,0.0,1.0,2025-05-15 13:19:51,2025-05-15 04:19:58,2025-05-15 04:19:58,,41,41550,E0,E006,Y,,N,,N,,N,2022,경기도,0.166955716324298,1,0,0,300,0.0033333333222222,0.5,1.0,0.8,0.0026666666577777,0.0,0.0,-0.250433574486447,2.0522330921713308
공도건강생활지원센터,ST415514,경기도 안성시 공도읍 공도로 51-11,건물 앞 주차장,건물 앞 주차장,24시간 이용가능,36.999718892,127.16610704,ST,SK일렉링크,SK일렉링크,1566-1704,4,100.0,동시,2,2,0.0,1.0,2025-05-15 15:49:28,2025-05-15 15:19:26,2025-05-15 15:49:28,,41,41550,A0,A003,Y,,N,,N,,Y,2023,경기도,1.196616317388593,1,1,0,300,0.0033333333222222,0.5,1.0,0.8,0.0026666666577777,0.4,0.0,-1.7949244760828895,0.907742190574888
안성시립진사도서관,CV002383,경기도 안성시 공도읍 진사2길 70,"(진사리, 진사공공도서관)",지상1층 주차장,24시간 이용가능,36.9936511,127.1447681,CV,채비,채비,1522-2573,4,100.0,동시,1,2,0.5,1.0,2025-05-15 15:35:35,2025-05-15 15:30:21,2025-05-15 15:30:26,2025-05-15 15:30:21,41,41550,I0,I005,Y,,N,,N,,N,2023,경기도,0.8192602931591925,1,0,0,300,0.0033333333222222,0.5,1.0,0.4,0.0026666666577777,0.0,0.0,-1.2288904397387888,0.6737762269189889
안성 공도 시외버스터미널,HE240129,경기도 안성시 공도읍 공도로 51-7,,<지상> 1층 로컬푸드 전용주차장,24시간 이용가능,36.998672203,127.16611851,HE,한국전기차충전서비스,한국전기차충전서비스,1522-1782,4,105.0,동시,1,2,0.5,1.0,2025-05-15 15:50:00,2025-05-14 12:21:02,2025-05-14 13:01:31,2025-05-15 15:50:00,41,41550,G0,G004,Y,,N,,N,,Y,2024,경기도,1.1698952419759672,1,1,0,300,0.0033333333222222,0.5,1.0,0.4,0.0026666666577777,0.4,0.0,-1.7548428629639508,0.547823803693827
자자호텔,ST488203,경상남도 고성군 영오면 오서1길 95,,자자호텔 옥외주차장,24시간 이용가능,35.086404,128.190411,ST,SK일렉링크,SK일렉링크,1566-1704,2,7.0,단독,2,2,0.0,1.0,2025-05-01 15:46:08,2025-05-01 15:15:45,2025-05-01 15:43:22,,48,48820,E0,E003,Y,,N,,N,,N,2019,경상남도,0.7477002896218665,1,0,0,300,0.0033333333222222,0.5,1.0,0.8,0.0026666666577777,0.0,0.0,-1.1215504344327998,1.181116232224978
금곡면사무소,ME20C222,경상남도 진주시 금곡면 월아산로 140,,,24시간 이용가능,35.0941845,128.1880206,ME,환경부,환경부,1661-9408,4,200.0,동시,2,2,0.0,1.0,2025-05-15 15:57:05,2025-05-15 13:56:35,2025-05-15 14:25:56,,48,48170,A0,A001,Y,,N,,N,,N,2021,경상남도,0.762791838718629,1,0,0,300,0.0033333333222222,0.5,1.0,0.8,0.0026666666577777,0.0,0.0,-1.1441877580779436,1.1584789085798342
영현면사무소 주차장,ME20C109,경상남도 고성군 영현면 침점리 356-2,,,24시간 이용가능,35.0541445,128.2057497,ME,환경부,환경부,1661-9408,4,100.0,단독,1,1,0.0,1.0,2025-05-15 15:52:12,2025-05-14 16:30:27,2025-05-14 16:56:43,,48,48820,A0,A001,Y,,N,,N,,N,2021,경상남도,4.389622966587514,1,0,0,300,0.0033333333222222,0.5,1.0,0.8,0.0026666666577777,0.0,0.0,-6.584434449881272,-4.2817677832234935
고성 영오면주민센터,HY000604,경상남도 고성군 영오면 영산1길 7,옥외주차장,옥외주차장,24시간 이용가능,35.1078321,128.2376537,HY,현대엔지니어링,현대엔지니어링,1833-3777,4,100.0,동시,1,2,0.5,1.0,2025-05-15 15:52:12,2025-05-15 15:51:50,2025-05-15 15:51:50,2025-05-15 15:51:50,48,48820,A0,A002,N,,N,,N,,N,2023,경상남도,5.422326720620553,0,0,0,300,0.0033333333222222,0.0,1.0,0.4,0.0026666666577777,0.0,0.0,-8.13349008093083,-6.730823414273052
정동면행정복지센터,HE240267,경상남도 사천시 정동면 상정대로 2540-39,,,24시간 이용가능,35.05591089,128.12380175,HE,한국전기차충전서비스,한국전기차충전서비스,1522-1782,2,7.0,단독,1,1,0.0,1.0,2025-05-11 11:50:02,2025-05-10 14:48:10,2025-05-10 19:40:01,,48,48240,A0,A002,Y,,N,,N,,N,2025,경상남도,6.495814456282095,1,0,0,300,0.0033333333222222,0.5,1.0,0.8,0.0026666666577777,0.0,0.0,-9.743721684423145,-7.441055017765365
부남면 행정복지센터,ME19Y261,전북특별자치도 무주군 부남면 대소길 3,,,24시간 이용가능,35.97371,127.559052,ME,환경부,환경부,1661-9408,4,100.0,단독,2,2,0.0,1.0,2025-05-15 15:57:53,2025-05-14 15:09:02,2025-05-14 15:50:13,,52,52730,A0,A002,Y,,N,,N,,N,2020,전북특별자치도,4.507280827848834,1,0,0,300,0.0033333333222222,0.5,1.0,0.8,0.0026666666577777,0.0,0.0,-6.76092124177325,-4.458254575115472
(급속)무주 진강원식당 뒤 공영주차장,WB510080,전북특별자치도 무주군 무주읍 주계로 79,공영주차장,,24시간 이용가능,36.0063096,127.6588522,WB,이브이루씨,(주)이브이루씨,1833-2909,4,100.0,단독,2,2,0.0,1.0,2025-05-15 13:05:01,2025-05-15 12:02:32,2025-05-15 12:46:21,,52,52730,B0,B001,Y,,N,,N,,N,2024,전북특별자치도,6.6201751737553,1,0,0,300,0.0033333333222222,0.5,1.0,0.8,0.0026666666577777,0.0,0.0,-9.93026276063295,-7.627596093975171
무주소방서,NT101082,전북특별자치도 무주군 무주읍 당산강변로 126,,지상주차장(본청 뒤 주차면),24시간 이용가능,36.0028175,127.6551518,NT,한국전자금융,한국전자금융,1533-2522,"4,6","100.0,50.0","단독,동시",2,2,0.0,1.0,2025-05-15 13:37:50,2025-05-15 13:15:50,2025-05-15 13:37:50,,52,52730,A0,A001,N,,N,,N,,N,2023,전북특별자치도,6.312840202604407,0,0,0,300,0.0033333333222222,0.0,1.0,0.8,0.0026666666577777,0.0,0.0,-9.46926030390661,-7.666593637248832
무주교육지원청,HE240137,전북특별자치도 무주군 무주읍 단천로5길 22,,,24시간 이용가능,36.0097639,127.6611801,HE,한국전기차충전서비스,한국전기차충전서비스,1522-1782,2,7.0,단독,1,1,0.0,1.0,2025-05-15 12:50:01,2025-05-14 20:34:59,2025-05-14 21:57:34,,52,52730,A0,A003,Y,,N,,N,,N,2024,전북특별자치도,6.828044900254957,1,0,0,300,0.0033333333222222,0.5,1.0,0.8,0.0026666666577777,0.0,0.0,-10.242067350382436,-7.939400683724656
무주군청 차쉼터,ME22D225,전북특별자치도 무주군 무주읍 읍내리 232-3,전라북도 무주군 무주읍 읍내리 232-3,,24시간 이용가능,36.0069171,127.6614271,ME,환경부,환경부,1661-9408,4,100.0,단독,2,2,0.0,1.0,2025-05-15 15:55:54,2025-05-14 17:23:26,2025-05-14 17:49:46,,52,52730,B0,B001,Y,,N,,N,,N,2022,전북특별자치도,6.849860979854433,1,0,0,300,0.0033333333222222,0.5,1.0,0.8,0.0026666666577777,0.0,0.0,-10.274791469781649,-7.9721248031238705
금산 인삼골 오토캠핑장,ME19E172,충청남도 금산군 제원면 용화리 215,충청남도 보령시 성주면 성주리 229-5,,24시간 이용가능,36.089127,127.587709,ME,환경부,환경부,1661-9408,4,100.0,단독,1,1,0.0,1.0,2025-05-15 16:13:24,2025-05-11 09:34:17,2025-05-11 10:12:31,,44,44710,D0,D007,Y,,N,,N,,N,2019,충청남도,5.09527022422365,1,0,0,300,0.0033333333222222,0.5,1.0,0.8,0.0026666666577777,0.0,0.0,-7.642905336335474,-5.340238669677696
국민여가캠핑장,ME24B194,충청남도 금산군 제원면 닥실길 16,,,24시간 이용가능,36.105298,127.568886,ME,환경부,환경부,1661-9408,4,100.0,단독,1,1,0.0,1.0,2025-05-15 16:13:35,2025-05-05 11:01:32,2025-05-05 11:41:32,,44,44710,A0,A004,Y,,N,,N,,N,2024,충청남도,6.195810269216339,1,0,0,300,0.0033333333222222,0.5,1.0,0.8,0.0026666666577777,0.0,0.0,-9.293715403824509,-6.9910487371667305
엑스포주차장 2충전소,ME24A405,충청남도 금산군 금산읍 신대리 355,,,24시간 이용가능,36.0981987,127.5036812,ME,환경부,환경부,1661-9408,4,200.0,동시,4,4,0.0,1.0,2025-05-15 16:16:05,2025-05-15 12:22:13,2025-05-15 12:35:14,,44,44710,B0,B001,Y,,N,,N,,N,2024,충청남도,7.192862080589302,1,0,0,300,0.0033333333222222,0.5,1.0,0.8,0.0026666666577777,0.0,0.0,-10.789293120883954,-8.486626454226176
금산세계인삼엑스포,ME19C204,충청남도 금산군 금산읍 신대리 355,,,24시간 이용가능,36.097873,127.503598,ME,환경부,환경부,1661-9408,4,100.0,단독,1,2,0.5,1.0,2025-05-15 16:15:35,2025-05-14 16:35:00,2025-05-14 16:41:57,2025-05-15 16:14:12,44,44710,A0,A004,Y,,N,,N,,N,2019,충청남도,7.171166972787742,1,0,0,300,0.0033333333222222,0.5,1.0,0.4,0.0026666666577777,0.0,0.0,-10.756750459181614,-8.854083792523836
금산경찰서,ME22C292,충청남도 금산군 금산읍 인삼로 201,,,24시간 이용가능,36.1029139,127.5041077,ME,환경부,환경부,1661-9408,4,100.0,단독,2,2,0.0,1.0,2025-05-15 16:03:26,2025-05-15 09:48:19,2025-05-15 10:28:25,,44,44710,I0,I004,Y,,N,,N,,N,2022,충청남도,7.564500278708822,1,0,0,300,0.0033333333222222,0.5,1.0,0.8,0.0026666666577777,0.0,0.0,-11.346750418063234,-9.044083751405456
홍화원휴게소,KP005092,경상남도 산청군 신안면 둔철산로 39,,,24시간 이용가능,35.3494,127.9352,KP,한국전력공사,한국전력,1899-2100,4,100.0,단독,1,1,0.0,1.0,2025-05-13 13:05:05,2025-05-13 12:35:31,2025-05-13 13:03:45,,48,48860,C0,C002,Y,,N,,N,,N,2022,경상남도,0.4470039262216854,1,0,0,300,0.0033333333222222,0.5,1.0,0.8,0.0026666666577777,0.0,0.0,-0.6705058893325282,1.6321607773252496
홍화원휴게소 (급),EC480298,경상남도 산청군 신안면 둔철산로 39,,,24시간 이용가능,35.349355881,127.93493757,EC,이지차저,이지차저,1544-3332,4,100.0,동시,2,2,0.0,1.0,2025-05-15 14:26:30,2025-05-15 13:34:28,2025-05-15 14:24:39,,48,48860,C0,C003,N,,N,,N,,N,2024,경상남도,0.4230895696003225,0,0,0,300,0.0033333333222222,0.0,1.0,0.8,0.0026666666577777,0.0,0.0,-0.6346343544004839,1.168032312257294
워터 산청휴게소 대전방향,BE241242,경남 산청군 단성면 방목리 산68-12,,로컬푸드행복장터 좌측,24시간 이용가능,35.332997,127.937348,BE,브라이트에너지파트너스,브라이트에너지파트너스,1600-8025,10,200.0,단독,2,2,0.0,1.0,2025-05-15 15:49:58,2025-05-15 15:49:58,2025-05-15 15:49:58,,48,48860,C0,C001,Y,,N,,N,,Y,2024,경상남도,1.7680630110620257,1,1,0,300,0.0033333333222222,0.5,1.0,0.8,0.0026666666577777,0.4,0.0,-2.6520945165930385,0.0505721500647391
워터 산청휴게소 통영방향,BE241243,경상남도 산청군 단성면 통영대전고속도로 76,,휴게소 진입로 ,24시간 이용가능,35.332372,127.938946,BE,브라이트에너지파트너스,브라이트에너지파트너스,1600-8025,"10,4","200.0,350.0",단독,4,4,0.0,1.0,2025-05-15 15:57:18,2025-05-15 15:36:05,2025-05-15 15:38:29,,48,48860,C0,C001,Y,,N,,N,,Y,2024,경상남도,1.8866631956105315,1,1,0,300,0.0033333333222222,0.5,1.0,0.8,0.0026666666577777,0.4,0.0,-2.829994793415797,-0.1273281267580195
산청휴게소(통영방향),KP005373,경상남도 산청군 단성면 통영대전고속도로 77,,,24시간 이용가능,35.333,127.9373,KP,한국전력공사,한국전력,1899-2100,4,100.0,단독,3,3,0.0,1.0,2025-05-15 14:50:32,2025-05-15 14:35:52,2025-05-15 14:49:31,,48,48860,C0,C001,Y,,N,,N,,N,2022,경상남도,1.7662511223118236,1,0,0,300,0.0033333333222222,0.5,1.0,0.8,0.0026666666577777,0.0,0.0,-2.6493766834677355,-0.3467100168099577
고성공룡나라휴게소 (통영),ST488204,경상남도 고성군 대가면 통영대전고속도로 29,,주차장,24시간 이용가능,35.0519739,128.2634884,ST,SK일렉링크,SK일렉링크,1566-1704,4,"200.0,350.0",단독,3,3,0.0,1.0,2025-05-15 15:32:31,2025-05-15 14:19:17,2025-05-15 14:59:00,,48,48820,C0,C001,Y,,N,,N,,Y,2023,경상남도,1.6725207441831418,1,1,0,300,0.0033333333222222,0.5,1.0,0.8,0.0026666666577777,0.4,0.0,-2.5087811162747125,0.1938855503830652
워터 고성공룡나라휴게소 통영방향,BE241239,경상남도 고성군 대가면 통영대전고속도로 29,,주유소 우측,24시간 이용가능,35.051847,128.263186,BE,브라이트에너지파트너스,브라이트에너지파트너스,1600-8025,"10,4","200.0,350.0",단독,5,5,0.0,1.0,2025-05-15 13:09:01,2025-05-15 12:44:18,2025-05-15 13:09:01,,48,48820,C0,C001,Y,,N,,N,,Y,2024,경상남도,1.6885090694446252,1,1,0,300,0.0033333333222222,0.5,1.0,0.8,0.0026666666577777,0.4,0.0,-2.532763604166938,0.1699030624908397
고성공룡나라(통영) 휴게소,ME178048,경상남도 고성군 대가면 통영대전고속도로 29 (송계리),,,24시간 이용가능,35.0515247,128.2640664,ME,환경부,환경부,1661-9408,6,50.0,단독,1,1,0.0,1.0,2025-05-15 15:55:16,2025-05-14 10:40:07,2025-05-14 10:41:39,,48,48820,C0,C001,Y,,N,,N,,N,2017,경상남도,1.6014484316535489,1,0,0,300,0.0033333333222222,0.5,1.0,0.8,0.0026666666577777,0.0,0.0,-2.402172647480323,-0.0995059808225451
워터 고성공룡나라휴게소 대전방향,BE241238,경상남도 고성군 대가면 통영대전고속도로 32,,휴게소 진입로 ,24시간 이용가능,35.055977,128.253486,BE,브라이트에너지파트너스,브라이트에너지파트너스,1600-8025,"10,4","200.0,350.0",단독,6,6,0.0,1.0,2025-05-15 15:39:18,2025-05-15 15:30:24,2025-05-15 15:39:18,,48,48820,C0,C001,Y,,N,,N,,Y,2024,경상남도,2.6823642598482103,1,1,0,300,0.0033333333222222,0.5,1.0,0.8,0.0026666666577777,0.4,0.0,-4.023546389772315,-1.3208797231145375
고성공룡나라휴게소 (대전),ST488205,경상남도 고성군 대가면 통영대전고속도로 32,,주차장,24시간 이용가능,35.0560099,128.2523501,ST,SK일렉링크,SK일렉링크,1566-1704,4,"200.0,350.0",단독,2,2,0.0,1.0,2025-05-15 12:57:23,2025-05-15 12:43:25,2025-05-15 12:57:23,,48,48820,C0,C001,Y,,N,,N,,Y,2023,경상남도,2.7742652732630604,1,1,0,300,0.0033333333222222,0.5,1.0,0.8,0.0026666666577777,0.4,0.0,-4.161397909894591,-1.4587312432368131
겁내골휴게소(산청),PC000584,경상남도 산청군 단성면 묵곡리 241-3,,지상 주차장,24시간 이용가능,35.278602,127.9673687,PC,파킹클라우드,파킹클라우드,1533-5783,4,50.0,단독,1,1,0.0,1.0,2025-05-14 13:40:07,2025-05-14 10:40:05,2025-05-14 11:55:12,,48,48860,C0,C002,Y,,N,,N,,N,2024,경상남도,1.4116483727366576,1,0,0,300,0.0033333333222222,0.5,1.0,0.8,0.0026666666577777,0.0,0.0,-2.1174725591049866,0.1851941075527912
묵곡생태공원,KP005669,경상남도 산청군 단성면 묵곡리 942-1,,,24시간 이용가능,35.2800403,127.9655985,KP,한국전력,한국전력,1899-2100,4,100.0,단독,1,1,0.0,1.0,2025-05-12 14:34:06,2025-05-12 14:07:27,2025-05-12 14:33:15,,48,48860,A0,A003,N,,N,,N,,N,2024,경상남도,1.6317476788755885,0,0,0,300,0.0033333333222222,0.0,1.0,0.8,0.0026666666577777,0.0,0.0,-2.4476215183133827,-0.644954851655605
묵곡생태공원 (급),EC480254,경상남도 산청군 단성면 묵곡리 938,,,24시간 이용가능,35.2800107,127.9653536,EC,이지차저,이지차저,1544-3332,4,100.0,동시,2,2,0.0,1.0,2025-05-14 16:28:29,2025-05-14 15:21:53,2025-05-14 16:26:15,,48,48860,D0,D001,N,,N,,N,,N,2024,경상남도,1.640955833204513,0,0,0,300,0.0033333333222222,0.0,1.0,0.8,0.0026666666577777,0.0,0.0,-2.4614337498067695,-0.6587670831489918
묵곡생태공원,EC480130,경상남도 산청군 단성면 묵곡리 938,,,24시간 이용가능,35.2801602,127.9652482,EC,이지차저,이지차저,1544-3332,2,7.0,단독,1,1,0.0,1.0,2025-05-02 17:28:29,2025-05-02 13:17:08,2025-05-02 15:41:57,,48,48860,D0,D001,N,,N,,N,,N,2024,경상남도,1.6601092514194822,0,0,0,300,0.0033333333222222,0.0,1.0,0.8,0.0026666666577777,0.0,0.0,-2.4901638771292234,-0.6874972104714456
목화시배지,EC480127,경상남도 산청군 단성면 목화로 887,,,24시간 이용가능,35.2904421,127.9583098,EC,이지차저,이지차저,1544-3332,2,7.0,단독,2,2,0.0,1.0,2025-05-06 11:14:27,2025-05-06 10:54:10,2025-05-06 11:12:19,,48,48860,A0,A004,Y,,N,,N,,N,2024,경상남도,2.963523824871851,1,0,0,300,0.0033333333222222,0.5,1.0,0.8,0.0026666666577777,0.0,0.0,-4.445285737307777,-2.142619070649999
판교노인종합복지관,BT000104,경기도 성남시 분당구 판교역로 99,,,24시간 이용가능,37.390561434,127.10851528,BT,보타리에너지,보타리에너지,1588-5339,4,100.0,단독,1,1,0.0,1.0,2025-05-14 20:25:01,2025-05-14 20:10:04,2025-05-14 20:16:59,,41,41130,A0,A001,Y,,N,,N,,N,2023,경기도,0.6022521120985936,1,0,0,300,0.0033333333222222,0.5,1.0,0.8,0.0026666666577777,0.0,0.0,-0.9033781681478904,1.3992884985098872
판교제2공영주차장,ME22D207,경기도 성남시 분당구 서판교로32번길 3-12,경기도 성남시 분당구 서판교로32번길 3-12,,24시간 이용가능,37.39039,127.0985244,ME,환경부,환경부,1661-9408,4,100.0,단독,2,2,0.0,1.0,2025-05-15 16:04:21,2025-05-15 10:43:57,2025-05-15 10:56:30,,41,41130,B0,B001,N,,N,,N,,N,2022,경기도,0.3821767795816564,0,0,0,300,0.0033333333222222,0.0,1.0,0.8,0.0026666666577777,0.0,0.0,-0.5732651693724847,1.2294014972852931
카페거리공영주차장,PIH00882,경기도 성남시 분당구 판교역로2번길 23,,,24시간 이용가능,37.385449221,127.11198305,PI,GS차지비,GS차지비,1544-4279,2,7.0,단독,2,2,0.0,1.0,2025-05-15 15:50:55,2025-05-15 11:16:54,2025-05-15 11:16:54,,41,41130,B0,B001,Y,해당 시설 정책에 따라 이용이 불가할 수 있습니다.,N,해당 시설 정책에 따라 이용이 불가할 수 있습니다.,N,,N,2022,경기도,0.9322162564741926,1,0,0,300,0.0033333333222222,0.5,1.0,0.8,0.0026666666577777,0.0,0.0,-1.398324384711289,0.9043422819464888
더블트리 바이 힐튼호텔 판교,ST411359,경기도 성남시 분당구 백현로 26,더블트리 바이 힐튼호텔 판교,지상주차장,24시간 이용가능,37.3803232,127.1043356,ST,SK일렉링크,SK일렉링크,1566-1704,"2,4","100.0,7.0",단독,8,8,0.0,1.0,2025-05-15 15:15:39,2025-05-15 14:13:41,2025-05-15 15:15:39,,41,41130,E0,E003,N,,N,,N,,Y,2023,경기도,0.9349943775934778,0,1,0,300,0.0033333333222222,0.0,1.0,0.8,0.0026666666577777,0.4,0.0,-1.4024915663902169,0.800175100267561
판교역 공영주차장,HE230018,경기도 성남시 분당구 판교역로146번길 8,지상1층,지상1층 주차장,24시간 이용가능,37.39362275,127.1107456,HE,한국전기차충전서비스,한국전기차충전서비스,1522-1782,4,200.0,동시,6,6,0.0,1.0,2025-05-15 12:24:05,2025-05-15 11:59:04,2025-05-15 12:23:29,,41,41130,B0,B001,N,,N,,N,,Y,2023,경기도,0.9432230609953948,0,1,0,300,0.0033333333222222,0.0,1.0,0.8,0.0026666666577777,0.4,0.0,-1.4148345914930922,0.7878320751646855
안서 제1공영주차장,ME20C2b3,충청남도 천안시 동남구 안서동 526-39,,,24시간 이용가능,36.8380801,127.173561,ME,환경부,환경부,1661-9408,4,200.0,동시,2,2,0.0,1.0,2025-05-15 16:15:23,2025-05-15 15:17:01,2025-05-15 15:44:50,,44,44130,B0,B001,Y,,N,,N,,N,2020,충청남도,0.3949272598586382,1,0,0,300,0.0033333333222222,0.5,1.0,0.8,0.0026666666577777,0.0,0.0,-0.5923908897879574,1.7102757768698202
도솔공원,ME19C157,충청남도 천안시 동남구 신부동 132-8,,,24시간 이용가능,36.825001,127.159452,ME,환경부,환경부,1661-9408,4,100.0,동시,2,2,0.0,1.0,2025-05-15 16:12:32,2025-05-15 07:21:02,2025-05-15 08:02:57,,44,44130,D0,D001,Y,,N,,N,,N,2019,충청남도,1.7011680772482345,1,0,0,300,0.0033333333222222,0.5,1.0,0.8,0.0026666666577777,0.0,0.0,-2.5517521158723513,-0.2490854492145735
두정역 제1공영주차장,ME20C2b0,충청남도 천안시 서북구 두정동 91-1,,,24시간 이용가능,36.8319261,127.150577,ME,환경부,환경부,1661-9408,4,200.0,동시,2,2,0.0,1.0,2025-05-15 16:13:43,2025-05-15 15:06:38,2025-05-15 15:25:04,,44,44130,B0,B001,N,,N,,N,,N,2020,충청남도,2.1363532216582284,0,0,0,300,0.0033333333222222,0.0,1.0,0.8,0.0026666666577777,0.0,0.0,-3.2045298324873426,-1.4018631658295648
충남 천안 신당고등학교,BNBN0198,"충남 천안시 서북구 신당새터2길 36 (신당동, 천안신당고등학교)",,,24시간 이용가능,36.8514689,127.1594994,BN,블루네트웍스,블루네트웍스,1833-9131,2,7.0,단독,4,4,0.0,1.0,2025-05-15 10:06:01,2025-05-15 00:45:18,2025-05-15 10:04:31,,44,44130,G0,G004,N,시설 상황에 따라 사용 제한 될 수 있음,N,,N,,N,2022,충청남도,2.295886835908378,0,0,0,300,0.0033333333222222,0.0,1.0,0.8,0.0026666666577777,0.0,0.0,-3.4438302538625667,-1.641163587204789
천안개방교도소 민원인주차장,ME21C230,충청남도 천안시 서북구 신당새터1길 1,,,24시간 이용가능,36.8568484,127.1604881,ME,환경부,환경부,1661-9408,4,200.0,동시,2,2,0.0,1.0,2025-05-15 16:15:18,2025-05-15 15:02:16,2025-05-15 15:29:31,,44,44130,A0,A003,Y,,N,,N,,N,2021,충청남도,2.7658657167861067,1,0,0,300,0.0033333333222222,0.5,1.0,0.8,0.0026666666577777,0.0,0.0,-4.1487985751791605,-1.8461319085213828
남청주농협 주유소,NH430002,충청북도 청주시 서원구 남이면 청남로 1234,,,24시간 이용가능,36.5605536,127.435845,NH,농협경제지주 신재생에너지센터,농협경제지주 신재생에너지센터,1551-5179,4,"200.0,350.0",단독,2,2,0.0,1.0,2025-05-15 11:20:00,2025-05-15 09:49:00,2025-05-15 11:20:00,,43,43110,E0,E007,Y,,N,,N,,N,2022,충청북도,0.3687736984238909,1,0,0,300,0.0033333333222222,0.5,1.0,0.8,0.0026666666577777,0.0,0.0,-0.5531605476358363,1.7495061190219414
청주시 남이면사무소,PI000322,충청북도 청주시 서원구 남이면 척산길 7,,,24시간 이용가능,36.5604624783,127.4340536767,PI,GS차지비,GS차지비,1600-4047,2,7.0,,1,1,0.0,1.0,2025-05-14 23:35:50,2025-05-14 23:29:25,2025-05-14 23:29:25,,43,43110,,,,,N,,N,,N,2017,충청북도,0.2411906044683649,0,0,0,300,0.0033333333222222,0.0,1.0,0.8,0.0026666666577777,0.0,0.0,-0.3617859067025473,1.4408807599552305
청주척산만남의광장급속(ENH),EH213095,충청북도 청주시 서원구 남이면 청남로 1334,,지상주차장,24시간 이용가능,36.5617448,127.4471962,EH,이앤에이치에너지,이앤에이치에너지,043-260-1123,4,50.0,단독,1,1,0.0,1.0,2025-05-15 12:13:45,2025-05-14 01:05:51,2025-05-14 01:05:20,,43,43110,C0,C002,Y,,N,,N,,N,2022,충청북도,1.3654448336104608,1,0,0,300,0.0033333333222222,0.5,1.0,0.8,0.0026666666577777,0.0,0.0,-2.048167250415691,0.2544994162420866
영동 양수발전소,ER430164,충청북도 청주시 서원구 남이면 산막신촌길 59,,지상주차장,24시간 이용가능,36.549822844,127.40125758,ER,이엘일렉트릭,이엘일렉트릭,1600-0274,"2,4","50.0,7.0",단독,6,6,0.0,1.0,2025-05-13 17:24:20,2025-05-13 17:23:09,2025-05-13 14:06:20,,43,43110,G0,G004,Y,,N,,N,,Y,2024,충청북도,2.9512155932864497,1,1,0,300,0.0033333333222222,0.5,1.0,0.8,0.0026666666577777,0.4,0.0,-4.426823389929675,-1.7241567232718973
청주시 느티나무펜션,PI430321,충청북도 청주시 서원구 남이면 산막신촌길 24,주차장,주차장,24시간 이용가능,36.551189679,127.40238703,PI,GS차지비,GS차지비,1600-4047,2,7.0,단독,1,1,0.0,1.0,2025-05-08 00:59:52,2025-03-12 08:49:56,2025-03-12 08:49:56,,43,43110,E0,E003,Y,,N,,N,,N,2023,충청북도,2.807094069378016,1,0,0,300,0.0033333333222222,0.5,1.0,0.8,0.0026666666577777,0.0,0.0,-4.210641104067024,-1.9079744374092464
한선파라디움아파트,KL002652,경상남도 통영시 광도면 죽림1로 41-23,,지하4층 출입구 옆 04기둥 쪽,24시간 이용가능,34.87854,128.41674,KL,클린일렉스,클린일렉스,1811-1350,2,"14.0,7.0",단독,5,5,0.0,1.0,2025-05-15 03:24:04,2025-05-15 00:12:39,2025-05-15 03:18:12,,48,48220,G0,G004,Y,,N,,N,,N,2023,경상남도,0.3323640961955661,1,0,0,300,0.0033333333222222,0.5,1.0,0.8,0.0026666666577777,0.0,0.0,-0.4985461442933492,1.8041205223644283
택시쉼터 주차장(통영),ST482210,경상남도 통영시 광도면 남해안대로 923,,실외주차장,24시간 이용가능,34.87577511,128.41357451,ST,SK일렉링크,SK일렉링크,1566-1704,4,200.0,동시,2,2,0.0,1.0,2025-05-15 15:13:36,2025-05-15 13:52:03,2025-05-15 15:13:36,,48,48220,C0,C003,N,,N,,N,,N,2023,경상남도,0.1405685999237063,0,0,0,300,0.0033333333222222,0.0,1.0,0.8,0.0026666666577777,0.0,0.0,-0.2108528998855595,1.5918137667722183
국민연금공단 통영지사,ME20C236,경상남도 통영시 광도면 신죽3길 16,,,24시간 이용가능,34.8739506,128.4179382,ME,환경부,환경부,1661-9408,4,100.0,단독,2,2,0.0,1.0,2025-05-15 15:55:16,2025-05-15 11:16:07,2025-05-15 11:54:19,,48,48220,A0,A003,Y,,N,,N,,N,2021,경상남도,0.5247440143864963,1,0,0,300,0.0033333333222222,0.5,1.0,0.8,0.0026666666577777,0.0,0.0,-0.7871160215797445,1.5155506450780334
통영해양경찰서,HM810001,경상남도 통영시 광도면 죽림2로 45,통영해양경찰서,옥외주차장,24시간 이용,34.8803876,128.4178623,HM,휴맥스이브이,휴맥스이브이,1800-3188,2,7.0,단독,1,1,0.0,1.0,2025-05-15 00:10:30,2025-05-14 22:00:25,2025-05-15 00:08:13,,48,48220,I0,I004,Y,,N,,N,,N,2023,경상남도,0.539048019433212,1,0,0,300,0.0033333333222222,0.5,1.0,0.8,0.0026666666577777,0.0,0.0,-0.808572029149818,1.4940946375079598
통영해양경찰서 (광도면),ME20D114,경상남도 통영시 광도면 죽림2로45,,,24시간 이용가능,34.880504,128.4180649,ME,환경부,환경부,1661-9408,4,100.0,단독,1,1,0.0,1.0,2025-05-15 15:54:47,2025-05-15 15:14:40,2025-05-15 15:54:46,,48,48220,I0,I004,Y,,N,,N,,N,2021,경상남도,0.5613624603767771,1,0,0,300,0.0033333333222222,0.5,1.0,0.8,0.0026666666577777,0.0,0.0,-0.8420436905651656,1.4606229760926122
함양 서상논개묘 주차장,HY000254,경상남도 함양군 서상면 논개길 122-58,주차장 안쪽,경상남도 함양군 서상면 금당리 541 주차장 안쪽,24시간 이용가능,35.682044,127.675685,HY,현대엔지니어링,현대엔지니어링,1833-8777,2,7.0,단독,2,2,0.0,1.0,2025-05-03 22:34:03,2025-05-03 20:04:54,2025-05-03 22:33:15,,48,48870,B0,B001,N,,N,,N,,N,2023,경상남도,1.453504003761506,0,0,0,300,0.0033333333222222,0.0,1.0,0.8,0.0026666666577777,0.0,0.0,-2.180256005642259,-0.3775893389844813
서상시장,KP005111,경상남도 함양군 서상면 칠형정뒷길 16,,,24시간 이용가능,35.6798,127.688,KP,한국전력공사,한국전력,1899-2100,4,100.0,단독,1,1,0.0,1.0,2025-05-15 14:03:07,2025-05-15 13:47:02,2025-05-15 14:01:45,,48,48870,B0,B001,Y,,N,,N,,N,2022,경상남도,2.59332649670285,1,0,0,300,0.0033333333222222,0.5,1.0,0.8,0.0026666666577777,0.0,0.0,-3.889989745054276,-1.5873230783964982
함양 서상지역대,HY000362,경상남도 함양군 서상면 대남로 16,소방서 주차장,경상남도 함양군 서상면 대남로 16 소방서 주차장,24시간 이용가능,35.6842111,127.687259,HY,현대엔지니어링,현대엔지니어링,1833-8777,2,7.0,단독,1,1,0.0,1.0,2025-05-06 12:57:03,2025-05-06 11:44:26,2025-05-06 12:56:02,,48,48870,A0,A003,N,,N,,N,,N,2023,경상남도,2.459250705664162,0,0,0,300,0.0033333333222222,0.0,1.0,0.8,0.0026666666577777,0.0,0.0,-3.688876058496243,-1.8862093918384653
함양 서상면사무소,HY000264,경상남도 함양군 서상면 서상로 260,서상면사무소 주차장,경상남도 함양군 서상면 서상로 260 서상면사무소,24시간 이용가능,35.679042,127.687862,HY,현대엔지니어링,현대엔지니어링,1833-8777,2,7.0,단독,0,1,1.0,1.0,2025-05-15 11:29:03,2025-05-15 11:28:57,2025-05-14 10:53:01,2025-05-15 11:28:57,48,48870,A0,A002,N,,N,,N,,N,2023,경상남도,2.6019513038989346,0,0,0,300,0.0033333333222222,0.0,1.0,0.0,0.0026666666577777,0.0,0.0,-3.902926955848402,-2.9002602891906246
논개생가지 주차장,ME19Y265,전북특별자치도 장수군 장계면 의암로 558,,,24시간 이용가능,35.680851,127.620807,ME,환경부,환경부,1661-9408,4,100.0,단독,2,2,0.0,1.0,2025-05-15 15:55:19,2025-05-13 16:37:19,2025-05-13 17:19:42,,52,52740,B0,B001,Y,,N,,N,,N,2020,전북특별자치도,3.576997941227936,1,0,0,300,0.0033333333222222,0.5,1.0,0.8,0.0026666666577777,0.0,0.0,-5.365496911841904,-3.062830245184126
삼미상사㈜ 보라self,ST601263,경기 용인시 기흥구 용구대로 1835  (보라동),,주유소,24시간 이용가능,37.2519457,127.1045683,ST,SK일렉링크,SK일렉링크,1566-1704,4,200.0,동시,2,2,0.0,1.0,2025-05-15 13:04:19,2025-05-15 12:47:17,2025-05-15 13:04:19,,41,41460,E0,E007,Y,,N,,N,,Y,2019,경기도,0.1947555426769259,1,1,0,300,0.0033333333222222,0.5,1.0,0.8,0.0026666666577777,0.4,0.0,-0.2921333140153889,2.4105333526423887
롯데칠성음료 용인영업소,JA410017,경기도 용인시 기흥구 용구대로1855번길 15-1,롯데칠성음료 용인영업소 지상 1층,롯데칠성음료 용인영업소 지상 1층,24시간 이용가능,37.2541372,127.1014469,JA,이브이시스,이브이시스,1577-1556,2,11.0,단독,1,1,0.0,1.0,2025-05-15 09:49:01,2025-05-15 07:30:01,2025-05-15 09:49:01,,41,41460,G0,G004,Y,,Y,직원 및 업무용차량 출입 제한,N,,N,2022,경기도,0.214410819627755,1,0,0,300,0.0033333333222222,0.5,1.0,0.8,0.0026666666577777,0.0,0.0,-0.3216162294416326,1.9810504372161453
용인시 기흥레스피아 주차장,JA410184,경기도 용인시 기흥구 하갈로 79,기흥레스피아 주차장,,24시간 이용가능,37.2521114,127.0964578,JA,이브이시스,이브이시스,1577-1556,"2,4","100.0,7.0","단독,동시",4,4,0.0,1.0,2025-05-15 14:14:11,2025-05-15 13:40:20,2025-05-15 14:14:11,,41,41460,G0,G004,N,,N,,N,,N,2024,경기도,0.6669083429422917,0,0,0,300,0.0033333333222222,0.0,1.0,0.8,0.0026666666577777,0.0,0.0,-1.0003625144134376,0.8023041522443402
용인시 동아에스티용인연구본부,PI313557,경기도 용인시 기흥구 금화로105번길 21,,지상주차장,24시간 이용가능,37.2641005,127.1060914,PI,GS차지비,GS차지비,1600-4047,2,7.0,단독,6,6,0.0,1.0,2025-05-15 16:05:45,2025-05-15 11:50:28,2025-05-15 11:50:28,,41,41460,G0,G004,Y,,N,,N,,N,2023,경기도,1.1882302511852498,1,0,0,300,0.0033333333222222,0.5,1.0,0.8,0.0026666666577777,0.0,0.0,-1.7823453767778747,0.520321289879903
한국민속촌 주차장,HE000892,경기도 용인시 기흥구 민속촌로 93,,지상주차장,24시간 이용가능,37.257139,127.115071,HE,한국전기차충전서비스,한국전기차충전서비스,1522-1782,"2,6","50.0,7.0",단독,6,8,0.25,1.0,2025-05-15 10:09:01,2025-05-15 09:11:16,2025-05-15 09:49:05,2025-05-14 06:44:02,41,41460,D0,D003,Y,,N,,N,,N,2019,경기도,1.0762395554112243,1,0,0,300,0.0033333333222222,0.5,1.0,0.6000000000000001,0.0026666666577777,0.0,0.0,-1.6143593331168364,0.4883073335409416
고성공룡나라휴게소 (대전),ST488205,경상남도 고성군 대가면 통영대전고속도로 32,,주차장,24시간 이용가능,35.0560099,128.2523501,ST,SK일렉링크,SK일렉링크,1566-1704,4,"200.0,350.0",단독,2,2,0.0,1.0,2025-05-15 12:57:23,2025-05-15 12:43:25,2025-05-15 12:57:23,,48,48820,C0,C001,Y,,N,,N,,Y,2023,경상남도,2.580798756081615,1,1,0,300,0.0033333333222222,0.5,1.0,0.8,0.0026666666577777,0.4,0.0,-3.871198134122422,-1.1685314674646443
대가면송계보건진료소,PW000122,경상남도 고성군 대가면 대가로 1104-7,,건물입구우측기둥,24시간 이용가능,35.052867,128.243869,PW,파워큐브,파워큐브코리아,1833-8017,2,7.0,단독,1,1,0.0,1.0,2025-05-05 05:16:12,2025-05-04 22:19:52,2025-05-05 05:14:36,,48,48820,I0,I003,Y,,N,,N,,N,2018,경상남도,2.318085160709294,1,0,0,300,0.0033333333222222,0.5,1.0,0.8,0.0026666666577777,0.0,0.0,-3.4771277410639407,-1.174461074406163
워터 고성공룡나라휴게소 대전방향,BE241238,경상남도 고성군 대가면 통영대전고속도로 32,,휴게소 진입로 ,24시간 이용가능,35.055977,128.253486,BE,브라이트에너지파트너스,브라이트에너지파트너스,1600-8025,"10,4","200.0,350.0",단독,6,6,0.0,1.0,2025-05-15 15:39:18,2025-05-15 15:30:24,2025-05-15 15:39:18,,48,48820,C0,C001,Y,,N,,N,,Y,2024,경상남도,2.6648456145112185,1,1,0,300,0.0033333333222222,0.5,1.0,0.8,0.0026666666577777,0.4,0.0,-3.997268421766828,-1.29460175510905
고성공룡나라(대전) 휴게소,ME178049,경상남도 고성군 대가면 통영대전고속도로 32 (신전리),,,24시간 이용가능,35.0570523,128.2513447,ME,환경부,환경부,1661-9408,6,50.0,단독,1,1,0.0,1.0,2025-05-15 15:54:14,2025-05-15 11:02:54,2025-05-15 11:40:19,,48,48820,C0,C001,Y,,N,,N,,N,2017,경상남도,2.4373441856233207,1,0,0,300,0.0033333333222222,0.5,1.0,0.8,0.0026666666577777,0.0,0.0,-3.656016278434981,-1.3533496117772033
영현면사무소 주차장,ME20C109,경상남도 고성군 영현면 침점리 356-2,,,24시간 이용가능,35.0541445,128.2057497,ME,환경부,환경부,1661-9408,4,100.0,단독,1,1,0.0,1.0,2025-05-15 15:52:12,2025-05-14 16:30:27,2025-05-14 16:56:43,,48,48820,A0,A001,Y,,N,,N,,N,2021,경상남도,2.861762082404234,1,0,0,300,0.0033333333222222,0.5,1.0,0.8,0.0026666666577777,0.0,0.0,-4.29264312360635,-1.9899764569485725
평거 우수저류시설(진주),PC001214,경상남도 진주시 새들말로 56-14,,지상주차장 입구 좌측,24시간 이용가능,35.167611935,128.06180199,PC,파킹클라우드,아이파킹,1533-5783,"2,4","50.0,7.0",단독,2,2,0.0,1.0,2025-05-14 17:39:00,2025-05-14 16:55:11,2025-05-14 17:37:56,,48,48170,A0,A004,Y,,N,,N,,N,2025,경상남도,0.4027317315650863,1,0,0,300,0.0033333333222222,0.5,1.0,0.8,0.0026666666577777,0.0,0.0,-0.6040975973476295,1.6985690693101485
내동면사무소,KP004209,경상남도 진주시 내동면 순환로 389,,,24시간 이용가능,35.16036862,128.0682049,KP,한국전력공사,한국전력,1899-2100,4,100.0,,1,1,0.0,1.0,2025-05-15 07:20:04,2025-05-15 07:05:10,2025-05-15 07:19:09,,48,48170,A0,A002,Y,,N,,N,,N,2021,경상남도,0.6438346441590547,1,0,0,300,0.0033333333222222,0.5,1.0,0.8,0.0026666666577777,0.0,0.0,-0.965751966238582,1.3369147004191957
탑마트 서진주,NT100758,경상남도 진주시 새평거로 136,,옥상주차장,24시간 이용가능,35.17037,128.0619,NT,한국전자금융,한국전자금융,1533-2522,"2,4","100.0,7.0","단독,동시",7,7,0.0,1.0,2025-05-14 20:14:50,2025-05-14 20:03:50,2025-05-14 20:14:50,,48,48170,E0,E001,Y,,Y,시설 상황에 따라 이용이 제한될 수 있음,N,,N,2023,경상남도,0.7041858952994423,1,0,0,300,0.0033333333222222,0.5,1.0,0.8,0.0026666666577777,0.0,0.0,-1.0562788429491634,1.2463878237086143
진주시 호텔부엉이,PI550508,경상남도 진주시 평거로6번길 7,,주차장,24시간 이용가능,35.1711148,128.0631346,PI,GS차지비,차지비,1600-4047,2,7.0,단독,1,1,0.0,1.0,2025-05-15 10:34:43,2025-05-15 02:01:55,2025-05-15 02:01:55,,48,48170,E0,E003,Y,,N,,N,,N,2024,경상남도,0.7833165307511729,1,0,0,300,0.0033333333222222,0.5,1.0,0.8,0.0026666666577777,0.0,0.0,-1.1749747961267594,1.1276918705310184
더테라스기업,PIH01910,경상남도 진주시 남강로309번길 20,,지상5층 주차장안쪽,24시간 이용가능,35.1694551,128.0625231,PI,GS차지비,GS차지비,1544-4279,2,7.0,단독,1,2,0.5,1.0,2025-05-15 14:25:31,2025-05-15 14:22:18,2025-05-15 14:22:18,2025-05-15 14:25:31,48,48170,G0,G004,Y,,N,,N,,N,2023,경상남도,0.5984520170369146,1,0,0,300,0.0033333333222222,0.5,1.0,0.4,0.0026666666577777,0.0,0.0,-0.897678025555372,1.0049886411024056
안정공원,HM003021,경상남도 통영시 광도면 춘원1로 6,안정그린공원,옥외주차장,24시간 이용가능,34.9507012,128.4133383,HM,휴맥스이브이,휴맥스이브이,1800-3188,2,7.0,단독,2,2,0.0,1.0,2025-05-15 15:28:31,2025-05-15 12:28:40,2025-05-15 15:26:10,,48,48220,D0,D001,Y,,N,,N,,N,2023,경상남도,1.752475412762496,1,0,0,300,0.0033333333222222,0.5,1.0,0.8,0.0026666666577777,0.0,0.0,-2.628713119143744,-0.3260464524859663
안정주차장,ME20C406,경상남도 통영시 광도면 황리 1645-2,,,24시간 이용가능,34.9578857,128.4200156,ME,환경부,환경부,1661-9408,4,100.0,단독,4,4,0.0,1.0,2025-05-15 15:57:00,2025-05-15 10:14:29,2025-05-15 10:54:29,,48,48220,B0,B004,Y,,N,,N,,N,2021,경상남도,2.0058224925325594,1,0,0,300,0.0033333333222222,0.5,1.0,0.8,0.0026666666577777,0.0,0.0,-3.0087337387988393,-0.7060670721410616
고성 엄홍길전시관,HY000396,경상남도 고성군 거류면 거류로 335,주차장,경상남도 고성군 거류면 거류로 335 주차장,24시간 이용가능,34.972757,128.386826,HY,현대엔지니어링,현대엔지니어링,1833-8777,2,7.0,단독,2,2,0.0,1.0,2025-05-08 14:40:05,2025-05-08 10:17:57,2025-05-08 14:39:32,,48,48820,A0,A003,N,,N,,N,,N,2023,경상남도,1.71826825292942,0,0,0,300,0.0033333333222222,0.0,1.0,0.8,0.0026666666577777,0.0,0.0,-2.57740237939413,-0.7747357127363523
안정 공영주차장,HM003004,경상남도 통영시 광도면 황리 1645-2,,옥외주차장,24시간 이용가능,34.958021,128.4206619,HM,휴맥스이브이,휴맥스이브이,1800-3189,"2,4","100.0,7.0","단독,동시",6,6,0.0,1.0,2025-05-15 14:00:32,2025-05-15 08:34:36,2025-05-15 13:59:43,,48,48220,B0,B001,Y,,N,,N,,N,2023,경상남도,2.0621135973241564,1,0,0,300,0.0033333333222222,0.5,1.0,0.8,0.0026666666577777,0.0,0.0,-3.0931703959862347,-0.7905037293284569
거류면사무소 주차장,ME20C104,경상남도 고성군 거류면 당동3길 5,,,24시간 이용가능,34.9920786,128.4044333,ME,환경부,환경부,1661-9408,4,100.0,단독,1,1,0.0,1.0,2025-05-15 15:55:34,2025-05-14 20:56:34,2025-05-14 21:35:17,,48,48820,A0,A001,Y,,N,,N,,N,2021,경상남도,3.562118360765558,1,0,0,300,0.0033333333222222,0.5,1.0,0.8,0.0026666666577777,0.0,0.0,-5.3431775411483375,-3.04051087449056
장수군 공설장례식장 주차장,JA450079,전북특별자치도 장수군 장계면 진장로 1876,장수군 공설장례식장 주차장,장수군 공설장례식장 주차장,24시간 이용가능,35.7406909,127.5725531,JA,이브이시스,이브이시스,1577-1556,4,100.0,동시,2,2,0.0,1.0,2025-05-14 18:20:04,2025-05-14 17:07:04,2025-05-14 18:20:04,,52,52740,G0,G004,Y,,N,,N,,N,2023,전북특별자치도,2.4089740698245374,1,0,0,300,0.0033333333222222,0.5,1.0,0.8,0.0026666666577777,0.0,0.0,-3.613461104736806,-1.3107944380790282
장수군 하늘꽃펜션,PI630408,전북특별자치도 장수군 계북면 월현로 135-15,주차장,주차장,24시간 이용가능,35.774089441,127.59097317,PI,GS차지비,GS차지비,1600-4047,2,7.0,단독,1,1,0.0,1.0,2025-05-02 14:11:25,2025-04-27 03:38:34,2025-04-27 03:38:34,,52,52740,E0,E003,Y,,N,,N,,N,2023,전북특별자치도,2.436510848767527,1,0,0,300,0.0033333333222222,0.5,1.0,0.8,0.0026666666577777,0.0,0.0,-3.6547662731512904,-1.352099606493513
장계 공영주차장,ME21C244,전북특별자치도 장수군 장계면 장계리 346,,,24시간 이용가능,35.7323795,127.5836825,ME,환경부,환경부,1661-9408,4,200.0,동시,2,2,0.0,1.0,2025-05-15 15:57:17,2025-05-15 10:03:18,2025-05-15 10:26:47,,52,52740,B0,B001,Y,,N,,N,,N,2021,전북특별자치도,2.4513048654325664,1,0,0,300,0.0033333333222222,0.5,1.0,0.8,0.0026666666577777,0.0,0.0,-3.6769572981488494,-1.3742906314910717
장계초등학교 옆 공영주차장,ME181536,전북특별자치도 장수군 장계면 한들로 66,,,24시간 이용가능,35.7322561,127.5798092,ME,환경부,환경부,1661-9408,6,50.0,단독,1,1,0.0,1.0,2025-05-15 15:53:11,2025-05-14 09:01:44,2025-05-14 09:42:09,,52,52740,A0,A003,Y,,N,,N,,N,2018,전북특별자치도,2.6279679859027136,1,0,0,300,0.0033333333222222,0.5,1.0,0.8,0.0026666666577777,0.0,0.0,-3.9419519788540702,-1.6392853121962925
장계국민체육센터,ME24B173,전북특별자치도 장수군 장계면 체육공원길 54,,,24시간 이용가능,35.727875,127.592542,ME,환경부,환경부,1661-9408,4,100.0,단독,1,1,0.0,1.0,2025-05-15 15:54:51,2025-05-11 16:19:22,2025-05-11 16:59:22,,52,52740,J0,J007,Y,,N,,N,,N,2024,전북특별자치도,2.738427835229632,1,0,0,300,0.0033333333222222,0.5,1.0,0.8,0.0026666666577777,0.0,0.0,-4.107641752844447,-1.8049750861866696
옥산면사무소,ST431107,충청북도 청주시 흥덕구 옥산면 오산리 540-1,,옥산면행정복지센터 건물 우측,24시간 이용가능,36.664616,127.37597,ST,SK일렉링크,SK일렉링크,1566-1704,6,50.0,단독,1,1,0.0,1.0,2025-05-15 13:58:19,2025-05-15 13:17:20,2025-05-15 13:58:19,,43,43110,A0,A003,Y,,N,,N,,N,2019,충청북도,1.3179347212417731,1,0,0,300,0.0033333333222222,0.5,1.0,0.8,0.0026666666577777,0.0,0.0,-1.9769020818626597,0.325764584795118
청주시 옥산면 가락리 공영주차장,JA430028,충청북도 청주시 흥덕구 옥산면 가락리 969,옥산면 가락리 공영주차장 지상 1층,옥산면 가락리 공영주차장 지상 1층,24시간 이용가능,36.6778089,127.3892219,JA,이브이시스,이브이시스,1577-1556,4,50.0,단독,1,1,0.0,1.0,2025-05-14 15:35:08,2025-05-14 15:14:08,2025-05-14 15:35:08,,43,43110,B0,B001,Y,,N,,N,,N,2024,충청북도,1.3937118347764028,1,0,0,300,0.0033333333222222,0.5,1.0,0.8,0.0026666666577777,0.0,0.0,-2.0905677521646044,0.2120989144931733
옥산(부산)휴게소 (급),EC430012,충청북도 청주시 흥덕구 옥산면 경부고속도로 309,,,24시간 이용가능,36.657632503,127.36983704,EC,이지차저,이지차저,1544-3332,4,200.0,단독,2,2,0.0,1.0,2025-05-15 15:48:27,2025-05-15 15:38:01,2025-05-15 15:47:06,,43,43110,C0,C001,Y,,N,,N,,Y,2024,충청북도,2.1072719794531847,1,1,0,300,0.0033333333222222,0.5,1.0,0.8,0.0026666666577777,0.4,0.0,-3.1609079691797772,-0.4582413025219995
옥산(부산) 휴게소,ME18C510,충청북도 청주시 옥산면 경부고속도로 309,,,24시간 이용가능,36.656951,127.370545,ME,환경부,환경부,1661-9408,6,100.0,단독,1,1,0.0,1.0,2025-05-15 16:12:31,2025-05-15 13:44:48,2025-05-15 14:25:18,,43,43110,C0,C001,Y,,N,,N,,N,2018,충청북도,2.172981533618418,1,0,0,300,0.0033333333222222,0.5,1.0,0.8,0.0026666666577777,0.0,0.0,-3.259472300427627,-0.9568056337698492
옥산(부산) 휴게소,ME178014,충청북도 청주시 흥덕구 옥산면 경부고속도로 309 (오산리),,,24시간 이용가능,36.6567726,127.3703995,ME,환경부,환경부,1661-9408,6,50.0,단독,1,1,0.0,1.0,2025-05-15 16:14:12,2025-05-15 15:39:54,2025-05-15 15:58:55,,43,43110,C0,C001,Y,,N,,N,,N,2017,충청북도,2.1943578362185456,1,0,0,300,0.0033333333222222,0.5,1.0,0.8,0.0026666666577777,0.0,0.0,-3.2915367543278187,-0.9888700876700408
안성(서울) 휴게소,ME184013,경기도 안성시 원곡면 경부고속도로 372,,,24시간 이용가능,37.077457,127.131745,ME,환경부,환경부,1661-9408,6,50.0,단독,1,1,0.0,1.0,2025-05-15 16:02:10,2025-05-15 13:45:15,2025-05-15 14:01:23,,41,41550,C0,C001,Y,,N,,N,,N,2018,경기도,0.89413221594935,1,0,0,300,0.0033333333222222,0.5,1.0,0.8,0.0026666666577777,0.0,0.0,-1.341198323924025,0.9614683427337528
안성(서울) 휴게소,ME20A403,경기도 안성시 원곡면 경부고속도로 372,,,24시간 이용가능,37.077522,127.1317147,ME,환경부,환경부,1661-9408,4,"100.0,200.0","단독,동시",3,4,0.25,1.0,2025-05-15 16:05:10,2025-05-15 15:26:11,2025-05-15 15:53:15,2025-05-15 15:41:06,41,41550,C0,C001,Y,,N,,N,,N,2020,경기도,0.886633672995853,1,0,0,300,0.0033333333222222,0.5,1.0,0.6000000000000001,0.0026666666577777,0.0,0.0,-1.3299505094937796,0.7727161571639984
안성(서울) 휴게소,ME181108,경기도 안성시 원곡면 산하리 421-4 ,,,24시간 이용가능,37.076523,127.132887,ME,환경부,환경부,1661-9408,6,50.0,단독,1,1,0.0,1.0,2025-05-15 16:01:15,2025-05-14 11:50:45,2025-05-14 12:20:16,,41,41550,C0,C001,Y,,N,,N,,N,2018,경기도,1.0371439999718233,1,0,0,300,0.0033333333222222,0.5,1.0,0.8,0.0026666666577777,0.0,0.0,-1.555715999957735,0.7469506667000427
안성휴게소 (서울방향) E-pit,HD000002,경기도 안성시 원곡면 경부고속도로 372,,휴게소 진입 직후 우측 도로변,24시간 이용가능,37.0755757,127.1329907,HD,현대자동차,현대자동차,1566-8387,4,"100.0,260.0",단독,5,6,0.1666666666666666,0.8333333333333334,2025-05-15 15:52:00,2025-05-15 15:21:09,2025-05-15 15:51:45,,41,41550,C0,C001,Y,"(초고속) 1~4번 충전기, (급속) 5~6번 충전기",N,어댑터 사용 불가,N,,N,2021,경기도,1.1296991096722329,1,0,0,300,0.0033333333222222,0.5,0.8333333333333334,0.6666666666666667,0.0026666666577777,0.0,0.0,-1.6945486645083494,0.3081180021494285
신세계푸드 평택 물류센터,IN031053,경기도 평택시 진위면 마산8로 10,신세계푸드 평택 물류센터,신세계푸드 평택 물류센터,24시간 이용가능,37.087438,127.098777,IN,신세계아이앤씨,신세계아이앤씨,1899-7495,4,100.0,동시,4,4,0.0,1.0,2025-05-15 16:01:12,2025-05-15 15:41:56,2025-05-15 16:01:12,,41,41220,G0,G004,Y,외부인 출입금지,Y,시설 상황에 따라 이용이 제한될 수 있음,N,,N,2023,경기도,2.45417484024371,1,0,0,300,0.0033333333222222,0.5,1.0,0.8,0.0026666666577777,0.0,0.0,-3.681262260365565,-1.3785955937077872
OB맥주 청주공장,HY001195,충청북도 청주시 서원구 현도면 현도공단로 151,북문 안쪽 지상주차장,충청북도 청주시 서원구 현도면 현도공단로 151 북문 안쪽 지상주차장,24시간 이용가능,36.5038347,127.416517,HY,현대엔지니어링,현대엔지니어링,1833-8777,2,7.0,단독,8,8,0.0,1.0,2025-05-12 05:51:05,2025-05-11 17:28:58,2025-05-12 05:50:08,,43,43110,G0,G004,N,,N,,N,,N,2024,충청북도,1.9235777483397565,0,0,0,300,0.0033333333222222,0.0,1.0,0.8,0.0026666666577777,0.0,0.0,-2.885366622509635,-1.082699955851857
죽암(서울) 휴게소,ME184146,충청북도 청주시 서원구 현도면 경부고속도로 290,휴게소 입구 우측 끝(차량정비소 좌측 끝),,24시간 이용가능,36.4958964,127.4306677,ME,환경부,환경부,1661-9408,6,50.0,단독,1,1,0.0,1.0,2025-05-15 16:11:26,2025-05-15 14:16:52,2025-05-15 14:46:37,,43,43110,C0,C001,Y,,N,,N,,N,2018,충청북도,2.402711190812863,1,0,0,300,0.0033333333222222,0.5,1.0,0.8,0.0026666666577777,0.0,0.0,-3.6040667862192945,-1.3014001195615168
죽암(서울) 휴게소,ME178019,충청북도 청주시 서원구 현도면 경부고속도로 290,,,24시간 이용가능,36.4957964,127.4308677,ME,환경부,환경부,1661-9408,6,50.0,단독,2,2,0.0,1.0,2025-05-15 16:13:57,2025-05-15 09:35:32,2025-05-15 10:18:38,,43,43110,C0,C001,Y,,N,,N,,N,2017,충청북도,2.4145116170438907,1,0,0,300,0.0033333333222222,0.5,1.0,0.8,0.0026666666577777,0.0,0.0,-3.621767425565836,-1.3191007589080583
죽암(서울) 휴게소,ME21A308,충청북도 청주시 서원구 현도면 선동2길 232-9,,,24시간 이용가능,36.4969259,127.4304364,ME,환경부,환경부,1661-9408,4,100.0,단독,2,3,0.3333333333333333,0.6666666666666666,2025-05-15 16:03:10,2025-05-15 14:48:32,2025-05-15 14:52:08,,43,43110,C0,C001,Y,,N,,N,,N,2021,충청북도,2.2876443492652823,1,0,0,300,0.0033333333222222,0.5,0.6666666666666666,0.5333333333333334,0.0026666666577777,0.0,0.0,-3.4314665238979236,-1.728799857240146
세종시 미래생활,PI645167,세종특별자치시 부강면 연청로 1147-1,,공장동 좌측 주차장,24시간 이용가능,36.531463,127.3979758,PI,GS차지비,GS차지비,1600-4047,2,7.0,단독,3,3,0.0,1.0,2025-05-14 10:30:30,2025-05-08 15:35:36,2025-05-08 15:35:36,,36,36110,G0,G004,Y,,N,,N,,N,2024,세종특별자치시,3.2348072170259514,1,0,0,300,0.0033333333222222,0.5,1.0,0.8,0.0026666666577777,0.0,0.0,-4.852210825538927,-2.5495441588811496
래프팅타운 (급),EC480256,경상남도 산청군 산청읍 꽃봉산로34번길 77,,,24시간 이용가능,35.4115742,127.8657698,EC,이지차저,이지차저,1544-3332,4,100.0,동시,2,2,0.0,1.0,2025-05-07 10:58:30,2025-05-07 09:58:09,2025-05-07 10:52:39,,48,48860,G0,G004,N,,N,,N,,N,2024,경상남도,0.1476738402813552,0,0,0,300,0.0033333333222222,0.0,1.0,0.8,0.0026666666577777,0.0,0.0,-0.2215107604220327,1.581155906235745
산청군청,KP005086,경상남도 산청군 산청읍 산엔청로 1,,,24시간 이용가능,35.41,127.87,KP,한국전력공사,한국전력,1899-2100,4,100.0,단독,1,1,0.0,1.0,2025-05-04 19:57:09,2025-05-04 19:01:02,2025-05-04 19:43:27,,48,48860,A0,A001,Y,,N,,N,,N,2023,경상남도,0.5255292949628906,1,0,0,300,0.0033333333222222,0.5,1.0,0.8,0.0026666666577777,0.0,0.0,-0.7882939424443358,1.514372724213442
금서면(온누리관),ME20C217,경상남도 산청군 금서면 매촌리 710-4,,,24시간 이용가능,35.417444,127.8628701,ME,환경부,환경부,1661-9408,4,200.0,동시,2,2,0.0,1.0,2025-05-15 15:55:10,2025-05-15 12:33:07,2025-05-15 12:51:46,,48,48860,A0,A004,Y,,N,,N,,N,2021,경상남도,0.5579272214811097,1,0,0,300,0.0033333333222222,0.5,1.0,0.8,0.0026666666577777,0.0,0.0,-0.8368908322216646,1.4657758344361131
산청 금서면 대장마을,EC480105,경상남도 산청군 금서면 매촌리 898-8,,,24시간 이용가능,35.4152926,127.8587495,EC,이지차저,이지차저,1544-3332,2,7.0,단독,1,1,0.0,1.0,2025-05-03 18:56:30,2025-05-03 13:39:13,2025-05-03 18:55:01,,48,48860,A0,A004,Y,,N,,N,,N,2024,경상남도,0.6593943165644153,1,0,0,300,0.0033333333222222,0.5,1.0,0.8,0.0026666666577777,0.0,0.0,-0.9890914748466229,1.313575191811155
산청군청,PI700316,경상남도 산청군 산청읍 산엔청로 1,산청군청,지상주차장,24시간 이용가능,35.41561,127.87347,PI,차지비,GS차지비,1600-4047,2,7.0,,1,1,0.0,1.0,2025-05-10 20:19:57,2025-05-10 20:17:19,2025-05-10 20:17:19,,48,48860,A0,A001,Y,,N,,N,,N,2017,경상남도,0.7934187879303838,1,0,0,300,0.0033333333222222,0.5,1.0,0.8,0.0026666666577777,0.0,0.0,-1.1901281818955756,1.1125384847622022
사천시 밸리모텔,PI550477,경상남도 사천시 사천읍 성지공단길 19,주차장,주차장,24시간 이용가능,35.10424139,128.11180123,PI,GS차지비,GS차지비,1600-4047,2,7.0,단독,2,2,0.0,1.0,2025-05-08 01:00:36,2025-04-15 16:50:45,2025-04-15 16:50:45,,48,48240,E0,E003,Y,,N,,N,,N,2023,경상남도,2.803550354787777,1,0,0,300,0.0033333333222222,0.5,1.0,0.8,0.0026666666577777,0.0,0.0,-4.205325532181665,-1.9026588655238872
진주KAL관광호텔,PW011925,경상남도 진주시 정촌면 화개천로 132-14,,,24시간 이용가능,35.1279401,128.1042241,PW,파워큐브,파워큐브,1833-8017,2,7.0,,2,2,0.0,1.0,2025-05-15 11:06:15,2025-05-14 13:57:28,2025-05-14 15:57:48,,48,48170,E0,E003,Y,,Y,숙박 시설 이용자로 제한,N,,N,2020,경상남도,3.648038325825677,1,0,0,300,0.0033333333222222,0.5,1.0,0.8,0.0026666666577777,0.0,0.0,-5.472057488738516,-3.169390822080738
진주먹거리통합지원센터,CV004265,경상남도 진주시 문산읍 두산리 787,"(두산리, 먹거리통합센터)",지상1층 주차장,24시간 이용가능,35.146576678,128.14536436,CV,채비,채비,1522-2573,2,7.0,단독,2,2,0.0,1.0,2025-05-14 09:40:41,2025-05-14 05:35:18,2025-05-14 09:37:28,,48,48170,A0,A003,Y,,N,,N,,N,2024,경상남도,3.682669320468722,1,0,0,300,0.0033333333222222,0.5,1.0,0.8,0.0026666666577777,0.0,0.0,-5.524003980703083,-3.221337314045305
정촌면사무소,ME20C133,경상남도 진주시 정촌면 화개리 976,,,24시간 이용가능,35.131473,128.1025175,ME,환경부,환경부,1661-9408,4,100.0,단독,1,1,0.0,1.0,2025-05-15 15:55:28,2025-05-15 14:13:19,2025-05-15 14:38:36,,48,48170,A0,A001,Y,,N,,N,,N,2020,경상남도,3.968577972181531,1,0,0,300,0.0033333333222222,0.5,1.0,0.8,0.0026666666577777,0.0,0.0,-5.952866958272297,-3.650200291614519
두루춘풍,IM000142,경상남도 진주시 문산읍 월아산로1002번길 3,두루춘풍,옥외주차장,24시간 이용가능,35.1,128.1,IM,아이마켓코리아,아이마켓코리아,02-3708-5678,2,7.0,단독,1,1,0.0,1.0,2025-05-06 21:57:18,2025-05-06 19:59:00,2025-05-06 21:59:49,,48,48170,E0,E006,Y,,N,,N,,N,2023,경상남도,3.975812698123755,1,0,0,300,0.0033333333222222,0.5,1.0,0.8,0.0026666666577777,0.0,0.0,-5.963719047185633,-3.661052380527856
성심인애원 (급),EC480260,경상남도 산청군 산청읍 산청대로1381번길 17,,,24시간 이용가능,35.3808476,127.9083448,EC,이지차저,이지차저,1544-3332,4,100.0,동시,2,2,0.0,1.0,2025-05-13 12:00:32,2025-05-13 10:39:40,2025-05-13 11:51:48,,48,48860,A0,A004,N,,N,,N,,N,2024,경상남도,0.8191943133353426,0,0,0,300,0.0033333333222222,0.0,1.0,0.8,0.0026666666577777,0.0,0.0,-1.228791470003014,0.5738751966547637
성심인애원,EC480136,경상남도 산청군 산청읍 산청대로1381번길 17,,,24시간 이용가능,35.3802041,127.9090051,EC,이지차저,이지차저,1544-3332,2,7.0,단독,1,1,0.0,1.0,2025-05-13 18:36:28,2025-05-13 14:48:07,2025-05-13 18:35:22,,48,48860,A0,A004,N,,N,,N,,N,2024,경상남도,0.9022403347314776,0,0,0,300,0.0033333333222222,0.0,1.0,0.8,0.0026666666577777,0.0,0.0,-1.353360502097216,0.4493061645605616
산청농업기술센터,ME20C216,경상남도 산청군 산청읍 물안실로8,,,24시간 이용가능,35.4054609,127.9008281,ME,환경부,환경부,1661-9408,4,200.0,동시,2,2,0.0,1.0,2025-05-15 15:55:49,2025-05-15 15:41:57,2025-05-15 15:52:58,,48,48860,A0,A004,Y,,N,,N,,N,2021,경상남도,2.0024227900589397,1,0,0,300,0.0033333333222222,0.5,1.0,0.8,0.0026666666577777,0.0,0.0,-3.0036341850884094,-0.7009675184306317
산청군농기계임대사업소 (급),EC480263,경상남도 산청군 산청읍 정곡척지로3번길 62,,,24시간 이용가능,35.4024804,127.9008736,EC,이지차저,이지차저,1544-3332,4,100.0,동시,2,2,0.0,1.0,2025-05-10 10:16:33,2025-05-10 10:03:45,2025-05-10 10:08:38,,48,48860,A0,A004,N,,N,,N,,N,2024,경상남도,1.6833098215563282,0,0,0,300,0.0033333333222222,0.0,1.0,0.8,0.0026666666577777,0.0,0.0,-2.5249647323344924,-0.7222980656767146
산청군농기계임대사업소,EC480140,경상남도 산청군 산청읍 정곡척지로3번길 62,,,24시간 이용가능,35.4027209,127.900336,EC,이지차저,이지차저,1544-3332,2,7.0,단독,1,1,0.0,1.0,2025-05-13 18:26:28,2025-05-13 07:50:38,2025-05-13 12:35:01,,48,48860,A0,A004,N,,N,,N,,N,2024,경상남도,1.7241220699009152,0,0,0,300,0.0033333333222222,0.0,1.0,0.8,0.0026666666577777,0.0,0.0,-2.586183104851373,-0.7835164381935953
(주)더빈,CV000527,충청북도 청주시 흥덕구 강내면 청주역로 177-14,(주)더빈,,24시간 이용가능,36.632044,127.383314,CV,채비,채비,1522-2573,2,7.0,단독,3,3,0.0,1.0,2025-05-13 20:45:19,2025-05-13 18:25:25,2025-05-13 20:44:22,,43,43110,E0,E006,N,,N,,N,,N,2019,충청북도,0.2971207165427387,0,0,0,300,0.0033333333222222,0.0,1.0,0.8,0.0026666666577777,0.0,0.0,-0.4456810748141081,1.3569855918436695
청주시 흥덕구청,JA430033,충청북도 청주시 흥덕구 강내면 청주역로 71,흥덕구청,지상 1층,24시간 이용가능,36.6293051,127.3738872,JA,이브이시스,이브이시스,1577-1556,4,"100.0,30.0","단독,동시",7,7,0.0,1.0,2025-05-15 15:49:16,2025-05-15 15:14:08,2025-05-15 15:49:16,,43,43110,A0,A004,Y,,N,,N,,N,2024,충청북도,0.7574853453441985,1,0,0,300,0.0033333333222222,0.5,1.0,0.8,0.0026666666577777,0.0,0.0,-1.1362280180162978,1.16643864864148
대신택배,EH213012,충청북도 청주시 흥덕구 청주역로 280,지상주차장,지상주차장,24시간 이용가능,36.6401552,127.3887716,EH,이앤에이치에너지,이앤에이치에너지,043)260-1123,2,7.0,단독,1,1,0.0,1.0,2025-05-15 14:07:17,2025-05-14 17:00:15,2025-05-14 21:57:34,,43,43110,G0,G004,Y,,N,,N,,N,2021,충청북도,1.0398804783925333,1,0,0,300,0.0033333333222222,0.5,1.0,0.8,0.0026666666577777,0.0,0.0,-1.5598207175888,0.7428459490689778
석소LPG충전소,ST601248,충북 청주시 흥덕구 가로수로 799,,충전소,24시간 이용가능,36.6205886,127.3876877,ST,SK일렉링크,SK일렉링크,1566-1704,4,200.0,동시,4,4,0.0,1.0,2025-05-14 23:30:24,2025-05-14 22:46:41,2025-05-14 23:26:56,,43,43110,E0,E007,Y,,N,,N,,Y,2019,충청북도,1.5737931682778707,1,1,0,300,0.0033333333222222,0.5,1.0,0.8,0.0026666666577777,0.4,0.0,-2.360689752416806,0.3419769142409716
가로수주유소,ME22C222,충청북도 청주시 흥덕구 가로수로 793,,,24시간 이용가능,36.6206199,127.3874409,ME,환경부,환경부,1661-9408,4,100.0,단독,2,2,0.0,1.0,2025-05-15 15:49:57,2025-05-09 12:21:21,2025-05-09 12:23:24,,43,43110,E0,E007,Y,,N,,N,,N,2022,충청북도,1.561805061098641,1,0,0,300,0.0033333333222222,0.5,1.0,0.8,0.0026666666577777,0.0,0.0,-2.3427075916479616,-0.0400409249901838
길치문화공원 공영주차장,IVDJNGIL,대전광역시 대덕구 신상로 65길치문화공원 공영주차장,,,24시간 이용가능,36.357417163,127.4606019,IV,인큐버스,인큐버스,042-863-6698,"2,4","100.0,7.0","단독,동시",5,5,0.0,1.0,2025-05-15 11:00:05,2025-05-15 01:30:05,2025-05-15 11:00:05,,30,30230,B0,B001,Y,,N,,N,,Y,2023,대전광역시,0.3731807150245466,1,1,0,300,0.0033333333222222,0.5,1.0,0.8,0.0026666666577777,0.4,0.0,-0.5597710725368199,2.142895594120958
비래동 143-7 공영주차장,IVDJBRP1,대전광역시 대덕구 비래동 143-7,,,24시간 이용가능,36.354548951,127.4532635,IV,인큐버스,인큐버스,042-863-6698,2,7.0,단독,2,2,0.0,1.0,2025-05-15 13:15:05,2025-05-15 00:45:05,2025-05-15 13:15:05,,30,30230,B0,B001,N,,N,,N,,N,2024,대전광역시,0.3931517264071926,0,0,0,300,0.0033333333222222,0.0,1.0,0.8,0.0026666666577777,0.0,0.0,-0.5897275896107889,1.2129390770469888
한국도로공사대전지사,ME178132,대전광역시 대덕구 동서대로 1855,,,24시간 이용가능,36.3613313,127.4484343,ME,환경부,환경부,1661-9408,6,50.0,단독,1,1,0.0,1.0,2025-05-15 16:03:27,2025-05-15 08:01:55,2025-05-15 08:42:32,,30,30230,A0,A003,Y,,N,,N,,N,2017,대전광역시,0.8685193022035135,1,0,0,300,0.0033333333222222,0.5,1.0,0.8,0.0026666666577777,0.0,0.0,-1.3027789533052705,0.9998877133525076
롯데칠성음료 동대전영업소,JA300011,대전광역시 대덕구 비래서로9번길 19,롯데칠성음료 동대전영업소 지상 1층,롯데칠성음료 동대전영업소 지상 1층,24시간 이용가능,36.3564697,127.4456947,JA,이브이시스,이브이시스,1577-1556,2,11.0,단독,1,1,0.0,1.0,2025-05-13 22:40:01,2025-05-13 13:35:01,2025-05-13 22:40:01,,30,30230,G0,G004,Y,,Y,직원 및 업무용차량 출입 제한,N,,N,2022,대전광역시,0.9667614657906336,1,0,0,300,0.0033333333222222,0.5,1.0,0.8,0.0026666666577777,0.0,0.0,-1.4501421986859506,0.8525244679718271
우암사적공원,ME190403,대전광역시 동구 가양동60,,,24시간 이용가능,36.34726,127.456721,ME,환경부,환경부,1661-9408,6,50.0,단독,1,1,0.0,1.0,2025-05-15 15:59:14,2025-05-15 14:48:10,2025-05-15 15:05:25,,30,30110,D0,D001,Y,,N,,N,,N,2019,대전광역시,1.0789584355046642,1,0,0,300,0.0033333333222222,0.5,1.0,0.8,0.0026666666577777,0.0,0.0,-1.6184376532569962,0.6842290134007816
장수군 참샘골체육관 주차장,JA450082,전북특별자치도 장수군 계북면 어전리 735-1,장수군 참샘골체육관 주차장,장수군 참샘골체육관 주차장,24시간 이용가능,35.7874866,127.6153634,JA,이브이시스,이브이시스,1577-1556,4,30.0,단독,1,1,0.0,1.0,2025-05-12 14:07:04,2025-05-12 13:56:04,2025-05-12 14:07:04,,52,52740,B0,B001,Y,,N,,N,,N,2023,전북특별자치도,0.6237790943032003,1,0,0,300,0.0033333333222222,0.5,1.0,0.8,0.0026666666577777,0.0,0.0,-0.9356686414548006,1.3669980252029772
계북면종합복지회관,ME19B232,전북특별자치도 장수군 계북면 장무로 962-5,,,24시간 이용가능,35.785359,127.613241,ME,환경부,환경부,1661-9408,4,200.0,동시,2,2,0.0,1.0,2025-05-15 15:50:03,2025-05-14 19:36:10,2025-05-14 20:16:16,,52,52740,I0,I006,Y,,N,,N,,N,2020,전북특별자치도,0.9112532393025604,1,0,0,300,0.0033333333222222,0.5,1.0,0.8,0.0026666666577777,0.0,0.0,-1.3668798589538405,0.9357868077039372
덕유산휴게소 (통영),ST457402,전북특별자치도 장수군 계북면 통영대전고속도로 147,,,24시간 이용가능,35.811823448,127.64363473,ST,SK일렉링크,SK일렉링크,1566-1704,4,"200.0,350.0",단독,3,3,0.0,1.0,2025-05-15 15:36:43,2025-05-15 15:04:31,2025-05-15 15:16:05,,52,52740,C0,C001,Y,,N,,N,,Y,2023,전북특별자치도,3.1349243196000085,1,1,0,300,0.0033333333222222,0.5,1.0,0.8,0.0026666666577777,0.4,0.0,-4.702386479400013,-1.999719812742235
덕유산휴게소 (하남),ST457303,전북특별자치도 무주군 안성면 통영대전고속도로 148,,전기차 충전소,24시간 이용가능,35.815109793,127.64500481,ST,SK일렉링크,SK일렉링크,1566-1704,4,"200.0,350.0",단독,3,3,0.0,1.0,2025-05-15 15:34:23,2025-05-15 15:22:12,2025-05-15 15:34:23,,52,52730,C0,C001,Y,,N,,N,,Y,2023,전북특별자치도,3.4979782753322777,1,1,0,300,0.0033333333222222,0.5,1.0,0.8,0.0026666666577777,0.4,0.0,-5.2469674129984165,-2.544300746340639
장수군 하늘꽃펜션,PI630408,전북특별자치도 장수군 계북면 월현로 135-15,주차장,주차장,24시간 이용가능,35.774089441,127.59097317,PI,GS차지비,GS차지비,1600-4047,2,7.0,단독,1,1,0.0,1.0,2025-05-02 14:11:25,2025-04-27 03:38:34,2025-04-27 03:38:34,,52,52740,E0,E003,Y,,N,,N,,N,2023,전북특별자치도,3.2777098406712915,1,0,0,300,0.0033333333222222,0.5,1.0,0.8,0.0026666666577777,0.0,0.0,-4.916564761006937,-2.613898094349159
엑스포주차장 2충전소,ME24A405,충청남도 금산군 금산읍 신대리 355,,,24시간 이용가능,36.0981987,127.5036812,ME,환경부,환경부,1661-9408,4,200.0,동시,4,4,0.0,1.0,2025-05-15 16:16:05,2025-05-15 12:22:13,2025-05-15 12:35:14,,44,44710,B0,B001,Y,,N,,N,,N,2024,충청남도,3.0318902494164384,1,0,0,300,0.0033333333222222,0.5,1.0,0.8,0.0026666666577777,0.0,0.0,-4.5478353741246575,-2.24516870746688
금산경찰서,ME22C292,충청남도 금산군 금산읍 인삼로 201,,,24시간 이용가능,36.1029139,127.5041077,ME,환경부,환경부,1661-9408,4,100.0,단독,2,2,0.0,1.0,2025-05-15 16:03:26,2025-05-15 09:48:19,2025-05-15 10:28:25,,44,44710,I0,I004,Y,,N,,N,,N,2022,충청남도,3.249650537578168,1,0,0,300,0.0033333333222222,0.5,1.0,0.8,0.0026666666577777,0.0,0.0,-4.874475806367252,-2.5718091397094747
금산세계인삼엑스포,ME19C204,충청남도 금산군 금산읍 신대리 355,,,24시간 이용가능,36.097873,127.503598,ME,환경부,환경부,1661-9408,4,100.0,단독,1,2,0.5,1.0,2025-05-15 16:15:35,2025-05-14 16:35:00,2025-05-14 16:41:57,2025-05-15 16:14:12,44,44710,A0,A004,Y,,N,,N,,N,2019,충청남도,3.024076087571573,1,0,0,300,0.0033333333222222,0.5,1.0,0.4,0.0026666666577777,0.0,0.0,-4.53611413135736,-2.6334474646995822
금산약초시장 충전소,ME24A281,충청남도 금산군 금산읍 중도리 22-31,,,24시간 이용가능,36.0991143,127.4964922,ME,환경부,환경부,1661-9408,4,200.0,동시,2,2,0.0,1.0,2025-05-15 16:16:09,2025-05-15 11:29:34,2025-05-15 11:59:22,,44,44710,E0,E001,Y,,N,,N,,N,2024,충청남도,3.666793910403344,1,0,0,300,0.0033333333222222,0.5,1.0,0.8,0.0026666666577777,0.0,0.0,-5.500190865605015,-3.1975241989472374
국민여가캠핑장,ME24B194,충청남도 금산군 제원면 닥실길 16,,,24시간 이용가능,36.105298,127.568886,ME,환경부,환경부,1661-9408,4,100.0,단독,1,1,0.0,1.0,2025-05-15 16:13:35,2025-05-05 11:01:32,2025-05-05 11:41:32,,44,44710,A0,A004,Y,,N,,N,,N,2024,충청남도,3.701662541003156,1,0,0,300,0.0033333333222222,0.5,1.0,0.8,0.0026666666577777,0.0,0.0,-5.552493811504734,-3.249827144846956
산청 상촌리 다목적광장,EC480160,경상남도 산청군 생초면 상촌리 178,,,24시간 이용가능,35.4838193,127.8165691,EC,이지차저,이지차저,1544-3332,2,7.0,단독,1,1,0.0,1.0,2025-05-10 07:42:31,2025-05-10 07:39:17,2025-05-10 07:40:15,,48,48860,A0,A004,N,,N,,N,,N,2024,경상남도,0.5132678082794063,0,0,0,300,0.0033333333222222,0.0,1.0,0.8,0.0026666666577777,0.0,0.0,-0.7699017124191094,1.0327649542386683
생초IC주유소,SOFK0016,경상남도 산청군 생초면 경호로 553-3,생초IC주유소,전면에서 좌측,24시간 이용가능,35.48801334,127.82941016,SO,선광시스템,㈜선광시스템,1533-2972,4,200.0,동시,2,2,0.0,1.0,2025-05-15 01:31:53,2025-05-13 15:19:39,2025-05-13 15:33:39,,48,48860,E0,E007,Y,,N,제한없음,N,,Y,2024,경상남도,1.234024045220821,1,1,0,300,0.0033333333222222,0.5,1.0,0.8,0.0026666666577777,0.4,0.0,-1.8510360678312316,0.851630598826546
생초시외버스터미널주차장,ME19C112,경상남도 산청군 생초면 어서리 290-2,,,24시간 이용가능,35.492167,127.832944,ME,환경부,환경부,1661-9408,4,100.0,단독,1,1,0.0,1.0,2025-05-15 15:53:43,2025-05-14 12:21:53,2025-05-14 13:03:02,,48,48860,B0,B001,Y,,N,,N,,N,2019,경상남도,1.6089613936191427,1,0,0,300,0.0033333333222222,0.5,1.0,0.8,0.0026666666577777,0.0,0.0,-2.413442090428714,-0.1107754237709364
생초시장,KP005091,경상남도 산청군 생초면 생초로 35-30,,,24시간 이용가능,35.4942,127.836,KP,한국전력공사,한국전력,1899-2100,4,100.0,단독,1,1,0.0,1.0,2025-05-14 22:45:03,2025-05-14 21:39:24,2025-05-14 22:37:38,,48,48860,G0,G004,Y,,N,,N,,N,2022,경상남도,1.9405240432421271,1,0,0,300,0.0033333333222222,0.5,1.0,0.8,0.0026666666577777,0.0,0.0,-2.9107860648631907,-0.6081193982054129
생초 평촌마을 다목적광장,EC480158,경상남도 산청군 생초면 평촌리 554-6,,,24시간 이용가능,35.481218,127.8335366,EC,이지차저,이지차저,1544-3332,2,7.0,단독,1,1,0.0,1.0,2025-05-10 09:12:28,2025-05-10 09:09:45,2025-05-10 09:10:19,,48,48860,A0,A004,N,,N,,N,,N,2024,경상남도,1.794043364399012,0,0,0,300,0.0033333333222222,0.0,1.0,0.8,0.0026666666577777,0.0,0.0,-2.691065046598518,-0.8883983799407402
무봉산청소년수련원,ME24B107,경기도 평택시 진위면 진위로 181-94,,,24시간 이용가능,37.106889,127.097328,ME,환경부,환경부,1661-9408,4,100.0,단독,1,1,0.0,1.0,2025-05-15 16:01:53,2025-05-15 08:32:08,2025-05-15 09:12:08,,41,41220,A0,A004,Y,,N,,N,,N,2024,경기도,1.6524745853992846,1,0,0,300,0.0033333333222222,0.5,1.0,0.8,0.0026666666577777,0.0,0.0,-2.478711878098927,-0.1760452114411492
기아차 오산교육센터,HE001039,경기도 용인시 처인구 남사읍 처인성로 57,,지상주차장,24시간 이용가능,37.110733,127.137988,HE,한국전기차충전서비스,한국전기차충전서비스,1522-1782,"2,6","50.0,7.0",단독,3,3,0.0,1.0,2025-05-14 18:17:20,2025-05-13 10:32:13,2025-05-13 13:50:28,,41,41460,G0,G004,Y,,Y,시설 상황에 따라 이용이 제한될 수 있음,N,,N,2020,경기도,2.888846006085489,1,0,0,300,0.0033333333222222,0.5,1.0,0.8,0.0026666666577777,0.0,0.0,-4.333269009128234,-2.030602342470456
경기평택 더퍼스트타워 1,EV014623,경기도 평택시 진위면 진위2산단로 140,지상2층 맨 끝 오른쪽 주차장,지상2층 맨 끝 오른쪽 주차장,24시간 이용가능,37.1194659,127.0782472,EV,에버온,에버온,1661-7766,2,7.0,단독,8,8,0.0,1.0,2025-05-13 21:27:04,2025-05-12 07:14:14,2025-05-12 17:03:44,,41,41220,E0,E001,N,,N,,N,,N,2024,경기도,2.57550732560471,0,0,0,300,0.0033333333222222,0.0,1.0,0.8,0.0026666666577777,0.0,0.0,-3.863260988407065,-2.0605943217492872
경기평택 더퍼스트타워 2,EV014624,경기도 평택시 진위면 진위2산단로 140,지상2층 1거점 바로 옆라인 주차장,지상2층 1거점 바로 옆라인 주차장,24시간 이용가능,37.1191867,127.0779431,EV,에버온,에버온,1661-7766,2,7.0,단독,5,6,0.1666666666666666,0.8333333333333334,2025-05-15 06:11:38,2025-05-14 17:54:08,2025-05-15 02:59:15,,41,41220,E0,E001,N,,N,,N,,N,2024,경기도,2.6026337828936077,0,0,0,300,0.0033333333222222,0.0,0.8333333333333334,0.6666666666666667,0.0026666666577777,0.0,0.0,-3.903950674340411,-2.4012840076826336
기아 오산연수원,HY000184,경기도 용인시 처인구 남사읍 처인성로 57,오산연수원 야외주차장,야외주차장,24시간 이용가능,37.1097,127.1379,HY,현대엔지니어링,현대엔지니어링,1833-8777,4,100.0,동시,4,4,0.0,1.0,2025-05-14 10:33:03,2025-05-14 06:34:15,2025-05-14 07:09:18,,41,41460,G0,G004,N,,Y,연수원 이용자 제한,N,,N,2023,경기도,2.9221371501703515,0,0,0,300,0.0033333333222222,0.0,1.0,0.8,0.0026666666577777,0.0,0.0,-4.383205725255527,-2.5805390585977492
판교IT센터,HM110122,경기 성남시 수정구 창업로40번길 30,,지하3층 주차장？,24시간 이용가능,37.4120427,127.0926861,HM,휴맥스이브이,휴맥스이브이,1800-3188,2,7.0,단독,1,1,0.0,1.0,2025-05-15 13:18:26,2025-05-15 08:25:18,2025-05-15 13:00:38,,41,41130,G0,G004,Y,,N,,N,,N,2023,경기도,0.9919108188470024,1,0,0,300,0.0033333333222222,0.5,1.0,0.8,0.0026666666577777,0.0,0.0,-1.4878662282705033,0.8148004383872745
판교아이스퀘어,HM110170,경기도 성남시 수정구 창업로 18,판교아이스퀘어,"지하 4층 A03기둥옆, 지하4층 C04기둥옆, 지하3층 H03기둥옆 ",24시간 이용,37.4134038,127.0983341,HM,휴맥스이브이,휴맥스이브이,1800-3188,2,7.0,단독,11,11,0.0,1.0,2025-05-15 14:02:34,2025-05-15 10:27:13,2025-05-15 14:00:38,,41,41130,G0,G004,Y,,N,,N,,N,2024,경기도,1.38766758787797,1,0,0,300,0.0033333333222222,0.5,1.0,0.8,0.0026666666577777,0.0,0.0,-2.081501381816955,0.2211652848408225
판교제2테크노밸리기업지원허브,PWE05730,경기도 성남시 수정구 대왕판교로 815,,지하주차장,24시간 이용가능,37.413827745,127.09931662,PW,파워큐브,파워큐브,1833-8017,2,3.0,단독,5,5,0.0,1.0,2025-04-29 10:21:10,2025-04-24 19:02:17,2025-04-24 20:14:17,,41,41130,G0,G004,Y,,Y,시설 상황에 따라 이용 제한,N,,N,2023,경기도,1.459598713459413,1,0,0,300,0.0033333333222222,0.5,1.0,0.8,0.0026666666577777,0.0,0.0,-2.1893980701891196,0.1132685964686581
판교아이스퀘어 지하3층,TDH00063,경기도 성남시 수정구 창업로 17,,지하3층 주차장,24시간 이용가능,37.412184709,127.09761828,TD,타디스테크놀로지,타디스테크놀로지,02-6956-3055,2,7.0,단독,3,5,0.4,1.0,2025-05-15 12:46:57,2025-05-15 08:25:30,2025-05-15 11:26:28,2025-05-15 08:25:30,41,41130,E0,E001,Y,,N,,N,,N,2022,경기도,1.3725321114409963,1,0,0,300,0.0033333333222222,0.5,1.0,0.48,0.0026666666577777,0.0,0.0,-2.0587981671614948,-0.076131500503717
다우디지털스퀘어,HM110123,경기도 성남시 수정구 금토로 69,(금토동),지하3~5충 14번 기,24시간 이용가능,37.404689666,127.08712399,HM,휴맥스이브이,휴맥스이브이,1800-3188,"2,5","50.0,7.0",단독,5,8,0.375,1.0,2025-05-15 13:20:25,2025-05-15 09:13:20,2025-05-15 13:18:07,2025-05-15 13:18:06,41,41130,B0,B004,Y,,N,,N,,N,2023,경기도,1.3968139939395443,1,0,0,300,0.0033333333222222,0.5,1.0,0.5,0.0026666666577777,0.0,0.0,-2.0952209909093167,-0.0925543242515387
입장거봉포도(서울) 휴게소,ME178010,충청남도 천안시 서북구 입장면 연곡길 407,,,24시간 이용가능,36.9427836,127.1943661,ME,환경부,환경부,1661-9408,6,50.0,단독,2,2,0.0,1.0,2025-05-15 16:14:28,2025-05-15 16:01:15,2025-05-15 16:14:27,,44,44130,C0,C001,Y,,N,,N,,N,2017,충청남도,2.2429523512904206,1,0,0,300,0.0033333333222222,0.5,1.0,0.8,0.0026666666577777,0.0,0.0,-3.364428526935631,-1.0617618602778531
디아인텍 파우치동,IM000155,경기도 안성시 서운면 독정서길 28-32,디아인텍,A동,24시간 이용가능,36.9,127.2,IM,아이마켓코리아,아이마켓코리아,02-3708-5678,2,7.0,단독,2,2,0.0,1.0,2025-05-15 13:24:17,2025-05-15 09:35:55,2025-05-15 13:23:54,,41,41550,G0,G004,Y,,N,,N,,N,2024,경기도,2.752580084589384,1,0,0,300,0.0033333333222222,0.5,1.0,0.8,0.0026666666577777,0.0,0.0,-4.128870126884076,-1.826203460226298
디아인텍 A동,IM000156,경기도 안성시 서운면 독정서길 28-32,디아인텍,파우치동,24시간 이용가능,36.9,127.2,IM,아이마켓코리아,아이마켓코리아,02-3708-5678,2,7.0,단독,2,2,0.0,1.0,2025-04-30 03:46:06,2025-03-21 09:50:38,2025-03-21 12:41:19,,41,41550,G0,G004,Y,,N,,N,,N,2024,경기도,2.752580084589384,1,0,0,300,0.0033333333222222,0.5,1.0,0.8,0.0026666666577777,0.0,0.0,-4.128870126884076,-1.826203460226298
입장거봉포도(서울) 휴게소,ME21A307,충청남도 천안시 서북구 입장면 연곡길 407,,,24시간 이용가능,36.9428168,127.1942243,ME,환경부,환경부,1661-9408,4,100.0,단독,1,3,0.6666666666666667,0.6666666666666666,2025-05-15 16:15:30,2025-05-15 15:47:25,2025-05-15 15:56:29,2025-05-15 15:42:59,44,44130,C0,C001,Y,,N,,N,,N,2021,충청남도,2.24384519533049,1,0,0,300,0.0033333333222222,0.5,0.6666666666666666,0.2666666666666666,0.0026666666577777,0.0,0.0,-3.365767792995735,-1.929767793004624
성환읍 행정복지센터,ME23B145,충청남도 천안시 서북구 성환읍 성환리 274-26,충청남도 천안시 서북구 성환읍 성환리 274-26,,24시간 개방,36.9182623,127.1347504,ME,환경부,환경부,041-521-6757,6,100.0,단독,1,1,0.0,1.0,2025-05-15 16:15:42,2025-05-15 15:08:14,2025-05-15 15:35:55,,44,44130,A0,A002,Y,,N,,N,,N,2023,충청남도,4.8404352886665825,1,0,0,300,0.0033333333222222,0.5,1.0,0.8,0.0026666666577777,0.0,0.0,-7.260652932999873,-4.957986266342095
산청 특리마을회관,EC480104,경상남도 산청군 금서면 특리 241-1,,,24시간 이용가능,35.4430749,127.8491735,EC,이지차저,이지차저,1544-3332,2,7.0,단독,1,1,0.0,1.0,2025-05-09 18:16:27,2025-05-09 14:16:48,2025-05-09 18:14:24,,48,48860,A0,A004,Y,,N,,N,,N,2024,경상남도,1.2466370578011592,1,0,0,300,0.0033333333222222,0.5,1.0,0.8,0.0026666666577777,0.0,0.0,-1.8699555867017388,0.4327110799560389
산청 대포마을회관,EC480155,경상남도 산청군 생초면 명지대포로236번길 182,,,24시간 이용가능,35.4623593,127.855285,EC,이지차저,이지차저,1544-3332,2,7.0,단독,1,1,0.0,1.0,2025-04-30 01:11:18,2025-03-02 15:25:27,2025-03-02 22:56:27,,48,48860,A0,A004,N,,N,,N,,N,2024,경상남도,1.042164614579424,0,0,0,300,0.0033333333222222,0.0,1.0,0.8,0.0026666666577777,0.0,0.0,-1.5632469218691358,0.2394197447886419
산청 오부면사무소 (급),EC480291,경상남도 산청군 오부면 산수로 541,,,24시간 이용가능,35.4586487,127.8619337,EC,이지차저,이지차저,1544-3332,4,100.0,동시,2,2,0.0,1.0,2025-05-12 15:10:31,2025-05-12 14:44:23,2025-05-12 15:07:24,,48,48860,A0,A002,N,,N,,N,,N,2024,경상남도,1.230918697425476,0,0,0,300,0.0033333333222222,0.0,1.0,0.8,0.0026666666577777,0.0,0.0,-1.846378046138214,-0.0437113794804362
산청 스마트복합쉼터,PC000581,경상남도 산청군 생초면 신연리 산93-11,,옥외 주차장,24시간 이용가능,35.4645078,127.8622328,PC,파킹클라우드,파킹클라우드,1533-5783,"2,4","50.0,7.0",단독,3,3,0.0,1.0,2025-05-02 12:55:38,2025-05-02 12:19:34,2025-05-02 12:51:28,,48,48860,A0,A004,Y,,N,,N,,N,2024,경상남도,1.6229394862073565,1,0,0,300,0.0033333333222222,0.5,1.0,0.8,0.0026666666577777,0.0,0.0,-2.4344092293110347,-0.1317425626532569
산청 덕촌마을 경로당,EC480111,경상남도 산청군 금서면 특리 759-1,,,24시간 이용가능,35.4349326,127.8509712,EC,이지차저,이지차저,1544-3332,2,7.0,단독,1,1,0.0,1.0,2025-04-30 01:11:06,2025-04-29 23:31:39,2025-04-29 23:32:56,,48,48860,A0,A004,Y,,N,,N,,N,2024,경상남도,2.1562173762567403,1,0,0,300,0.0033333333222222,0.5,1.0,0.8,0.0026666666577777,0.0,0.0,-3.2343260643851104,-0.9316593977273326
성거읍사무소,ME19C247,충청남도 천안시 서북구 성거읍 저리 57-26,,,24시간 이용가능,36.877667,127.198722,ME,환경부,환경부,1661-9408,4,200.0,동시,2,2,0.0,1.0,2025-05-15 16:06:28,2025-05-15 13:37:09,2025-05-15 14:04:27,,44,44130,A0,A002,Y,,N,,N,,N,2019,충청남도,1.090205010788264,1,0,0,300,0.0033333333222222,0.5,1.0,0.8,0.0026666666577777,0.0,0.0,-1.635307516182396,0.6673591504753817
천안시 서북구청,ME21E216,충청남도 천안시 서북구 성거읍 봉주로 75,,,24시간 이용가능,36.8776833,127.1542291,ME,환경부,환경부,1661-9408,4,100.0,단독,2,2,0.0,1.0,2025-05-15 16:14:09,2025-05-15 13:00:59,2025-05-15 13:41:03,,44,44130,A0,A003,Y,,N,,N,,Y,2021,충청남도,3.00156496448779,1,1,0,300,0.0033333333222222,0.5,1.0,0.8,0.0026666666577777,0.4,0.0,-4.502347446731686,-1.799680780073908
천안시 서북구청,ME18A299,충청남도 천안시 서북구 성거읍 봉주로 75,,,24시간 이용가능,36.877727,127.154154,ME,환경부,환경부,1661-9408,4,200.0,동시,2,2,0.0,1.0,2025-05-15 16:14:38,2025-05-15 14:43:39,2025-05-15 15:24:34,,44,44130,A0,A001,Y,,N,,N,,N,2018,충청남도,3.0089077017949712,1,0,0,300,0.0033333333222222,0.5,1.0,0.8,0.0026666666577777,0.0,0.0,-4.513361552692457,-2.210694886034679
천안개방교도소 민원인주차장,ME21C230,충청남도 천안시 서북구 신당새터1길 1,,,24시간 이용가능,36.8568484,127.1604881,ME,환경부,환경부,1661-9408,4,200.0,동시,2,2,0.0,1.0,2025-05-15 16:15:18,2025-05-15 15:02:16,2025-05-15 15:29:31,,44,44130,A0,A003,Y,,N,,N,,N,2021,충청남도,3.0447473375387637,1,0,0,300,0.0033333333222222,0.5,1.0,0.8,0.0026666666577777,0.0,0.0,-4.567121006308145,-2.2644543396503676
디아인텍 파우치동,IM000155,경기도 안성시 서운면 독정서길 28-32,디아인텍,A동,24시간 이용가능,36.9,127.2,IM,아이마켓코리아,아이마켓코리아,02-3708-5678,2,7.0,단독,2,2,0.0,1.0,2025-05-15 13:24:17,2025-05-15 09:35:55,2025-05-15 13:23:54,,41,41550,G0,G004,Y,,N,,N,,N,2024,경기도,3.138583945705768,1,0,0,300,0.0033333333222222,0.5,1.0,0.8,0.0026666666577777,0.0,0.0,-4.707875918558652,-2.405209251900874
단성면사무소,ME20C121,경상남도 산청군 단성면 목화로 985,,,24시간 이용가능,35.29910471,127.95769767,ME,환경부,환경부,1661-9408,4,100.0,단독,1,1,0.0,1.0,2025-05-15 15:52:47,2025-05-15 07:19:25,2025-05-15 07:59:25,,48,48860,A0,A001,Y,,N,,N,,N,2021,경상남도,1.633648500481786,1,0,0,300,0.0033333333222222,0.5,1.0,0.8,0.0026666666577777,0.0,0.0,-2.450472750722679,-0.1478060840649013
단성면문화공원,EC480126,경상남도 산청군 단성면 성내리 149-1,,,24시간 이용가능,35.2983412,127.9593625,EC,이지차저,이지차저,1544-3332,2,7.0,단독,2,2,0.0,1.0,2025-05-02 16:12:30,2025-05-02 13:57:09,2025-05-02 16:10:11,,48,48860,D0,D001,Y,,N,,N,,N,2024,경상남도,1.8065630351517892,1,0,0,300,0.0033333333222222,0.5,1.0,0.8,0.0026666666577777,0.0,0.0,-2.7098445527276835,-0.4071778860699058
신기주차장(산청),PC000583,경상남도 산청군 단성면 강누리 192-2,,장가계측 주차구역,24시간 이용가능,35.3018771,127.9638757,PC,파킹클라우드,파킹클라우드,1533-5783,4,50.0,단독,1,1,0.0,1.0,2025-04-29 09:01:04,2025-04-24 13:35:41,2025-04-24 13:44:28,,48,48860,B0,B001,Y,,N,,N,,N,2024,경상남도,2.074677047424961,1,0,0,300,0.0033333333222222,0.5,1.0,0.8,0.0026666666577777,0.0,0.0,-3.1120155711374418,-0.809348904479664
목화시배지,EC480127,경상남도 산청군 단성면 목화로 887,,,24시간 이용가능,35.2904421,127.9583098,EC,이지차저,이지차저,1544-3332,2,7.0,단독,2,2,0.0,1.0,2025-05-06 11:14:27,2025-05-06 10:54:10,2025-05-06 11:12:19,,48,48860,A0,A004,Y,,N,,N,,N,2024,경상남도,2.2600911982319607,1,0,0,300,0.0033333333222222,0.5,1.0,0.8,0.0026666666577777,0.0,0.0,-3.390136797347941,-1.0874701306901633
덕산가스,KL002701,경상남도 산청군 신안면 하정리 927-12 투다리,,1층 옥외주차장 벽면,24시간 이용가능,35.30163,127.96957,KL,클린일렉스,(주)클린일렉스,1811-1350,2,7.0,단독,1,1,0.0,1.0,2025-05-05 23:05:04,2025-05-05 13:18:00,2025-05-05 22:59:47,,48,48860,G0,G004,Y,,N,,N,,N,2023,경상남도,2.5883397130999772,1,0,0,300,0.0033333333222222,0.5,1.0,0.8,0.0026666666577777,0.0,0.0,-3.882509569649966,-1.5798429029921883
고성 생태학습관,HY000398,경상남도 고성군 고성읍 동해로 121,주차장,경상남도 고성군 고성읍 동해로 121 주차장,24시간 이용가능,34.984628,128.344618,HY,현대엔지니어링,현대엔지니어링,1833-8777,2,7.0,단독,1,1,0.0,1.0,2025-05-13 15:43:04,2025-05-13 11:58:00,2025-05-12 16:25:48,,48,48820,A0,A003,N,,N,,N,,N,2023,경상남도,1.8298814561765977,0,0,0,300,0.0033333333222222,0.0,1.0,0.8,0.0026666666577777,0.0,0.0,-2.7448221842648968,-0.942155517607119
경남 고성소방서,HY000653,경상남도 고성군 고성읍 남해안대로 2670,옥외주차장,경상남도 고성군 고성읍 남해안대로 2670 옥외주차장,24시간 이용가능,34.9807145,128.3307968,HY,현대엔지니어링,현대엔지니어링,1833-8777,4,100.0,동시,2,2,0.0,1.0,2025-05-14 09:36:03,2025-05-14 09:20:25,2025-05-14 09:33:45,,48,48820,B0,B004,Y,,N,,N,,N,2023,경상남도,3.138915078929816,1,0,0,300,0.0033333333222222,0.5,1.0,0.8,0.0026666666577777,0.0,0.0,-4.708372618394724,-2.405705951736946
고성영락원 장례식장,EZ002139,경상남도 고성군 고성읍 남해안대로 2607-1,주차장,주차장,24시간 이용가능,34.9763216,128.3337731,EZ,차지인,(주)차지인,1577-8961,2,7.0,단독,1,1,0.0,1.0,2025-05-15 09:00:21,2025-05-14 21:15:24,2025-05-15 01:40:04,,48,48820,G0,G004,Y,,N,,N,,N,2023,경상남도,3.1707262713706545,1,0,0,300,0.0033333333222222,0.5,1.0,0.8,0.0026666666577777,0.0,0.0,-4.756089407055982,-2.4534227403982043
고성경찰서,ME21C208,경상남도 고성군 고성읍 중앙로 113,,,24시간 이용가능,34.975603,128.332067,ME,환경부,환경부,1661-9408,4,200.0,동시,2,2,0.0,1.0,2025-05-15 15:56:42,2025-05-15 11:43:17,2025-05-15 12:04:07,,48,48820,I0,I004,Y,,N,,N,,N,2021,경상남도,3.342911590750973,1,0,0,300,0.0033333333222222,0.5,1.0,0.8,0.0026666666577777,0.0,0.0,-5.01436738612646,-2.711700719468682
고성 엄홍길전시관,HY000396,경상남도 고성군 거류면 거류로 335,주차장,경상남도 고성군 거류면 거류로 335 주차장,24시간 이용가능,34.972757,128.386826,HY,현대엔지니어링,현대엔지니어링,1833-8777,2,7.0,단독,2,2,0.0,1.0,2025-05-08 14:40:05,2025-05-08 10:17:57,2025-05-08 14:39:32,,48,48820,A0,A003,N,,N,,N,,N,2023,경상남도,3.275879494790774,0,0,0,300,0.0033333333222222,0.0,1.0,0.8,0.0026666666577777,0.0,0.0,-4.913819242186161,-3.1111525755283833
미디어코어시스템즈,KL002235,경기도 화성시 동탄대로23길 93,미디어코어시스템즈,미디어코어시스템즈,24시간 이용가능,37.21259,127.09715,KL,클린일렉스,클린일렉스,02-1811-1350,2,7.0,단독,1,1,0.0,1.0,2025-05-15 15:17:04,2025-05-15 09:06:34,2025-05-15 15:16:20,,41,41590,A0,A001,Y,,N,,N,,N,2022,경기도,0.1449861799252329,1,0,0,300,0.0033333333222222,0.5,1.0,0.8,0.0026666666577777,0.0,0.0,-0.2174792698878494,2.0851873967699284
동탄골든아이타워,KL002278,경기도 화성시 동탄기흥로 570-6,동탄골든아이타워,,24시간 이용가능,37.21092,127.09327,KL,클린일렉스,클린일렉스,1811-1350,2,7.0,단독,4,5,0.1999999999999999,1.0,2025-05-15 13:47:04,2025-05-15 13:47:04,2025-05-15 12:55:34,2025-05-15 13:46:23,41,41590,A0,A003,Y,,N,,N,,N,2022,경기도,0.3655199098386139,1,0,0,300,0.0033333333222222,0.5,1.0,0.6400000000000001,0.0026666666577777,0.0,0.0,-0.5482798647579208,1.5943868018998573
삼성테크노타워,KL002397,경기도 화성시 동탄첨단산업1로 20,,101동 지하1층,24시간 이용가능,37.21115,127.0914,KL,클린일렉스,클린일렉스,1811-1350,2,14.0,단독,2,2,0.0,1.0,2025-05-14 12:54:03,2025-05-14 10:03:34,2025-05-14 12:53:19,,41,41590,G0,G004,Y,,N,,N,,N,2022,경기도,0.474187583897929,1,0,0,300,0.0033333333222222,0.5,1.0,0.8,0.0026666666577777,0.0,0.0,-0.7112813758468935,1.591385290810884
BMW차징스테이션 동탄우미뉴브,PI645268,경기도 화성시 동탄대로23길 121,,지상6층 주차장,24시간 이용가능,37.2109049,127.0969977,PI,GS차지비,GS차지비,1600-4047,2,7.0,단독,7,11,0.3636363636363636,1.0,2025-05-15 15:04:27,2025-05-15 15:03:51,2025-05-15 15:03:51,2025-05-15 15:04:27,41,41590,G0,G004,Y,,N,,N,,N,2024,경기도,0.2982785020797208,1,0,0,300,0.0033333333222222,0.5,1.0,0.5090909090909091,0.0026666666577777,0.0,0.0,-0.4474177531195812,1.564339822629106
동탄금강펜테리움IT타워24,PW800675,경기도 화성시 동탄기흥로 557,,지상1층 건물 앞 주차장,24시간 이용가능,37.209872905,127.09218596,PW,파워큐브,파워큐브코리아,1833-8017,2,7.0,단독,6,6,0.0,1.0,2025-04-29 08:54:10,2025-04-04 13:41:40,2025-04-04 13:42:03,,41,41590,G0,G004,Y,,N,,N,,N,2025,경기도,0.5164234938126684,1,0,0,300,0.0033333333222222,0.5,1.0,0.8,0.0026666666577777,0.0,0.0,-0.7746352407190026,1.5280314259387753
덕유산휴게소 (하남),ST457303,전북특별자치도 무주군 안성면 통영대전고속도로 148,,전기차 충전소,24시간 이용가능,35.815109793,127.64500481,ST,SK일렉링크,SK일렉링크,1566-1704,4,"200.0,350.0",단독,3,3,0.0,1.0,2025-05-15 15:34:23,2025-05-15 15:22:12,2025-05-15 15:34:23,,52,52730,C0,C001,Y,,N,,N,,Y,2023,전북특별자치도,1.4589224931346298,1,1,0,300,0.0033333333222222,0.5,1.0,0.8,0.0026666666577777,0.4,0.0,-2.188383739701945,0.5142829269558327
덕유산휴게소(대전) ,SGMAC031,전북특별자치도 무주군 안성면 통영대전고속도로 148,,,24시간 이용가능,35.8176832,127.6458246,SG,SK시그넷,SK시그넷 ,1661-7737,4,350.0,단독,5,6,0.1666666666666666,1.0,2025-05-15 15:24:18,2025-05-15 14:21:03,2025-05-15 15:02:38,2025-05-15 13:18:30,52,52730,C0,C001,Y,회원가 295원 비회원가 295원,N,,N,,N,2025,전북특별자치도,1.1663814195389453,1,0,0,300,0.0033333333222222,0.5,1.0,0.6666666666666667,0.0026666666577777,0.0,0.0,-1.749572129308418,0.419761204016027
골프존카운티 무주,NT100664,전북특별자치도 무주군 안성면 장무로 1537-21,,지상주차장,24시간 이용가능,35.8284731,127.6376004,NT,한국전자금융,한국전자금융,1533-2522,2,7.0,단독,3,4,0.25,1.0,2025-05-15 14:49:50,2025-05-15 13:21:50,2025-05-15 14:49:50,2025-05-15 13:21:50,52,52730,E0,E004,N,,N,,N,,N,2023,전북특별자치도,0.8507981174504726,0,0,0,300,0.0033333333222222,0.0,1.0,0.6000000000000001,0.0026666666577777,0.0,0.0,-1.276197176175709,0.3264694904820688
덕유산휴게소 (통영),ST457402,전북특별자치도 장수군 계북면 통영대전고속도로 147,,,24시간 이용가능,35.811823448,127.64363473,ST,SK일렉링크,SK일렉링크,1566-1704,4,"200.0,350.0",단독,3,3,0.0,1.0,2025-05-15 15:36:43,2025-05-15 15:04:31,2025-05-15 15:16:05,,52,52740,C0,C001,Y,,N,,N,,Y,2023,전북특별자치도,1.8385333078941204,1,1,0,300,0.0033333333222222,0.5,1.0,0.8,0.0026666666577777,0.4,0.0,-2.7577999618411804,-0.0551332951834027
덕유산휴게소(통영),SGMAC019,전북특별자치도 장수군 계북면 통영대전고속도로 147,,,24시간 이용가능,35.8133679,127.6429212,SG,SK시그넷,SK시그넷 ,1661-7737,4,350.0,단독,6,7,0.1428571428571429,1.0,2025-05-15 15:50:28,2025-05-15 13:48:50,2025-05-15 14:13:13,2025-05-15 13:47:42,52,52740,C0,C001,Y,회원가 295원 비회원가 295원,N,,N,,N,2024,전북특별자치도,1.6824154129287132,1,0,0,300,0.0033333333222222,0.5,1.0,0.6857142857142857,0.0026666666577777,0.0,0.0,-2.52362311939307,-0.3352421670210059
입장거봉포도(서울) 휴게소,ME178010,충청남도 천안시 서북구 입장면 연곡길 407,,,24시간 이용가능,36.9427836,127.1943661,ME,환경부,환경부,1661-9408,6,50.0,단독,2,2,0.0,1.0,2025-05-15 16:14:28,2025-05-15 16:01:15,2025-05-15 16:14:27,,44,44130,C0,C001,Y,,N,,N,,N,2017,충청남도,1.948568480742848,1,0,0,300,0.0033333333222222,0.5,1.0,0.8,0.0026666666577777,0.0,0.0,-2.922852721114272,-0.6201860544564943
입장거봉포도(서울) 휴게소,ME21A307,충청남도 천안시 서북구 입장면 연곡길 407,,,24시간 이용가능,36.9428168,127.1942243,ME,환경부,환경부,1661-9408,4,100.0,단독,1,3,0.6666666666666667,0.6666666666666666,2025-05-15 16:15:30,2025-05-15 15:47:25,2025-05-15 15:56:29,2025-05-15 15:42:59,44,44130,C0,C001,Y,,N,,N,,N,2021,충청남도,1.937929532754904,1,0,0,300,0.0033333333222222,0.5,0.6666666666666666,0.2666666666666666,0.0026666666577777,0.0,0.0,-2.906894299132356,-1.4708942991412453
농협안성농식품물류센터,CV003366,경기도 안성시 미양면 강덕1길 161,"(강덕리, 농협안성농식품물류센터)",지하1층 주차장,24시간 이용가능,36.960061,127.223244,CV,채비,채비,1522-2573,"2,4","100.0,7.0","단독,동시",4,4,0.0,1.0,2025-05-14 09:40:42,2025-05-14 08:53:03,2025-05-14 09:37:34,,41,41550,G0,G004,Y,,Y,시설 상황에 따라 이용이 제한될 수 있음,N,,N,2023,경기도,3.78232958217848,1,0,0,300,0.0033333333222222,0.5,1.0,0.8,0.0026666666577777,0.0,0.0,-5.67349437326772,-3.370827706609942
농협안성팜랜드 종합전시장,EC003336,경기도 안성시 공도읍 대신두길 28,,종합전시장 옆 주차장,24시간 이용가능,36.9931169,127.1957431,EC,이지차저,이지차저,1544-3332,2,7.0,단독,2,2,0.0,1.0,2025-05-13 22:48:12,2025-05-13 22:42:55,2025-05-13 22:47:02,,41,41550,D0,D007,N,관리 시설에 따른 주차비가 발생할 수 있음,N,,N,,N,2022,경기도,4.26821668679234,0,0,0,300,0.0033333333222222,0.0,1.0,0.8,0.0026666666577777,0.0,0.0,-6.402325030188511,-4.599658363530732
안성시 승두리 공영주차장,IM000030,경기도 안성시 공도읍 승두리 65-15,승두리 공영주차장,승두리 공영주차장,24시간 이용가능,36.9975513,127.1686353,IM,아이마켓코리아,아이마켓코리아,02-3708-5678,"2,4","100.0,7.0","단독,동시",2,4,0.5,1.0,2025-05-15 15:03:21,2025-05-15 15:00:36,2025-05-15 13:28:00,2025-05-15 15:03:21,41,41550,B0,B001,Y,,N,,N,,Y,2023,경기도,4.6808338430255185,1,1,0,300,0.0033333333222222,0.5,1.0,0.4,0.0026666666577777,0.4,0.0,-7.021250764538278,-4.7185840978805
상서금강주유소,GS000160,대전광역시 대덕구 신탄진로 536,GS금강주유소,,24시간 이용가능,36.4267413,127.4209378,GS,GS칼텍스,GS칼텍스,1544-5151,4,200.0,단독,2,2,0.0,1.0,2025-05-15 02:05:47,2025-05-13 20:45:57,2025-05-13 21:09:01,,30,30230,E0,E007,Y,,N,,N,,N,2023,대전광역시,0.4802552005145211,1,0,0,300,0.0033333333222222,0.5,1.0,0.8,0.0026666666577777,0.0,0.0,-0.7203828007717817,1.582283865885996
지수체육공원,CV003544,대전광역시 대덕구 산업단지로93번길 101,"(상서동, 지수체육공원)",지상1층 주차장,24시간 이용가능,36.4263793,127.4138365,CV,채비,채비,1522-2573,4,100.0,동시,2,2,0.0,1.0,2025-05-15 09:00:43,2025-05-15 08:06:22,2025-05-15 08:59:18,,30,30230,D0,D001,Y,,N,,N,,N,2023,대전광역시,0.4898572838255272,1,0,0,300,0.0033333333222222,0.5,1.0,0.8,0.0026666666577777,0.0,0.0,-0.7347859257382908,1.5678807409194868
신탄진(서울) 휴게소,ME178008,대전광역시 대덕구 산업단지로 27 (상서동) 236-1,,,24시간 이용가능,36.425378,127.4184083,ME,환경부,환경부,1661-9408,6,50.0,단독,1,1,0.0,1.0,2025-05-15 15:59:19,2025-05-05 12:39:31,2025-05-05 13:16:11,,30,30230,C0,C001,Y,,N,,N,,N,2017,대전광역시,0.5085878511796228,1,0,0,300,0.0033333333222222,0.5,1.0,0.8,0.0026666666577777,0.0,0.0,-0.7628817767694342,1.5397848898883435
신탄진(서울) 휴게소,ME18A115,대전광역시 대덕구 산업단지로 27,,,24시간 이용가능,36.425357,127.418563,ME,환경부,환경부,1661-9408,6,100.0,단독,1,1,0.0,1.0,2025-05-15 15:59:33,2025-05-15 14:17:01,2025-05-15 14:37:01,,30,30230,C0,C001,Y,,N,,N,,N,2018,대전광역시,0.513953209730978,1,0,0,300,0.0033333333222222,0.5,1.0,0.8,0.0026666666577777,0.0,0.0,-0.770929814596467,1.5317368520613108
신탄진휴게소 (서울),ST302307,대전광역시 대덕구 산업단지로 27,,전기차 충전소,24시간 이용가능,36.428490523,127.41785136,ST,SK일렉링크,SK일렉링크,1566-1704,4,"200.0,350.0",단독,1,3,0.6666666666666667,0.3333333333333333,2025-05-15 15:43:21,2025-05-15 15:32:16,2025-05-15 15:37:29,,30,30230,C0,C001,Y,,N,,N,,Y,2023,대전광역시,0.1615919060893162,1,1,0,300,0.0033333333222222,0.5,0.3333333333333333,0.2666666666666666,0.0026666666577777,0.4,0.0,-0.2423878591339743,1.2602788075238032
코레일 구성역,ST600016,경기도 용인시 기흥구 용구대로2325번길 45-46,지상주차장,,24시간 이용가능,37.2982494,127.1052358,ST,SK일렉링크,SK일렉링크,1566-1704,"2,4","200.0,7.0",단독,3,3,0.0,1.0,2025-05-15 09:05:49,2025-05-15 08:50:20,2025-05-15 09:05:49,,41,41460,B0,B004,N,,N,,N,,Y,2023,경기도,0.4036031239370469,0,1,0,300,0.0033333333222222,0.0,1.0,0.8,0.0026666666577777,0.4,0.0,-0.6054046859055704,1.5972619807522073
삼성전자디지털센터용인,PI767446,경기도 용인시 기흥구 용구대로 2458,(보정동),지하1층 C04번 기둥 앞,24시간 이용가능,37.3050235,127.1064973,PI,GS차지비,GS차지비,1544-4279,2,7.0,단독,2,2,0.0,1.0,2025-05-15 14:49:55,2025-05-15 14:44:20,2025-05-15 14:44:20,,41,41460,G0,G004,N,,N,,N,,N,2023,경기도,0.4642683012094908,0,0,0,300,0.0033333333222222,0.0,1.0,0.8,0.0026666666577777,0.0,0.0,-0.6964024518142363,1.1062642148435415
용인서부경찰서,ME21B173,경기도 용인시 기흥구 용구대로2469번길 32,,,24시간 이용가능,37.30929,127.10567,ME,환경부,환경부,1661-9408,4,100.0,단독,1,1,0.0,1.0,2025-05-15 15:59:37,2025-05-15 13:18:17,2025-05-15 13:49:00,,41,41460,I0,I004,Y,,N,,N,,N,2021,경기도,0.8763346894320929,1,0,0,300,0.0033333333222222,0.5,1.0,0.8,0.0026666666577777,0.0,0.0,-1.3145020341481397,0.9881646325096384
용인서부경찰서,ST414602,경기도 용인시 기흥구 용구대로,2469번길 32,진입 후 우측주차장 끝부분(포스홈타운 2단지 303동 방향),24시간 이용가능,37.3090129,127.1073521,ST,SK일렉링크,SK일렉링크,1566-1704,6,50.0,단독,1,1,0.0,1.0,2025-05-09 18:06:14,2025-05-09 09:29:59,2025-05-09 18:06:14,,41,41460,I0,I004,Y,,N,,N,,N,2018,경기도,0.8920673525763717,1,0,0,300,0.0033333333222222,0.5,1.0,0.8,0.0026666666577777,0.0,0.0,-1.3381010288645576,0.96456563779322
마북동 행정복지센터,CV002944,경기도 용인시 기흥구 구교동로118번길 16,"(마북동, 마북동주민센터)",지상1층 주차장,24시간 이용가능,37.3015143,127.1180055,CV,채비,채비,1522-2573,4,100.0,동시,2,2,0.0,1.0,2025-05-15 13:35:40,2025-05-15 13:12:27,2025-05-15 13:30:52,,41,41460,A0,A002,Y,,N,,N,,N,2023,경기도,1.2840932235249245,1,0,0,300,0.0033333333222222,0.5,1.0,0.8,0.0026666666577777,0.0,0.0,-1.9261398352873864,0.3765268313703913
금산인삼랜드(대전) 휴게소,ME178055,충청남도 금산군 군북면 대암길 34-30 (외부리),,,24시간 이용가능,36.1550665,127.4964759,ME,환경부,환경부,1661-9408,6,50.0,단독,1,1,0.0,1.0,2025-05-15 16:12:43,2025-05-14 20:29:54,2025-05-14 21:09:14,,44,44710,C0,C001,Y,,N,,N,,N,2017,충청남도,1.57930701369159,1,0,0,300,0.0033333333222222,0.5,1.0,0.8,0.0026666666577777,0.0,0.0,-2.368960520537385,-0.0662938538796074
금산인삼랜드(대전) 휴게소,ME21A909,충청남도 금산군 군북면 대암길 34-30,,,24시간 이용가능,36.1547139,127.4973913,ME,환경부,환경부,1661-9408,4,"100.0,350.0",단독,2,4,0.5,1.0,2025-05-15 16:15:47,2025-05-15 15:33:51,2025-05-15 15:49:21,2025-05-15 16:11:37,44,44710,C0,C001,Y,,N,,N,,N,2021,충청남도,1.6620813330221238,1,0,0,300,0.0033333333222222,0.5,1.0,0.4,0.0026666666577777,0.0,0.0,-2.4931219995331855,-0.5904553328754079
추부면 체육센터,ME24B191,충청남도 금산군 추부면 하마전로 75,,,24시간 이용가능,36.192441,127.473921,ME,환경부,환경부,1661-9408,4,100.0,단독,1,1,0.0,1.0,2025-05-15 16:15:48,2025-05-14 21:52:20,2025-05-14 22:32:22,,44,44710,J0,J007,Y,,N,,N,,N,2024,충청남도,3.1063702726819917,1,0,0,300,0.0033333333222222,0.5,1.0,0.8,0.0026666666577777,0.0,0.0,-4.659555409022987,-2.3568887423652094
군북면체육센터 충전소,ME24A274,충청남도 금산군 군북면 산꽃로 26-3,,,24시간 이용가능,36.1687716,127.5294194,ME,환경부,환경부,1661-9408,4,200.0,동시,2,2,0.0,1.0,2025-05-15 16:15:59,2025-05-15 12:34:57,2025-05-15 13:14:57,,44,44710,J0,J007,Y,,N,,N,,N,2024,충청남도,3.966469173536601,1,0,0,300,0.0033333333222222,0.5,1.0,0.8,0.0026666666577777,0.0,0.0,-5.949703760304901,-3.647037093647123
금산군농업기술센터,ME20D166,충청남도 금산군 금성면 의총길25,,,24시간 이용가능,36.125978,127.495885,ME,환경부,환경부,1661-9408,4,100.0,단독,1,1,0.0,1.0,2025-05-15 15:50:22,2025-05-15 02:04:53,2025-05-15 02:33:54,,44,44710,A0,A004,Y,,N,,N,,N,2020,충청남도,4.557606094922873,1,0,0,300,0.0033333333222222,0.5,1.0,0.8,0.0026666666577777,0.0,0.0,-6.836409142384309,-4.533742475726532
E1 대전판암IC 전기차 충전소,EO000032,대전광역시 동구 옥천로 309,,,24시간 이용가능,36.322048,127.471529,EO,E1,E1,1688-2121,4,200.0,단독,1,1,0.0,1.0,2025-05-11 11:13:09,2025-05-11 11:12:39,2025-05-11 11:13:09,,30,30110,E0,E007,Y,,N,,N,,N,2023,대전광역시,0.5221575007836363,1,0,0,300,0.0033333333222222,0.5,1.0,0.8,0.0026666666577777,0.0,0.0,-0.7832362511754545,1.5194304154823233
판암파출소,ME22D170,대전광역시 동구 옥천로 403,대전광역시 동구 옥천로 403,,24시간 이용가능,36.3306605,127.4742907,ME,환경부,환경부,1661-9408,4,100.0,단독,1,1,0.0,1.0,2025-05-15 15:59:59,2025-05-12 13:19:58,2025-05-12 13:52:54,,30,30110,I0,I004,Y,,N,,N,,N,2022,대전광역시,0.6092460260706778,1,0,0,300,0.0033333333222222,0.5,1.0,0.8,0.0026666666577777,0.0,0.0,-0.9138690391060168,1.388797627551761
용운국제수영장,KP005016,대전광역시 동구 동부로 138,,,24시간 이용가능,36.3245,127.4657,KP,한국전력공사,한국전력,1899-2100,4,100.0,단독,2,2,0.0,1.0,2025-05-14 16:58:10,2025-05-14 16:33:32,2025-05-14 16:56:33,,30,30110,G0,G004,Y,,N,,N,,N,2022,대전광역시,0.90278126202426,1,0,0,300,0.0033333333222222,0.5,1.0,0.8,0.0026666666577777,0.0,0.0,-1.35417189303639,0.9484947736213878
용운국제수영장,CV003932,대전광역시 동구 동부로 138,"(용운동, 용운국제수영장)",지상1층 주차장,24시간 이용가능,36.325191,127.466562,CV,채비,채비,1522-2573,4,200.0,동시,5,6,0.1666666666666666,1.0,2025-05-15 16:00:43,2025-05-15 15:41:37,2025-05-15 15:56:07,2025-05-15 14:50:36,30,30110,J0,J007,Y,,N,,N,,N,2024,대전광역시,0.8212024297981159,1,0,0,300,0.0033333333222222,0.5,1.0,0.6666666666666667,0.0026666666577777,0.0,0.0,-1.2318036446971738,0.937529688627271
주식회사엔케이배수판,PW010227,대전광역시 동구 옥천로 253,,,24시간 이용가능,36.318993538394,127.4678646379,PW,파워큐브,파워큐브,1833-8017,2,7.0,,2,2,0.0,1.0,2025-05-15 15:03:11,2025-05-15 13:54:28,2025-05-15 15:00:13,,30,30110,G0,G004,Y,,Y,시설 상황에 따라 이용이 제한될 수 있음,N,,N,2019,대전광역시,0.9943686509697374,1,0,0,300,0.0033333333222222,0.5,1.0,0.8,0.0026666666577777,0.0,0.0,-1.491552976454606,0.8111136902031717
함양휴게소 (통영방향) (급),EC480010,경상남도 함양군 지곡면 효산길 23-31,,,24시간 이용가능,35.5519251,127.7584,EC,이지차저,이지차저,1544-3332,4,200.0,단독,2,2,0.0,1.0,2025-05-15 15:34:44,2025-05-15 15:05:19,2025-05-15 15:26:24,,48,48870,C0,C001,Y,,N,,N,,Y,2024,경상남도,0.6267199301548201,1,1,0,300,0.0033333333222222,0.5,1.0,0.8,0.0026666666577777,0.4,0.0,-0.94007989523223,1.7625867714255476
함양휴게소 (대전방향) (급),EC480009,경상남도 함양군 지곡면 효산길 23-11,,,24시간 이용가능,35.5519251,127.7601,EC,이지차저,이지차저,1544-3332,4,200.0,단독,1,2,0.5,1.0,2025-05-15 15:40:41,2025-05-15 14:25:54,2025-05-15 15:04:48,2025-05-15 14:25:54,48,48870,C0,C001,Y,,N,,N,,Y,2024,경상남도,0.6600585843897003,1,1,0,300,0.0033333333222222,0.5,1.0,0.4,0.0026666666577777,0.4,0.0,-0.9900878765845504,1.3125787900732273
함양(대전) 휴게소,ME178057,경상남도 함양군 지곡면 효산길 23-11 (보산리),,,24시간 이용가능,35.5517867,127.7601314,ME,환경부,환경부,1661-9408,6,50.0,단독,1,1,0.0,1.0,2025-05-15 15:56:56,2025-05-15 13:35:03,2025-05-15 14:18:54,,48,48870,C0,C001,Y,,N,,N,,N,2017,경상남도,0.6755329694961509,1,0,0,300,0.0033333333222222,0.5,1.0,0.8,0.0026666666577777,0.0,0.0,-1.0132994542442264,1.2893672124135511
함양(통영) 휴게소,ME178056,경상남도 함양군 지곡면 효산길 23-31 (보산리),,,24시간 이용가능,35.5510049,127.7588744,ME,환경부,환경부,1661-9408,6,50.0,단독,1,1,0.0,1.0,2025-05-15 15:54:19,2025-05-15 15:10:41,2025-05-15 15:22:41,,48,48870,C0,C001,Y,,N,,N,,N,2017,경상남도,0.7335352010280227,1,0,0,300,0.0033333333222222,0.5,1.0,0.8,0.0026666666577777,0.0,0.0,-1.1003028015420342,1.2023638651157436
함양 개평마을,PC001209,경상남도 함양군 지곡면 병곡지곡로 899,,지상 주차장,24시간 이용가능,35.566991816,127.76788616,PC,파킹클라우드,아이파킹,1533-5783,4,50.0,단독,1,1,0.0,1.0,2025-05-12 18:22:33,2025-05-07 15:41:38,2025-05-07 15:56:17,,48,48870,D0,D003,Y,,N,,N,,N,2025,경상남도,1.397777698625441,1,0,0,300,0.0033333333222222,0.5,1.0,0.8,0.0026666666577777,0.0,0.0,-2.096666547938162,0.2060001187196158
화성 경기주택공사 급속충전소(조달청),EP230064,경기도 화성시 동탄순환대로14길 36,"경기도 동탄시 산척동841,.844 주차장",주차장,24시간 이용가능,37.3413702,127.1103821,EP,이카플러그,이카플러그,1833-4577,4,50.0,동시,4,4,0.0,1.0,2025-05-14 20:52:14,2025-05-14 06:05:36,2025-05-14 06:05:25,,41,41590,A0,A003,Y,"경기도 동탄시 산척동841,.844 / 해당주소이나 도로명 주소가 없어 주소 옆 건물로 설정하였습니다.",N,시설 상황에 따라 이용이 제한될 수 있음,N,,Y,2023,경기도,0.8152808731153025,1,1,0,300,0.0033333333222222,0.5,1.0,0.8,0.0026666666577777,0.4,0.0,-1.222921309672954,1.4797453569848238
분당충전소_소모에너지,GS000503,경기도 성남시 분당구 탄천상로 116,소모 분당충전소,,24시간 이용가능,37.3420054,127.111498,GS,GS칼텍스,GS칼텍스,1544-5151,4,200.0,단독,4,4,0.0,1.0,2025-05-15 14:45:41,2025-05-15 14:21:02,2025-05-15 14:45:41,,41,41130,E0,E007,Y,,N,,N,,Y,2023,경기도,0.8545649536580966,1,1,0,300,0.0033333333222222,0.5,1.0,0.8,0.0026666666577777,0.4,0.0,-1.281847430487145,1.4208192361706329
금곡동공영주차장 (급),EC410183,경기도 성남시 분당구 금곡동 169,,,24시간 이용가능,37.3507737,127.1068243,EC,이지차저,이지차저,1544-3332,4,100.0,동시,2,2,0.0,1.0,2025-05-15 13:02:25,2025-05-15 12:22:22,2025-05-15 12:45:30,,41,41130,B0,B001,Y,관리 시설에 따라 주차비가 발생할 수 있음 ,N,,N,,N,2023,경기도,0.6138701371577207,1,0,0,300,0.0033333333222222,0.5,1.0,0.8,0.0026666666577777,0.0,0.0,-0.920805205736581,1.3818614609211968
성남시 로드랜드EZ타워,PI000334,경기도 성남시 분당구 성남대로 69,,1동 지상1층 주차장,24시간 이용가능,37.3421162,127.1082796,PI,GS차지비,GS차지비,1600-4047,2,7.0,단독,4,4,0.0,1.0,2025-05-15 13:24:18,2025-05-15 13:23:55,2025-05-15 13:23:55,,41,41130,G0,G004,Y,,N,,N,,N,2017,경기도,0.6214596390336281,1,0,0,300,0.0033333333222222,0.5,1.0,0.8,0.0026666666577777,0.0,0.0,-0.9321894585504422,1.3704772081073355
화성 경기주택공사 충전소(조달청),EP230067,경기도 화성시 동탄순환대로14길 36,"경기도 동탄시 산척동841,.844 주차장",주차장,24시간 이용가능,37.3413702,127.1103821,EP,이카플러그,이카플러그,1833-4577,2,7.0,"단독,동시",10,10,0.0,1.0,2025-05-15 15:30:04,2025-05-14 11:05:43,2025-05-15 10:05:39,,41,41590,A0,A003,Y,"경기도 동탄시 산척동841,.844 / 해당주소이나 도로명 주소가 없어 주소 옆 건물로 설정하였습니다.",N,시설 상황에 따라 이용이 제한될 수 있음,N,,N,2023,경기도,0.8152808731153025,1,0,0,300,0.0033333333222222,0.5,1.0,0.8,0.0026666666577777,0.0,0.0,-1.222921309672954,1.079745356984824
청주휴게소 (서울),ST431145,충청북도 청주시 흥덕구 옥산면 경부고속도로 318,청주휴게소(서울),전기차 충전소,24시간 이용가능,36.7167332,127.3474171,ST,SK일렉링크,SK일렉링크,1566-1704,4,200.0,단독,4,5,0.1999999999999999,1.0,2025-05-15 15:58:24,2025-05-15 15:41:47,2025-05-15 15:51:59,2025-05-15 15:58:24,43,43110,C0,C001,Y,,N,,N,,Y,2023,충청북도,0.2496778189332229,1,1,0,300,0.0033333333222222,0.5,1.0,0.6400000000000001,0.0026666666577777,0.4,0.0,-0.3745167283998344,2.168149938257943
청주(서울) 휴게소,ME178020,충청북도 청주시 흥덕구 옥산면 경부고속도로 318 (장남리),,,24시간 이용가능,36.7162491,127.3487936,ME,환경부,환경부,1661-9408,6,50.0,단독,1,1,0.0,1.0,2025-05-15 16:10:15,2025-05-14 20:02:19,2025-05-14 20:04:49,,43,43110,C0,C001,Y,,N,,N,,N,2017,충청북도,0.1984219807605556,1,0,0,300,0.0033333333222222,0.5,1.0,0.8,0.0026666666577777,0.0,0.0,-0.2976329711408335,2.005033695516944
청주(서울) 휴게소,ME21A210,충청북도 청주시 흥덕구 옥산면 장남리 285-4,,,24시간 이용가능,36.7164453,127.3486535,ME,환경부,환경부,1661-9408,4,100.0,단독,2,2,0.0,1.0,2025-05-15 16:02:30,2025-05-15 15:30:21,2025-05-15 15:42:41,,43,43110,C0,C001,Y,,N,,N,,N,2021,충청북도,0.216032902785387,1,0,0,300,0.0033333333222222,0.5,1.0,0.8,0.0026666666577777,0.0,0.0,-0.3240493541780805,1.978617312479697
청주(서울) 휴게소,ME18C511,충청북도 청주시 흥덕구 옥산면 경부고속도로 318,,,24시간 이용가능,36.71654,127.348773,ME,환경부,환경부,1661-9408,6,100.0,단독,1,1,0.0,1.0,2025-05-15 16:13:08,2025-05-15 13:23:00,2025-05-15 13:49:11,,43,43110,C0,C001,Y,,N,,N,,N,2018,충청북도,0.2288701646480124,1,0,0,300,0.0033333333222222,0.5,1.0,0.8,0.0026666666577777,0.0,0.0,-0.3433052469720187,1.959361419685759
메이저주유소,GS000167,충청북도 청주시 청원구 오창읍 두릉유리로 207,메이저주유소,,24시간 이용가능,36.7365272,127.3634109,GS,GS칼텍스,GS칼텍스,1544-5151,4,200.0,단독,2,2,0.0,1.0,2025-05-15 12:15:42,2025-05-15 11:45:43,2025-05-15 12:15:42,,43,43110,E0,E007,Y,,N,,N,,Y,2023,충청북도,2.7986640987503564,1,1,0,300,0.0033333333222222,0.5,1.0,0.8,0.0026666666577777,0.4,0.0,-4.197996148125535,-1.4953294814677571
안성초등학교옆 주차장,JA520009,전북특별자치도 무주군 안성면 칠연로 58,안성초등학교옆 주차장,,24시간 이용가능,35.8649915,127.655364,JA,이브이시스,이브이시스,1577-1556,4,30.0,단독,1,1,0.0,1.0,2025-05-14 20:20:12,2025-05-14 19:14:11,2025-05-14 20:20:12,,52,52730,A0,A003,Y,,N,,N,,N,2024,전북특별자치도,0.9556658887801645,1,0,0,300,0.0033333333222222,0.5,1.0,0.8,0.0026666666577777,0.0,0.0,-1.4334988331702467,0.869167833487531
(급속)무주 안성초등학교 뒤 공영주차장,WB510085,전북특별자치도 무주군 안성면 장기리 1295-7,공영주차장,,24시간 이용가능,35.865268,127.6567352,WB,이브이루씨,(주)이브이루씨,1833-2909,4,100.0,동시,2,2,0.0,1.0,2025-05-11 14:05:02,2025-05-11 13:11:10,2025-05-11 14:01:12,,52,52730,B0,B001,Y,,N,,N,,N,2024,전북특별자치도,1.0021104864824804,1,0,0,300,0.0033333333222222,0.5,1.0,0.8,0.0026666666577777,0.0,0.0,-1.5031657297237206,0.7995009369340571
안성면 행정복지센터,ME23A246,전북특별자치도 무주군 안성면 장기리 1556,,,24시간 이용가능,35.8629598,127.6529161,ME,환경부,환경부,1661-9408,4,200.0,단독,2,2,0.0,1.0,2025-05-15 15:32:03,2025-05-14 14:24:58,2025-05-14 15:01:12,,52,52730,A0,A002,Y,,N,,N,,N,2023,전북특별자치도,1.075760947466747,1,0,0,300,0.0033333333222222,0.5,1.0,0.8,0.0026666666577777,0.0,0.0,-1.6136414212001209,0.6890252454576571
해밀캠핑장,KRC10131,전북특별자치도 무주군 안성면 덕산로 112-7,해밀캠핑장,,24시간 이용가능,35.85999,127.678897,KR,이브이씨코리아,이브이씨원,1899-3861,2,7.0,단독,0,1,1.0,0.0,,,,,52,52730,G0,G004,Y,,N,,N,,Y,2025,전북특별자치도,2.9599808611300253,1,1,0,300,0.0033333333222222,0.5,0.0,0.0,0.0026666666577777,0.4,0.0,-4.439971291695038,-3.53730462503726
안성칠연지구공영주차장,CV004110,전북특별자치도 무주군 안성면 공정리 210-1,"(공정리, 공영주차장)",지상1층 주차장,24시간 이용가능,35.83974863,127.6892415,CV,채비,채비,1522-2573,6,50.0,단독,2,2,0.0,1.0,2025-05-14 08:15:35,2025-05-05 20:55:14,2025-05-05 21:39:53,,52,52730,B0,B001,Y,,N,,N,,N,2024,전북특별자치도,5.074510465110646,1,0,0,300,0.0033333333222222,0.5,1.0,0.8,0.0026666666577777,0.0,0.0,-7.6117656976659696,-5.309099031008191
상소오토캠핑장,CV001633,대전광역시 동구 산내로 724-27,상소오토캠핑장 제1주차장,지상1층 야외주차장(입구통과 직진후 좌측),24시간 이용가능,36.23584,127.46911799,CV,채비,채비,1522-2573,4,100.0,동시,4,4,0.0,1.0,2025-05-15 15:10:29,2025-05-15 14:32:15,2025-05-15 15:07:08,,30,30110,E0,E003,Y,,N,,N,,N,2022,대전광역시,1.7889689704165517,1,0,0,300,0.0033333333222222,0.5,1.0,0.8,0.0026666666577777,0.0,0.0,-2.6834534556248277,-0.38078678896705
동구 아름다운복지관,ME19B206,대전광역시 동구 안골로 49,,,24시간 이용가능,36.268305,127.471928,ME,환경부,환경부,1661-9408,4,200.0,동시,2,2,0.0,1.0,2025-05-15 15:43:53,2025-05-15 12:53:15,2025-05-15 13:12:33,,30,30110,I0,I006,Y,,N,,N,,N,2020,대전광역시,1.888696189421128,1,0,0,300,0.0033333333222222,0.5,1.0,0.8,0.0026666666577777,0.0,0.0,-2.833044284131692,-0.5303776174739143
내트럭㈜남대전사업소,ST601252,대전 동구 대전로 15,,주유소,24시간 이용가능,36.272432,127.4710976,ST,SK일렉링크,SK일렉링크,1566-1704,4,200.0,동시,2,2,0.0,1.0,2025-05-14 12:07:10,2025-05-14 11:35:10,2025-05-14 12:07:10,,30,30110,E0,E007,Y,,N,,N,,Y,2019,대전광역시,2.3530098446453387,1,1,0,300,0.0033333333222222,0.5,1.0,0.8,0.0026666666577777,0.4,0.0,-3.529514766968008,-0.8268481003102304
내트럭하우스 남대전사업소 2,EV014395,대전광역시 동구 대전로 15,,대전광역시 동구 대전로 15 (구도동),24시간 이용가능,36.27243201,127.47109762,EV,에버온,에버온,1661-7766,2,7.0,단독,1,1,0.0,1.0,2025-05-11 23:06:30,2025-05-11 18:44:24,2025-05-11 23:04:41,,30,30110,G0,G004,Y,,N,,N,,N,2024,대전광역시,2.3530107419762154,1,0,0,300,0.0033333333222222,0.5,1.0,0.8,0.0026666666577777,0.0,0.0,-3.5295161129643233,-1.2268494463065456
보호치료시설 효광원,ST301107,대전광역시 동구 산내로1305번길 48,,보호치료시설 효광원 주차장,24시간 이용가능,36.2800579,127.465108,ST,SK일렉링크,SK일렉링크,1566-1704,2,7.0,단독,1,1,0.0,1.0,2025-05-08 17:46:58,2025-05-08 15:34:59,2025-05-08 17:46:58,,30,30110,I0,I006,Y,,N,,N,,N,2022,대전광역시,3.2863050196677404,1,0,0,300,0.0033333333222222,0.5,1.0,0.8,0.0026666666577777,0.0,0.0,-4.929457529501611,-2.626790862843833
(급속)무주 적상 오색단풍이야기센터,WB510084,전북특별자치도 무주군 적상면 적상산로 59,공영주차장,,24시간 이용가능,35.9462065,127.6597425,WB,이브이루씨,(주)이브이루씨,1833-2909,4,100.0,동시,2,2,0.0,1.0,2025-05-15 06:05:02,2025-05-15 05:20:58,2025-05-15 06:02:10,,52,52730,B0,B001,Y,,N,,N,,N,2024,전북특별자치도,1.1758621400989389,1,0,0,300,0.0033333333222222,0.5,1.0,0.8,0.0026666666577777,0.0,0.0,-1.7637932101484082,0.5388734565093696
무주군 적상면 행정복지센터,JA520010,전북특별자치도 무주군 적상면 적상산로 51,적상면 행정복지센터,,24시간 이용가능,35.945521,127.6593943,JA,이브이시스,이브이시스,1577-1556,4,30.0,단독,1,1,0.0,1.0,2025-05-15 15:40:22,2025-05-15 15:20:11,2025-05-15 15:40:22,,52,52730,A0,A001,Y,,N,,N,,N,2024,전북특별자치도,1.2574966924588402,1,0,0,300,0.0033333333222222,0.5,1.0,0.8,0.0026666666577777,0.0,0.0,-1.8862450386882603,0.4164216279695174
무주IC만남의광장점,ME19B407,전북특별자치도 무주군 무주로 1739,,,24시간 이용가능,35.973357,127.651458,ME,환경부,환경부,1661-9408,4,100.0,단독,4,4,0.0,1.0,2025-05-15 15:51:52,2025-05-15 15:11:41,2025-05-15 15:51:44,,52,52730,C0,C002,Y,,N,,N,,N,2019,전북특별자치도,2.1444815847538883,1,0,0,300,0.0033333333222222,0.5,1.0,0.8,0.0026666666577777,0.0,0.0,-3.216722377130832,-0.9140557104730545
무주군 와인동굴 주차장,JA520025,전북특별자치도 무주군 적상면 산성로 359,와인동굴 주차장,,24시간 이용가능,35.9649219,127.697519,JA,이브이시스,이브이시스,1577-1556,4,100.0,동시,2,2,0.0,1.0,2025-05-15 08:56:13,2025-05-15 08:42:12,2025-05-15 08:56:13,,52,52730,G0,G004,Y,,N,,N,,N,2024,전북특별자치도,3.25116717792648,1,0,0,300,0.0033333333222222,0.5,1.0,0.8,0.0026666666577777,0.0,0.0,-4.87675076688972,-2.5740841002319423
무주국민체육센터 주차장,ME22C408,전북특별자치도 무주군 무주읍 당산리 935,,,24시간 이용가능,36.001674,127.666995,ME,환경부,환경부,1661-9408,4,100.0,단독,4,4,0.0,1.0,2025-05-15 15:50:38,2025-05-14 19:39:05,2025-05-14 20:01:26,,52,52730,J0,J007,Y,,N,,N,,N,2022,전북특별자치도,5.040875254793572,1,0,0,300,0.0033333333222222,0.5,1.0,0.8,0.0026666666577777,0.0,0.0,-7.561312882190357,-5.258646215532579
무주군 적상면 행정복지센터,JA520010,전북특별자치도 무주군 적상면 적상산로 51,적상면 행정복지센터,,24시간 이용가능,35.945521,127.6593943,JA,이브이시스,이브이시스,1577-1556,4,30.0,단독,1,1,0.0,1.0,2025-05-15 15:40:22,2025-05-15 15:20:11,2025-05-15 15:40:22,,52,52730,A0,A001,Y,,N,,N,,N,2024,전북특별자치도,3.51419807282941,1,0,0,300,0.0033333333222222,0.5,1.0,0.8,0.0026666666577777,0.0,0.0,-5.271297109244115,-2.968630442586337
(급속)무주 적상 오색단풍이야기센터,WB510084,전북특별자치도 무주군 적상면 적상산로 59,공영주차장,,24시간 이용가능,35.9462065,127.6597425,WB,이브이루씨,(주)이브이루씨,1833-2909,4,100.0,동시,2,2,0.0,1.0,2025-05-15 06:05:02,2025-05-15 05:20:58,2025-05-15 06:02:10,,52,52730,B0,B001,Y,,N,,N,,N,2024,전북특별자치도,3.5851078095962974,1,0,0,300,0.0033333333222222,0.5,1.0,0.8,0.0026666666577777,0.0,0.0,-5.377661714394446,-3.074995047736668
(급속)무주 안성초등학교 뒤 공영주차장,WB510085,전북특별자치도 무주군 안성면 장기리 1295-7,공영주차장,,24시간 이용가능,35.865268,127.6567352,WB,이브이루씨,(주)이브이루씨,1833-2909,4,100.0,동시,2,2,0.0,1.0,2025-05-11 14:05:02,2025-05-11 13:11:10,2025-05-11 14:01:12,,52,52730,B0,B001,Y,,N,,N,,N,2024,전북특별자치도,5.5029951649743865,1,0,0,300,0.0033333333222222,0.5,1.0,0.8,0.0026666666577777,0.0,0.0,-8.25449274746158,-5.9518260808038015
안성초등학교옆 주차장,JA520009,전북특별자치도 무주군 안성면 칠연로 58,안성초등학교옆 주차장,,24시간 이용가능,35.8649915,127.655364,JA,이브이시스,이브이시스,1577-1556,4,30.0,단독,1,1,0.0,1.0,2025-05-14 20:20:12,2025-05-14 19:14:11,2025-05-14 20:20:12,,52,52730,A0,A003,Y,,N,,N,,N,2024,전북특별자치도,5.551910884186818,1,0,0,300,0.0033333333222222,0.5,1.0,0.8,0.0026666666577777,0.0,0.0,-8.327866326280228,-6.02519965962245
안성면 행정복지센터,ME23A246,전북특별자치도 무주군 안성면 장기리 1556,,,24시간 이용가능,35.8629598,127.6529161,ME,환경부,환경부,1661-9408,4,200.0,단독,2,2,0.0,1.0,2025-05-15 15:32:03,2025-05-14 14:24:58,2025-05-14 15:01:12,,52,52730,A0,A002,Y,,N,,N,,N,2023,전북특별자치도,5.813104252558524,1,0,0,300,0.0033333333222222,0.5,1.0,0.8,0.0026666666577777,0.0,0.0,-8.719656378837787,-6.416989712180008
대가면사무소 주차장,ME20C106,경상남도 고성군 대가면 대가로 471,,,24시간 이용가능,35.0171391,128.2985725,ME,환경부,환경부,1661-9408,4,100.0,단독,1,1,0.0,1.0,2025-05-15 15:55:17,2025-05-10 16:41:38,2025-05-10 17:05:50,,48,48820,A0,A001,Y,,N,,N,,N,2021,경상남도,2.08917145919743,1,0,0,300,0.0033333333222222,0.5,1.0,0.8,0.0026666666577777,0.0,0.0,-3.133757188796145,-0.8310905221383673
대가저수지연꽃테마공원 주차장,ME20C205,경상남도 고성군 대가면 유흥리 304,,,24시간 이용가능,35.0082948,128.2987137,ME,환경부,환경부,1661-9408,4,200.0,동시,2,2,0.0,1.0,2025-05-15 15:52:51,2025-05-10 15:56:51,2025-05-10 16:21:22,,48,48820,D0,D001,Y,,N,,N,,N,2021,경상남도,2.512604192632408,1,0,0,300,0.0033333333222222,0.5,1.0,0.8,0.0026666666577777,0.0,0.0,-3.768906288948612,-1.4662396222908345
부곡졸음쉼터,ME21B230,경상남도 고성군 마암면 삼락리 산96-20,,,24시간 이용가능,35.0244702,128.3479009,ME,환경부,환경부,1661-9408,4,100.0,단독,1,2,0.5,1.0,2025-05-15 15:56:20,2025-05-15 13:00:31,2025-05-15 13:38:50,2025-05-15 15:48:15,48,48820,C0,C003,Y,,N,,N,,N,2021,경상남도,2.4867930065639343,1,0,0,300,0.0033333333222222,0.5,1.0,0.4,0.0026666666577777,0.0,0.0,-3.7301895098459017,-1.827522843188124
고성군의회 주차장,ME20C203,경상남도 고성군 고성읍 대가로 13,,,24시간 이용가능,34.9838008,128.3186308,ME,환경부,환경부,1661-9408,4,200.0,동시,2,2,0.0,1.0,2025-05-15 15:55:58,2025-05-14 17:32:08,2025-05-14 17:57:32,,48,48820,A0,A004,Y,,N,,N,,N,2020,경상남도,4.236653086366727,1,0,0,300,0.0033333333222222,0.5,1.0,0.8,0.0026666666577777,0.0,0.0,-6.35497962955009,-4.052312962892312
한국농어촌공사 고성통영거제지사,ME21A227,경상남도 고성군 고성읍 기월2길 51,,,24시간 이용가능,34.9827399,128.3163787,ME,환경부,환경부,1661-9408,4,100.0,단독,2,2,0.0,1.0,2025-05-15 15:50:17,2025-05-15 12:51:47,2025-05-15 13:31:53,,48,48820,A0,A003,Y,,N,,N,,N,2021,경상남도,4.368518856572884,1,0,0,300,0.0033333333222222,0.5,1.0,0.8,0.0026666666577777,0.0,0.0,-6.5527782848593255,-4.250111618201547
버티공영주차장,KP005631,서울특별시 중구 동호로17길 270,,,24시간 이용가능,37.54,127.0,KP,한국전력공사,한국전력,1899-2100,4,100.0,단독,2,2,0.0,1.0,2025-05-14 13:04:06,2025-05-14 12:28:30,2025-05-14 13:03:25,,11,11140,B0,B001,Y,,N,,N,,N,2023,서울특별시,0.4815738416246318,1,0,0,300,0.0033333333222222,0.5,1.0,0.8,0.0026666666577777,0.0,0.0,-0.7223607624369477,1.58030590422083
그랜드하얏트호텔 (급),EC110043,서울특별시 용산구 소월로 322,,,24시간 이용가능,37.540429955,126.99686296,EC,이지차저,이지차저,1544-3332,4,50.0,단독,1,1,0.0,1.0,2025-05-15 11:14:21,2025-05-15 09:27:27,2025-05-15 10:33:29,,11,11170,E0,E003,Y,관리 시설에 따라 주차비가 발생할 수 있음 ,N,,N,,N,2024,서울특별시,0.5144030853995907,1,0,0,300,0.0033333333222222,0.5,1.0,0.8,0.0026666666577777,0.0,0.0,-0.771604628099386,1.5310620385583915
한강진역 공영주차장,HE240194,서울특별시 용산구 한남동 728-27,공영주차장,주차장 안쪽,24시간 이용가능,37.539476313,127.00242422,HE,한국전기차충전서비스,한국전기차충전서비스,1522-1782,"4,7","50.0,7.0",단독,3,3,0.0,1.0,2025-05-15 12:47:21,2025-05-15 11:31:04,2025-05-15 12:33:33,,11,11170,B0,B001,Y,,N,,N,,N,2024,서울특별시,0.5806063285375244,1,0,0,300,0.0033333333222222,0.5,1.0,0.8,0.0026666666577777,0.0,0.0,-0.8709094928062866,1.4317571738514911
반얀트리클럽앤스파,CV001949,서울특별시 중구 장충단로 60,"(장충동2가, 반얀트리 클럽 앤 스파 서울)",지상1층 지하주차장 입구 우측,24시간 이용가능,37.5503802,127.0006792,CV,채비,채비,1522-2573,"2,4","100.0,11.0","단독,동시",5,5,0.0,1.0,2025-05-15 14:55:32,2025-05-15 13:50:45,2025-05-15 14:50:48,,11,11140,E0,E003,Y,,Y,시설 사용자 외 이용이 제한될 수 있음,N,,N,2023,서울특별시,0.6753180079014419,1,0,0,300,0.0033333333222222,0.5,1.0,0.8,0.0026666666577777,0.0,0.0,-1.0129770118521628,1.289689654805615
갤러리하우스,PIH00208,서울특별시 중구 동호로17길 241,,,24시간 이용가능,37.5491254,127.005321,PI,GS차지비,GS차지비,1544-4279,2,3.0,단독,1,1,0.0,1.0,2025-05-10 08:16:12,2025-05-10 08:10:36,2025-05-10 08:10:36,,11,11140,G0,G004,Y,,N,해당 시설 정책에 따라 이용이 불가 할 수 있습니다.,N,,N,2022,서울특별시,0.7101767407065769,1,0,0,300,0.0033333333222222,0.5,1.0,0.8,0.0026666666577777,0.0,0.0,-1.0652651110598654,1.2374015555979123
진주청동기문화박물관,PI014488,경상남도 진주시 대평면 호반로 1353,,,24시간 이용가능,35.2243844,127.9619666,PI,GS차지비,GS차지비,1544-4279,4,100.0,동시,2,2,0.0,1.0,2025-05-07 03:00:43,2025-05-06 16:43:59,2025-05-06 16:43:59,,48,48170,D0,D008,N,,N,,N,,N,2023,경상남도,3.2303939308038636,0,0,0,300,0.0033333333222222,0.0,1.0,0.8,0.0026666666577777,0.0,0.0,-4.845590896205795,-3.0429242295480177
진주럭키골프랜드,LU002368,경상남도 진주시 명석면 판문로 504-4,,주차장 출구 좌측 2면,24시간 이용가능,35.210193,128.030689,LU,LG유플러스 볼트업,LG유플러스,1660-0365,2,7.0,단독,2,2,0.0,1.0,2025-05-10 18:48:09,2025-05-10 16:38:08,2025-05-10 18:48:01,,48,48170,E0,E004,Y,,N,,N,,Y,2024,경상남도,4.169388528620812,1,1,0,300,0.0033333333222222,0.5,1.0,0.8,0.0026666666577777,0.4,0.0,-6.254082792931218,-3.5514161262734403
산청 관정마을회관,EC480128,경상남도 산청군 단성면 목화로 302,,,24시간 이용가능,35.2500247,127.94794,EC,이지차저,이지차저,1544-3332,2,7.0,단독,1,1,0.0,1.0,2025-05-06 06:42:30,2025-05-05 21:10:42,2025-05-06 00:56:51,,48,48860,A0,A004,Y,,N,,N,,N,2024,경상남도,4.658320016236438,1,0,0,300,0.0033333333222222,0.5,1.0,0.8,0.0026666666577777,0.0,0.0,-6.987480024354657,-4.6848133576968785
명석면사무소,KP005776,경상남도 진주시 명석면 광제산로 37,,,24시간 이용가능,35.21,128.04,KP,한국전력,한국전력,1899-2100,4,100.0,단독,1,1,0.0,1.0,2025-05-15 00:57:07,2025-05-14 16:46:28,2025-05-14 17:08:48,,48,48170,A0,A002,Y,,N,,N,,N,2024,경상남도,4.861167556785948,1,0,0,300,0.0033333333222222,0.5,1.0,0.8,0.0026666666577777,0.0,0.0,-7.291751335178923,-4.989084668521144
산청 관정마을회관 (급),EC480252,경상남도 산청군 단성면 목화로 306,,,24시간 이용가능,35.2500924,127.9479217,EC,이지차저,이지차저,1544-3332,4,100.0,동시,2,2,0.0,1.0,2025-05-12 18:34:29,2025-05-12 18:07:27,2025-05-12 18:32:11,,48,48860,B0,B001,N,,N,,N,,N,2024,경상남도,4.662703920693245,0,0,0,300,0.0033333333222222,0.0,1.0,0.8,0.0026666666577777,0.0,0.0,-6.994055881039867,-5.19138921438209
청주시 아모르아트웨딩컨벤션,PI430374,충청북도 청주시 흥덕구 남석로 579,,주차빌딩 옥상층 옥외 주차장,24시간 이용가능,36.6064618,127.4213354,PI,GS차지비,GS차지비,1600-4047,2,7.0,단독,13,13,0.0,1.0,2025-05-14 10:31:24,2025-05-11 14:55:28,2025-05-11 14:55:28,,43,43110,G0,G004,Y,,N,,N,,N,2024,충청북도,0.7498465248838424,1,0,0,300,0.0033333333222222,0.5,1.0,0.8,0.0026666666577777,0.0,0.0,-1.1247697873257636,1.177896879332014
청주시 흥덕축구공원,JA430040,충청북도 청주시 흥덕구 가포산로146번길 30,흥덕축구공원,흥덕축구공원,24시간 이용가능,36.6143501,127.4155823,JA,이브이시스,이브이시스,1577-1556,4,"100.0,30.0","단독,동시",2,3,0.3333333333333333,1.0,2025-05-15 16:00:09,2025-05-15 16:00:09,2025-05-14 21:49:11,2025-05-15 16:00:09,43,43110,D0,D001,Y,,N,,N,,N,2024,충청북도,1.2878935206503574,1,0,0,300,0.0033333333222222,0.5,1.0,0.5333333333333334,0.0026666666577777,0.0,0.0,-1.931840280975536,0.1041597190155749
레이크스크린골프,MO431101,충청북도 청주시 흥덕구 서부로1168번길 31-21,,지상1층 건물 옆 주차장,24시간 이용가능,36.6087883,127.4341843,MO,매니지온,매니지온,1833-2377,2,7.0,단독,1,1,0.0,1.0,2025-05-04 18:05:12,2025-05-04 18:05:12,2025-05-04 18:05:12,,43,43110,E0,E004,Y,,N,,N,,N,2021,충청북도,1.897715311114737,1,0,0,300,0.0033333333222222,0.5,1.0,0.8,0.0026666666577777,0.0,0.0,-2.846572966672105,-0.5439063000143274
오션엔지니어링(ENH),EH263370,충청북도 청주시 흥덕구 가포산로76번길 175-8,오션엔지니어링,사내 지상주차장,24시간 이용가능,36.61131814,127.4122413,EH,이앤에이치에너지,(주)이앤에이치에너지,043-260-1123,4,30.0,단독,0,1,1.0,0.0,2025-01-31 09:28:10,2025-01-22 06:01:55,2025-01-22 08:01:58,,43,43110,G0,G004,Y,외부인 사용 제한,Y,외부인 사용제한,N,,N,2023,충청북도,0.9625695990373974,1,0,0,300,0.0033333333222222,0.5,0.0,0.0,0.0026666666577777,0.0,0.0,-1.443854398556096,-0.9411877318983184
충북청주 가경아이파크3차아파트 12,EV015770,"충청북도 청주시 흥덕구 서현로 62 (가경동, 청주가경아이파크 3단지)",304동 지하2층 58번 기둥,304동 지하2층 58번 기둥,24시간 이용가능,36.6148931,127.4287401,EV,에버온,에버온,1661-7766,2,7.0,단독,5,5,0.0,1.0,2025-05-15 09:30:07,2025-05-14 23:26:54,2025-05-15 05:44:09,,43,43110,B0,B004,N,,Y,외부인 사용불가,N,,N,2024,충청북도,1.8633173159289416,0,0,0,300,0.0033333333222222,0.0,1.0,0.8,0.0026666666577777,0.0,0.0,-2.794975973893412,-0.9923093072356344
목천 제1공영주차장,ME23A804,충청남도 천안시 동남구 목천읍 운전리 562,,,24시간 이용가능,36.7626515,127.2284379,ME,환경부,환경부,1661-9408,4,200.0,단독,8,8,0.0,1.0,2025-05-15 16:01:55,2025-05-15 15:28:48,2025-05-15 15:49:50,,44,44130,B0,B001,Y,,N,,N,,N,2023,충청남도,2.040490679541689,1,0,0,300,0.0033333333222222,0.5,1.0,0.8,0.0026666666577777,0.0,0.0,-3.0607360193125333,-0.7580693526547555
소노벨천안,ME21C417,충청남도 천안시 동남구 성남면 종합휴양지로 200,,,24시간 이용가능,36.7551623,127.2256447,ME,환경부,환경부,1661-9408,4,200.0,동시,4,4,0.0,1.0,2025-05-15 16:15:34,2025-05-15 11:05:01,2025-05-15 11:45:02,,44,44130,E0,E003,Y,,N,,N,,N,2021,충청남도,2.116695763644796,1,0,0,300,0.0033333333222222,0.5,1.0,0.8,0.0026666666577777,0.0,0.0,-3.175043645467194,-0.8723769788094162
독립기념관,ME18A405,충청남도 천안시 동남구 목천읍 남화리 230-1 ,,,24시간 이용가능,36.778612,127.231586,ME,환경부,환경부,1661-9408,4,100.0,단독,4,4,0.0,1.0,2025-05-15 16:11:56,2025-05-15 14:34:31,2025-05-15 15:11:54,,44,44130,D0,D002,Y,,N,,N,,N,2018,충청남도,2.70567580206549,1,0,0,300,0.0033333333222222,0.5,1.0,0.8,0.0026666666577777,0.0,0.0,-4.058513703098235,-1.7558470364404577
독립기념관 주차장,ME21B801,충청남도 천안시 동남구 목천읍 독립기념관로 1,,,24시간 이용가능,36.7798728,127.231468,ME,환경부,환경부,1661-9408,4,100.0,단독,8,8,0.0,1.0,2025-05-15 15:59:01,2025-05-15 14:33:46,2025-05-15 14:58:06,,44,44130,D0,D007,Y,,N,,N,,N,2021,충청남도,2.7740022419702184,1,0,0,300,0.0033333333222222,0.5,1.0,0.8,0.0026666666577777,0.0,0.0,-4.161003362955327,-1.8583366962975496
천안삼거리(서울) 휴게소,ME21A309,충청남도 천안시 동남구 구성동 153-77,,,24시간 이용가능,36.7876902,127.1733336,ME,환경부,환경부,1661-9408,4,100.0,단독,2,3,0.3333333333333333,1.0,2025-05-15 16:14:15,2025-05-15 15:31:34,2025-05-15 16:08:18,2025-05-15 15:41:43,44,44130,C0,C001,Y,,N,,N,,N,2021,충청남도,3.7908852850888106,1,0,0,300,0.0033333333222222,0.5,1.0,0.5333333333333334,0.0026666666577777,0.0,0.0,-5.686327927633216,-3.650327927642105
통영시 정각사사찰,PI550519,경상남도 통영시 광도면 홀리1길 340-198,,주차장,24시간 이용가능,34.8955389,128.3946865,PI,GS차지비,GS차지비,1600-4047,2,7.0,단독,1,1,0.0,1.0,2025-05-08 01:04:52,2025-02-17 14:53:30,2025-02-17 14:53:30,,48,48220,I0,I002,Y,,N,,N,,N,2024,경상남도,3.035909489308356,1,0,0,300,0.0033333333222222,0.5,1.0,0.8,0.0026666666577777,0.0,0.0,-4.553864233962535,-2.251197567304757
안정공원,HM003021,경상남도 통영시 광도면 춘원1로 6,안정그린공원,옥외주차장,24시간 이용가능,34.9507012,128.4133383,HM,휴맥스이브이,휴맥스이브이,1800-3188,2,7.0,단독,2,2,0.0,1.0,2025-05-15 15:28:31,2025-05-15 12:28:40,2025-05-15 15:26:10,,48,48220,D0,D001,Y,,N,,N,,N,2023,경상남도,3.4074259830310125,1,0,0,300,0.0033333333222222,0.5,1.0,0.8,0.0026666666577777,0.0,0.0,-5.1111389745465186,-2.808472307888741
통영시 사이존모텔,PI550557,경상남도 통영시 광도면 죽림해안로 40,지상1층주차장입구왼쪽 ,지상1층주차장입구왼쪽 ,24시간 이용가능,34.8868941,128.4207809,PI,GS차지비,GS차지비,1600-4047,2,7.0,단독,1,1,0.0,1.0,2025-05-14 10:30:09,2025-05-03 16:04:39,2025-05-03 16:04:39,,48,48220,E0,E003,Y,,N,,N,,N,2023,경상남도,3.872472966290037,1,0,0,300,0.0033333333222222,0.5,1.0,0.8,0.0026666666577777,0.0,0.0,-5.808709449435055,-3.506042782777277
오페라호텔,SOSKQ198,경상남도 통영시 광도면 죽림5로 25-25,,주차장,24시간 이용가능,34.886747,128.420382,SO,선광시스템,선광시스템,1533-2972,2,7.0,단독,1,1,0.0,1.0,2025-05-12 03:01:25,2025-05-04 15:52:14,2025-05-04 20:22:15,,48,48220,E0,E003,Y,,N,시설 상황에 따라 이용이 제한될 수 있음.,N,,N,2022,경상남도,3.878043992778865,1,0,0,300,0.0033333333222222,0.5,1.0,0.8,0.0026666666577777,0.0,0.0,-5.817065989168297,-3.5143993225105192
2월호텔 통영죽림점,EZ001229,경상남도 통영시 광도면 죽림5로 25-28,주차장,주차장,24시간 이용가능,34.886551,128.4203293,EZ,차지인,(주)차지인,1577-8961,2,7.0,단독,1,1,0.0,1.0,2025-05-15 09:00:19,2025-05-12 21:25:04,2025-05-13 01:58:15,,48,48220,E0,E003,Y,,N,,N,,N,2023,경상남도,3.897704276871003,1,0,0,300,0.0033333333222222,0.5,1.0,0.8,0.0026666666577777,0.0,0.0,-5.846556415306505,-3.5438897486487275
대덕구장애인종합복지관,ST600648,대전광역시 대덕구 신탄진로 77,건물 앞 주차장,건물 앞 주차장,24시간 이용가능,36.387684007,127.42188489,ST,SK일렉링크,SK일렉링크,1566-1704,"2,4","100.0,7.0",동시,2,3,0.3333333333333333,1.0,2025-05-15 15:43:14,2025-05-15 15:43:14,2025-05-15 14:11:21,2025-05-15 15:39:59,30,30230,I0,I006,Y,,N,,N,,N,2024,대전광역시,0.2373585001869958,1,0,0,300,0.0033333333222222,0.5,1.0,0.5333333333333334,0.0026666666577777,0.0,0.0,-0.3560377502804938,1.6799622497106173
대덕구 산중골 공영주차장(읍내동),IVDJNMOU,대전광역시 대덕구 계족로740번길 114공영주차장,,,24시간 이용가능,36.37823621,127.4329503,IV,인큐버스,인큐버스,042-863-6698,"2,4","100.0,7.0","단독,동시",3,3,0.0,1.0,2025-05-14 13:15:05,2025-05-14 11:45:05,2025-05-14 13:15:05,,30,30230,B0,B001,Y,,N,,N,,Y,2023,대전광역시,1.2971712006873308,1,1,0,300,0.0033333333222222,0.5,1.0,0.8,0.0026666666577777,0.4,0.0,-1.945756801030996,0.7569098656267814
한국수자원공사,KP005075,대전광역시 대덕구 신탄진로 200,,,24시간 이용가능,36.3975,127.4234,KP,한국전력공사,한국전력,1899-2100,4,50.0,단독,1,1,0.0,1.0,2025-05-15 15:23:08,2025-05-15 15:00:52,2025-05-15 15:22:45,,30,30230,A0,A003,Y,,N,,N,,N,2022,대전광역시,1.090731047514271,1,0,0,300,0.0033333333222222,0.5,1.0,0.8,0.0026666666577777,0.0,0.0,-1.6360965712714066,0.6665700953863711
CJ대한통운 유성 SUB,SZ013957,대전광역시 대덕구 신탄진로 1,,주차장,24시간 이용가능,36.3835134,127.4243939,SZ,SG생활안전,SG생활안전,1855-0119,2,7.0,단독,0,3,1.0,0.6666666666666666,2025-05-15 16:03:35,2025-05-15 16:03:35,2025-05-15 15:23:19,2025-05-15 16:03:35,30,30230,G0,G004,Y,,Y,물류차량 충전시설,N,,N,2022,대전광역시,0.469428083883369,1,0,0,300,0.0033333333222222,0.5,0.6666666666666666,0.0,0.0026666666577777,0.0,0.0,-0.7041421258250535,0.4651912074993907
회덕동 공영주차장,IVDJNHWE,대전광역시 대덕구 읍내동 247-3회덕동 공영주차장,,,24시간 이용가능,36.37692498,127.4216206,IV,인큐버스,인큐버스,042-863-6698,2,7.0,단독,2,2,0.0,1.0,2025-05-15 07:15:05,2025-05-14 19:30:05,2025-05-15 07:15:05,,30,30230,B0,B001,Y,,N,,N,,N,2023,대전광역시,1.2298622456434545,1,0,0,300,0.0033333333222222,0.5,1.0,0.8,0.0026666666577777,0.0,0.0,-1.8447933684651816,0.4578732981925961
