statNm,statId,chgerId,chgerType,addr,addrDetail,location,useTime,lat,lng,busiId,bnm,busiNm,busiCall,stat,statUpdDt,lastTsdt,lastTedt,nowTsdt,powerType,output,method,zcode,zscode,kind,kindDetail,parkingFree,note,limitYn,limitDetail,delYn,delDetail,trafficYn,year,regionName
입장거봉포도(서울) 휴게소,ME178010,01,06,충청남도 천안시 서북구 입장면 연곡길 407,null,null,24시간 이용가능,36.9427836,127.1943661,ME,환경부,환경부,1661-9408,2,20250515161428,20250515160115,20250515161427,,,50,단독,44,44130,C0,C001,Y,,N,,N,,N,2017,충청남도
입장거봉포도(서울) 휴게소,ME178010,02,06,충청남도 천안시 서북구 입장면 연곡길 407,null,null,24시간 이용가능,36.9427836,127.1943661,ME,환경부,환경부,1661-9408,2,20250515161254,20250515141741,20250515142936,,,50,단독,44,44130,C0,C001,Y,,N,,N,,N,2017,충청남도
천안삼거리(서울) 휴게소,ME178011,01,06,충청남도 천안시 동남구 쉼1길 42 (삼룡동)173-1,null,null,24시간 이용가능,36.7882107,127.1735101,ME,환경부,환경부,1661-9408,3,20250515161228,20250515120548,20250515124444,20250515155634,,50,단독,44,44130,C0,C001,Y,,N,,N,,N,2017,충청남도
천안삼거리(서울) 휴게소,ME178011,02,06,충청남도 천안시 동남구 쉼1길 42 (삼룡동)173-1,null,null,24시간 이용가능,36.7882107,127.1735101,ME,환경부,환경부,1661-9408,5,20250515161510,20250515153325,20250515154135,,,50,단독,44,44130,C0,C001,Y,,N,,N,,N,2017,충청남도
천안삼거리(서울) 휴게소,ME178011,03,06,충청남도 천안시 동남구 쉼1길 42 (삼룡동)173-1,null,null,24시간 이용가능,36.7882107,127.1735101,ME,환경부,환경부,1661-9408,2,20250515161345,20250515141918,20250515143728,,,50,단독,44,44130,C0,C001,Y,,N,,N,,N,2017,충청남도
대천(목포) 휴게소,ME178027,01,06,충청남도 보령시 주교면 서해안고속도로 199 (주교리),null,null,24시간 이용가능,36.3725548,126.556007,ME,환경부,환경부,1661-9408,3,20250515161535,20250514134711,20250514141215,20250515154528,,50,단독,44,44180,C0,C001,Y,,N,,N,,N,2017,충청남도
대천(서울) 휴게소,ME178028,01,06,충청남도 보령시 주교면 서해안고속도로 200 (주교리),null,null,24시간 이용가능,36.3737327,126.557557,ME,환경부,환경부,1661-9408,2,20250515161157,20250506181921,20250506190225,,,50,단독,44,44180,C0,C001,Y,,N,,N,,N,2017,충청남도
서천(서울) 휴게소,ME178031,01,06,충청남도 서천군 비인면 서해안고속도로 168 (성산리),null,null,24시간 이용가능,36.1320831,126.6275272,ME,환경부,환경부,1661-9408,2,20250515161408,20250515074619,20250515082713,,,50,단독,44,44770,C0,C001,Y,,N,,N,,N,2017,충청남도
서천(서울) 휴게소,ME178031,02,06,충청남도 서천군 비인면 서해안고속도로 168 (성산리),null,null,24시간 이용가능,36.1320831,126.6275272,ME,환경부,환경부,1661-9408,2,20250515161154,20250514112220,20250514112420,,,50,단독,44,44770,C0,C001,Y,,N,,N,,N,2017,충청남도
홍성(목포) 휴게소,ME178032,01,06,충청남도 홍성군 은하면 서해안고속도로 221 (금국리),null,null,24시간 이용가능,36.5520256,126.579626,ME,환경부,환경부,1661-9408,2,20250515161518,20250512144350,20250512152959,,,50,단독,44,44800,C0,C001,Y,,N,,N,,N,2017,충청남도
벌곡(논산) 휴게소,ME178042,01,06,충청남도 논산시 호남지선고속도로 25,null,null,24시간 이용가능,36.2175076,127.2740754,ME,환경부,환경부,1661-9408,3,20250515161318,20250515132613,20250515140614,20250515160623,,50,단독,44,44230,C0,C001,Y,,N,,N,,N,2017,충청남도
금산인삼랜드(대전) 휴게소,ME178055,01,06,충청남도 금산군 군북면 대암길 34-30 (외부리),null,null,24시간 이용가능,36.1550665,127.4964759,ME,환경부,환경부,1661-9408,2,20250515161243,20250514202954,20250514210914,,,50,단독,44,44710,C0,C001,Y,,N,,N,,N,2017,충청남도
공주(당진) 휴게소,ME178105,01,06,충청남도 공주시 의당면 당진영덕고속도로 71 (청룡리),null,null,24시간 이용가능,36.4985499,127.1668661,ME,환경부,환경부,1661-9408,2,20250515161339,20250515101417,20250515104117,,,50,단독,44,44150,C0,C001,Y,,N,,N,,N,2017,충청남도
공주(대전) 휴게소,ME178106,01,06,충청남도 공주시 의당면 당진영덕고속도로 72 (송선동),null,null,24시간 이용가능,36.4968854,127.1650857,ME,환경부,환경부,1661-9408,2,20250515161449,20250515153251,20250515155237,,,50,단독,44,44150,C0,C001,Y,,N,,N,,N,2017,충청남도
예산(당진) 휴게소,ME178107,01,06,충청남도 예산군 신양면 당진영덕고속도로 33 (서계양리),null,null,24시간 이용가능,36.6182862,126.8471263,ME,환경부,환경부,1661-9408,2,20250515161524,20250515104317,20250515111658,,,50,단독,44,44810,C0,C001,Y,,N,,N,,N,2017,충청남도
예산(대전) 휴게소,ME178108,01,06,충청남도 예산군 신양면 당진영덕고속도로 34 (서계양리),null,null,24시간 이용가능,36.6241758,126.8395229,ME,환경부,환경부,1661-9408,2,20250515161217,20250515121755,20250515130402,,,50,단독,44,44810,C0,C001,Y,,N,,N,,N,2017,충청남도
부여백제(공주) 휴게소,ME178126,01,06,충청남도 부여군 내산면 서천공주고속도로 26 (율암리),null,null,24시간 이용가능,36.2595399,126.8007516,ME,환경부,환경부,1661-9408,3,20250515161255,20250515151734,20250515154934,20250515160754,,50,단독,44,44760,C0,C001,Y,,N,,N,,N,2017,충청남도
부여백제(서천) 휴게소,ME178127,01,06,충청남도 부여군 내산면 서천공주고속도로 25 (율암리),null,null,24시간 이용가능,36.2570854,126.7961141,ME,환경부,환경부,1661-9408,3,20250515161524,20250515145144,20250515153450,20250515154015,,50,단독,44,44760,C0,C001,Y,,N,,N,,N,2017,충청남도
롯데마트 서산점,ME178151,01,06,충청남도 서산시 충의로 27 (예천동),null,null,24시간 이용가능,36.7723565,126.4397316,ME,환경부,환경부,1661-9408,2,20250515161128,20250507172714,20250507180600,,,50,단독,44,44210,E0,E001,Y,,N,,N,,N,2017,충청남도
GS장항솔바람점,ME181422,01,06,충청남도 서천군 장항읍 송림리 755-12,null,null,24시간 이용가능,36.0244568,126.6674793,ME,환경부,환경부,1661-9408,2,20250515161532,20250514175355,20250514183525,,,50,단독,44,44770,E0,E007,Y,,N,,N,,N,2018,충청남도
태안해안국립공원 삼봉주차장,ME181423,01,06,충청남도 태안군 안면읍 창기리 1304-6,null,null,24시간 이용가능,36.5710641,126.3165072,ME,환경부,환경부,1661-9408,2,20250515161313,20250513125447,20250513133806,,,50,단독,44,44825,D0,D001,Y,,N,,N,,N,2018,충청남도
태안해안국립공원 삼봉주차장,ME181423,02,06,충청남도 태안군 안면읍 창기리 1304-6,null,null,24시간 이용가능,36.5710641,126.3165072,ME,환경부,환경부,1661-9408,2,20250515161231,20250514131949,20250514140416,,,50,단독,44,44825,D0,D001,Y,,N,,N,,N,2018,충청남도
태안해안국립공원 학암포야영장,ME181424,01,06,충청남도 태안군 원북면 방갈리 515-79,null,null,24시간 이용가능,36.896882,126.206457,ME,환경부,환경부,1661-9408,2,20250515161516,20250513100820,20250513102341,,,50,단독,44,44825,D0,D001,Y,,N,,N,,N,2018,충청남도
태안해안국립공원 학암포야영장,ME181424,02,06,충청남도 태안군 원북면 방갈리 515-79,null,null,24시간 이용가능,36.896882,126.206457,ME,환경부,환경부,1661-9408,2,20250515161130,20250515122627,20250515130718,,,50,단독,44,44825,D0,D001,Y,,N,,N,,N,2018,충청남도
대하마트,ME181434,01,06,충청남도 천안시 서북구 월봉로 95-0 (쌍용2동),null,null,10:00~23:00,36.799709,127.117648,ME,환경부,환경부,1661-9408,2,20250515161353,20250515150118,20250515154739,,,50,단독,44,44130,E0,E001,Y,,N,,N,,N,2018,충청남도
대하마트,ME181434,02,06,충청남도 천안시 서북구 월봉로 95-0 (쌍용2동),null,null,10:00~23:00,36.799709,127.117648,ME,환경부,환경부,1661-9408,2,20250515161546,20250515145256,20250515153831,,,50,단독,44,44130,E0,E001,Y,,N,,N,,N,2018,충청남도
롯데마트 홍성점,ME181435,01,06,충청남도 홍성군 홍성읍 조양로247번길 9 (고암리),null,null,10:00~23:00,36.600955,126.676311,ME,환경부,환경부,1661-9408,2,20250515161258,20250515124845,20250515130007,,,50,단독,44,44800,E0,E001,Y,,N,,N,,N,2018,충청남도
예산군청,ME183108,01,06,"충청남도 예산군 예산읍 군청로 22, 지하주차장 정면",null,null,24시간 이용가능,36.6801958,126.8453442,ME,환경부,환경부,1661-9408,2,20250515161606,20250515143330,20250515151633,,,50,단독,44,44810,A0,A001,Y,,N,,N,,N,2018,충청남도
예산군청,ME183108,02,04,"충청남도 예산군 예산읍 군청로 22, 지하주차장 정면",null,null,24시간 이용가능,36.6801958,126.8453442,ME,환경부,환경부,1661-9408,2,20250515161606,20250515140518,20250515140719,,,100,동시,44,44810,A0,A001,Y,,N,,N,,N,2018,충청남도
예산군청,ME183108,52,04,"충청남도 예산군 예산읍 군청로 22, 지하주차장 정면",null,null,24시간 이용가능,36.6801958,126.8453442,ME,환경부,환경부,1661-9408,2,20250515161401,20250515140743,20250515140935,,,100,동시,44,44810,A0,A001,Y,,N,,N,,N,2018,충청남도
논산시국민체육센터,ME183145,01,06,"충청남도 논산시 논산대로 382, 논산건강관리센터 옆",null,null,24시간 이용가능,36.1957676,127.1023375,ME,환경부,환경부,1661-9408,2,20250515161229,20250514140105,20250514143251,,,50,단독,44,44230,A0,A004,Y,,N,,N,,N,2018,충청남도
논산시국민체육센터,ME183145,02,04,"충청남도 논산시 논산대로 382, 논산건강관리센터 옆",null,null,24시간 이용가능,36.1957676,127.1023375,ME,환경부,환경부,1661-9408,2,20250515161136,20250515111458,20250515113108,,,100,동시,44,44230,A0,A004,Y,,N,,N,,N,2018,충청남도
논산시국민체육센터,ME183145,52,04,"충청남도 논산시 논산대로 382, 논산건강관리센터 옆",null,null,24시간 이용가능,36.1957676,127.1023375,ME,환경부,환경부,1661-9408,2,20250515161140,20250514125715,20250514132517,,,100,동시,44,44230,A0,A004,Y,,N,,N,,N,2018,충청남도
연무문화체육센터,ME183146,01,06,"충청남도 논산시 연무로 166번길 64, 2주차장",null,null,24시간 이용가능,36.1261993,127.0959728,ME,환경부,환경부,1661-9408,2,20250515161401,20250514141410,20250514142205,,,50,단독,44,44230,A0,A004,Y,,N,,N,,N,2018,충청남도
연무문화체육센터,ME183146,02,04,"충청남도 논산시 연무로 166번길 64, 2주차장",null,null,24시간 이용가능,36.1261993,127.0959728,ME,환경부,환경부,1661-9408,2,20250515161412,20250514174937,20250514183239,,,100,동시,44,44230,A0,A004,Y,,N,,N,,N,2018,충청남도
연무문화체육센터,ME183146,52,04,"충청남도 논산시 연무로 166번길 64, 2주차장",null,null,24시간 이용가능,36.1261993,127.0959728,ME,환경부,환경부,1661-9408,2,20250515161407,20250515113505,20250515115409,,,100,동시,44,44230,A0,A004,Y,,N,,N,,N,2018,충청남도
주교면 행정복지센터,ME183147,01,06,충청남도 보령시 주교면 울계큰길 396,null,null,24시간 이용가능,36.3902835,126.56861,ME,환경부,환경부,1661-9408,2,20250515161227,20250515111733,20250515114633,,,50,단독,44,44180,I0,I006,Y,,N,,N,,N,2018,충청남도
주교면 행정복지센터,ME183147,02,04,충청남도 보령시 주교면 울계큰길 396,null,null,24시간 이용가능,36.3902835,126.56861,ME,환경부,환경부,1661-9408,2,20250515161608,20250514204900,20250514211537,,,100,동시,44,44180,I0,I006,Y,,N,,N,,N,2018,충청남도
주교면 행정복지센터,ME183147,52,04,충청남도 보령시 주교면 울계큰길 396,null,null,24시간 이용가능,36.3902835,126.56861,ME,환경부,환경부,1661-9408,2,20250515161604,20250514065248,20250514073551,,,100,동시,44,44180,I0,I006,Y,,N,,N,,N,2018,충청남도
대천해수욕장 제1주차장,ME183148,01,06,충청남도 보령시 신흑동 1437-3,null,null,24시간 이용가능,36.3069531,126.51994,ME,환경부,환경부,1661-9408,2,20250515161439,20250515143902,20250515150632,,,50,단독,44,44180,B0,B001,Y,,N,,N,,N,2018,충청남도
대천해수욕장 제1주차장,ME183148,02,04,충청남도 보령시 신흑동 1437-3,null,null,24시간 이용가능,36.3069531,126.51994,ME,환경부,환경부,1661-9408,2,20250515161602,20250515112103,20250515112504,,,100,동시,44,44180,B0,B001,Y,,N,,N,,N,2018,충청남도
대천해수욕장 제1주차장,ME183148,52,04,충청남도 보령시 신흑동 1437-3,null,null,24시간 이용가능,36.3069531,126.51994,ME,환경부,환경부,1661-9408,2,20250515161606,20250515112314,20250515112504,,,100,동시,44,44180,B0,B001,Y,,N,,N,,N,2018,충청남도
머드광장,ME183149,01,06,"충청남도 보령시 신흑동 2279, 입구 우측 안쪽",null,null,24시간 이용가능,36.3171775,126.5135237,ME,환경부,환경부,1661-9408,2,20250515161530,20250514075213,20250514082838,,,50,단독,44,44180,B0,B001,Y,,N,,N,,N,2018,충청남도
머드광장,ME183149,02,04,"충청남도 보령시 신흑동 2279, 입구 우측 안쪽",null,null,24시간 이용가능,36.3171775,126.5135237,ME,환경부,환경부,1661-9408,2,20250515161338,20250515145416,20250515150808,,,100,동시,44,44180,B0,B001,Y,,N,,N,,N,2018,충청남도
머드광장,ME183149,52,04,"충청남도 보령시 신흑동 2279, 입구 우측 안쪽",null,null,24시간 이용가능,36.3171775,126.5135237,ME,환경부,환경부,1661-9408,2,20250515161340,20250515122314,20250515122657,,,100,동시,44,44180,B0,B001,Y,,N,,N,,N,2018,충청남도
무창포해수욕장 제6공영주차장,ME183150,01,06,"충청남도 보령시 웅천읍 독산리 784-2, 입구 좌측",null,null,24시간 이용가능,36.2386759,126.5313824,ME,환경부,환경부,1661-9408,2,20250515161257,20250513073419,20250513081929,,,50,단독,44,44180,B0,B001,Y,,N,,N,,N,2018,충청남도
무창포해수욕장 제6공영주차장,ME183150,02,04,"충청남도 보령시 웅천읍 독산리 784-2, 입구 좌측",null,null,24시간 이용가능,36.2386759,126.5313824,ME,환경부,환경부,1661-9408,2,20250515161313,20250514211337,20250514215639,,,100,동시,44,44180,B0,B001,Y,,N,,N,,N,2018,충청남도
무창포해수욕장 제6공영주차장,ME183150,52,04,"충청남도 보령시 웅천읍 독산리 784-2, 입구 좌측",null,null,24시간 이용가능,36.2386759,126.5313824,ME,환경부,환경부,1661-9408,2,20250515161311,20250514130936,20250514131133,,,100,동시,44,44180,B0,B001,Y,,N,,N,,N,2018,충청남도
주포면사무소,ME183151,01,06,충청남도 보령시 주포면 보령읍성길 38-1,null,null,24시간 이용가능,36.4148367,126.5879649,ME,환경부,환경부,1661-9408,2,20250515161125,20250429180720,20250429183236,,,50,단독,44,44180,A0,A002,Y,,N,,N,,N,2018,충청남도
주포면사무소,ME183151,02,04,충청남도 보령시 주포면 보령읍성길 38-1,null,null,24시간 이용가능,36.4148367,126.5879649,ME,환경부,환경부,1661-9408,2,20250515161143,20250515114434,20250515122735,,,100,동시,44,44180,A0,A002,Y,,N,,N,,N,2018,충청남도
주포면사무소,ME183151,52,04,충청남도 보령시 주포면 보령읍성길 38-1,null,null,24시간 이용가능,36.4148367,126.5879649,ME,환경부,환경부,1661-9408,2,20250515161149,20250514154444,20250514161430,,,100,동시,44,44180,A0,A002,Y,,N,,N,,N,2018,충청남도
한산119안전센터 공영주차장,ME183153,01,06,"충청남도 서천군 한산면 지현리 8, 건물 우측",null,null,24시간 이용가능,36.0836479,126.8070099,ME,환경부,환경부,1661-9408,2,20250515161511,20250507153445,20250507153736,,,50,단독,44,44770,B0,B001,Y,,N,,N,,N,2018,충청남도
한산119안전센터 공영주차장,ME183153,02,04,"충청남도 서천군 한산면 지현리 8, 건물 우측",null,null,24시간 이용가능,36.0836479,126.8070099,ME,환경부,환경부,1661-9408,2,20250515161318,20250513160233,20250513161959,,,100,동시,44,44770,B0,B001,Y,,N,,N,,N,2018,충청남도
한산119안전센터 공영주차장,ME183153,52,04,"충청남도 서천군 한산면 지현리 8, 건물 우측",null,null,24시간 이용가능,36.0836479,126.8070099,ME,환경부,환경부,1661-9408,2,20250515161312,20250511153327,20250511155749,,,100,동시,44,44770,B0,B001,Y,,N,,N,,N,2018,충청남도
판교면행정복지센터,ME183154,01,06,"충청남도 서천군 판교면 현암리 183-1, 입구 좌측",null,null,24시간 이용가능,36.1578447,126.689357,ME,환경부,환경부,1661-9408,2,20250515161156,20250515144424,20250515144625,,,50,단독,44,44770,I0,I006,Y,,N,,N,,N,2018,충청남도
판교면행정복지센터,ME183154,02,04,"충청남도 서천군 판교면 현암리 183-1, 입구 좌측",null,null,24시간 이용가능,36.1578447,126.689357,ME,환경부,환경부,1661-9408,2,20250515161401,20250515144801,20250515144914,,,100,동시,44,44770,I0,I006,Y,,N,,N,,N,2018,충청남도
판교면행정복지센터,ME183154,52,04,"충청남도 서천군 판교면 현암리 183-1, 입구 좌측",null,null,24시간 이용가능,36.1578447,126.689357,ME,환경부,환경부,1661-9408,2,20250515161403,20250514124258,20250514132559,,,100,동시,44,44770,I0,I006,Y,,N,,N,,N,2018,충청남도
천안박물관,ME183155,01,06,충청남도 천안시 동남구 삼룡동 260-3,null,null,24시간 이용가능,36.786312,127.164105,ME,환경부,환경부,1661-9408,9,20241216171810,20241210153711,20241210155636,,,50,단독,44,44130,A0,A004,Y,,N,,N,,N,2018,충청남도
천안박물관,ME183155,02,04,충청남도 천안시 동남구 삼룡동 260-3,null,null,24시간 이용가능,36.786312,127.164105,ME,환경부,환경부,1661-9408,9,20241216171810,20241210020907,20241210025211,20241210153749,,100,동시,44,44130,A0,A004,Y,,N,,N,,N,2018,충청남도
천안박물관,ME183155,52,04,충청남도 천안시 동남구 삼룡동 260-3,null,null,24시간 이용가능,36.786312,127.164105,ME,환경부,환경부,1661-9408,9,20241216171810,20241210132825,20241210140948,,,100,동시,44,44130,A0,A004,Y,,N,,N,,N,2018,충청남도
서부농협 광리지점,ME183156,01,06,충청남도 홍성군 서부면 서부로 777,null,null,24시간 이용가능,36.5978325,126.504842,ME,환경부,환경부,1661-9408,2,20250515161513,20250515104546,20250515112711,,,50,단독,44,44800,G0,G003,Y,,N,,N,,N,2018,충청남도
서부농협 광리지점,ME183156,02,04,충청남도 홍성군 서부면 서부로 777,null,null,24시간 이용가능,36.5978325,126.504842,ME,환경부,환경부,1661-9408,2,20250515161506,20250514124859,20250514131015,,,100,동시,44,44800,G0,G003,Y,,N,,N,,N,2018,충청남도
서부농협 광리지점,ME183156,52,04,충청남도 홍성군 서부면 서부로 777,null,null,24시간 이용가능,36.5978325,126.504842,ME,환경부,환경부,1661-9408,2,20250515161523,20250508122943,20250508125819,,,100,동시,44,44800,G0,G003,Y,,N,,N,,N,2018,충청남도
충청남도청,ME183157,01,06,"충청남도 홍성군 홍북읍 충남대로 21, 입구 좌측 끝",null,null,24시간 이용가능,36.6581027,126.6714352,ME,환경부,환경부,1661-9408,2,20250515161241,20250512120102,20250512124407,,,50,단독,44,44800,A0,A003,Y,,N,,N,,N,2018,충청남도
충청남도청,ME183157,02,04,"충청남도 홍성군 홍북읍 충남대로 21, 입구 좌측 끝",null,null,24시간 이용가능,36.6581027,126.6714352,ME,환경부,환경부,1661-9408,2,20250515161458,20250514134442,20250514142743,,,100,동시,44,44800,A0,A003,Y,,N,,N,,N,2018,충청남도
충청남도청,ME183157,52,04,"충청남도 홍성군 홍북읍 충남대로 21, 입구 좌측 끝",null,null,24시간 이용가능,36.6581027,126.6714352,ME,환경부,환경부,1661-9408,2,20250515161503,20250514073720,20250514074359,,,100,동시,44,44800,A0,A003,Y,,N,,N,,N,2018,충청남도
블루핸즈 서산현대서비스,ME183158,01,06,충청남도 서산시 수석동 204-19,null,null,24시간 이용가능,36.7820781,126.497637,ME,환경부,환경부,1661-9408,2,20250515161133,20250512161645,20250512162116,,,50,단독,44,44210,F0,F002,Y,,N,,N,,N,2018,충청남도
블루핸즈 서산현대서비스,ME183158,02,04,충청남도 서산시 수석동 204-19,null,null,24시간 이용가능,36.7820781,126.497637,ME,환경부,환경부,1661-9408,2,20250515161136,20250514210239,20250514213745,,,100,동시,44,44210,F0,F002,Y,,N,,N,,N,2018,충청남도
블루핸즈 서산현대서비스,ME183158,52,04,충청남도 서산시 수석동 204-19,null,null,24시간 이용가능,36.7820781,126.497637,ME,환경부,환경부,1661-9408,2,20250515161123,20250515143130,20250515151431,,,100,동시,44,44210,F0,F002,Y,,N,,N,,N,2018,충청남도
블루핸즈 북천안현대서비스,ME183159,01,06,"충청남도 천안시 서북구 신당새터 2길 28, 카페 옆",null,null,24시간 이용가능,36.8508060,127.1575591,ME,환경부,환경부,1661-9408,2,20250515161332,20250515135023,20250515141404,,,50,단독,44,44130,F0,F002,Y,,N,,N,,N,2018,충청남도
블루핸즈 북천안현대서비스,ME183159,02,04,"충청남도 천안시 서북구 신당새터 2길 28, 카페 옆",null,null,24시간 이용가능,36.8508060,127.1575591,ME,환경부,환경부,1661-9408,2,20250515161433,20250514091319,20250514094205,,,100,동시,44,44130,F0,F002,Y,,N,,N,,N,2018,충청남도
블루핸즈 북천안현대서비스,ME183159,52,04,"충청남도 천안시 서북구 신당새터 2길 28, 카페 옆",null,null,24시간 이용가능,36.8508060,127.1575591,ME,환경부,환경부,1661-9408,2,20250515161423,20250515081637,20250515084711,,,100,동시,44,44130,F0,F002,Y,,N,,N,,N,2018,충청남도
블루핸즈 내포현대서비스,ME183160,01,06,충청남도 홍성군 홍북읍 홍북로 453번길 50,null,null,24시간 이용가능,36.6501521,126.6896382,ME,환경부,환경부,1661-9408,2,20250515161605,20250505101723,20250505105139,,,50,단독,44,44800,F0,F002,Y,,N,,N,,N,2018,충청남도
블루핸즈 내포현대서비스,ME183160,02,04,충청남도 홍성군 홍북읍 홍북로 453번길 50,null,null,24시간 이용가능,36.6501521,126.6896382,ME,환경부,환경부,1661-9408,2,20250515161604,20250514121529,20250514123434,,,100,동시,44,44800,F0,F002,Y,,N,,N,,N,2018,충청남도
블루핸즈 내포현대서비스,ME183160,52,04,충청남도 홍성군 홍북읍 홍북로 453번길 50,null,null,24시간 이용가능,36.6501521,126.6896382,ME,환경부,환경부,1661-9408,2,20250515161550,20250508172915,20250508173217,,,100,동시,44,44800,F0,F002,Y,,N,,N,,N,2018,충청남도
블루핸즈 오관점,ME183161,01,06,충청남도 홍성군 홍성읍 충서로 1402,null,null,24시간 이용가능,36.6006257,126.6535383,ME,환경부,환경부,1661-9408,5,20250515154538,20250515152103,20250515152254,,,50,단독,44,44800,F0,F002,Y,,N,,N,,N,2018,충청남도
블루핸즈 오관점,ME183161,02,04,충청남도 홍성군 홍성읍 충서로 1402,null,null,24시간 이용가능,36.6006257,126.6535383,ME,환경부,환경부,1661-9408,2,20250515161426,20250515151315,20250515151511,,,100,동시,44,44800,F0,F002,Y,,N,,N,,N,2018,충청남도
블루핸즈 오관점,ME183161,52,04,충청남도 홍성군 홍성읍 충서로 1402,null,null,24시간 이용가능,36.6006257,126.6535383,ME,환경부,환경부,1661-9408,2,20250515161427,20250515151543,20250515151742,,,100,동시,44,44800,F0,F002,Y,,N,,N,,N,2018,충청남도
당진시청,ME184134,01,06,충청남도 당진시 시청1로 1,", 후문 앞 우측",null,24시간 이용가능,36.8906781,126.6453379,ME,환경부,환경부,1661-9408,2,20250515161301,20250515115932,20250515124247,,,50,단독,44,44270,A0,A001,Y,,N,,N,,N,2018,충청남도
아산시청,ME184135,01,06,충청남도 아산시 시민로 456,null,null,24시간 이용가능,36.790230,127.001773,ME,환경부,환경부,1661-9408,2,20250515161540,20250514155138,20250514163457,,,50,단독,44,44200,A0,A001,Y,,N,,N,,N,2018,충청남도
천안종합운동장 실내테니스장,ME184136,01,06,충청남도 천안시 서북구 번영로 208,null,null,24시간 이용가능,36.816712,127.112333,ME,환경부,환경부,1661-9408,2,20250515161130,20250515095117,20250515102229,,,50,단독,44,44130,A0,A004,Y,,N,,N,,N,2018,충청남도
홍성(목포) 휴게소,ME184138,01,06,충청남도 홍성군 은하면 서해안고속도로 221,출구방향 야외쉼터 부근 옥외 주차장,null,24시간 이용가능,36.5518466,126.5797654,ME,환경부,환경부,1661-9408,2,20250515161606,20250508174706,20250508182743,,,50,단독,44,44800,C0,C001,Y,,N,,N,,N,2018,충청남도
두마면사무소,ME18A181,01,06,충청남도 계룡시 두마면 팥거리2길 14,null,null,24시간 이용가능,36.266718,127.272804,ME,환경부,환경부,1661-9408,2,20250515161410,20250514201300,20250514202444,,,100,단독,44,44250,A0,A002,Y,,N,,N,,N,2018,충청남도
공주(당진) 휴게소,ME18A182,01,06,충청남도 공주시 의당면 당진영덕고속도로 71,null,null,24시간 이용가능,36.4985807,127.1666133,ME,환경부,환경부,1661-9408,2,20250515161237,20250514160325,20250514162130,,,100,단독,44,44150,C0,C001,Y,,N,,N,,N,2018,충청남도
공주(대전) 휴게소,ME18A183,01,06,충청남도 공주시 당진영덕고속도로 72,null,null,24시간 이용가능,36.496799,127.165376,ME,환경부,환경부,1661-9408,2,20250515161315,20250515153417,20250515155129,,,100,단독,44,44150,C0,C001,Y,,N,,N,,N,2018,충청남도
사곡면사무소,ME18A184,01,06,충청남도 공주시 사곡면 호계리 309,null,null,24시간 이용가능,36.5021397,127.0256276,ME,환경부,환경부,1661-9408,2,20250515161242,20250515151454,20250515155800,,,100,단독,44,44150,A0,A002,Y,,N,,N,,N,2018,충청남도
신풍면사무소,ME18A185,01,06,충청남도 공주시 신풍면 안뜸길 14,null,null,24시간 이용가능,36.51475,126.955752,ME,환경부,환경부,1661-9408,2,20250515161243,20250514165712,20250514173712,,,100,단독,44,44150,A0,A002,Y,,N,,N,,N,2018,충청남도
벌곡(대전) 휴게소,ME18A186,01,06,충청남도 논산시 벌곡면 벌곡로 9-58,null,null,24시간 이용가능,36.210963,127.270945,ME,환경부,환경부,1661-9408,2,20250515161324,20250515151919,20250515154818,,,100,단독,44,44230,C0,C001,Y,,N,,N,,N,2018,충청남도
당진근로자복지회관,ME18A187,01,06,충청남도 당진시 송악읍 부곡공단4길 53-13,null,null,24시간 이용가능,36.961665,126.775816,ME,환경부,환경부,1661-9408,2,20250515161327,20250515125555,20250515132640,,,100,단독,44,44270,I0,I006,Y,,N,,N,,N,2018,충청남도
석문문화스포츠센터,ME18A188,01,06,충청남도 당진시 석문면 대호만로 1543,null,null,24시간 이용가능,37.003233,126.553698,ME,환경부,환경부,1661-9408,2,20250515161519,20250514133927,20250514142007,,,100,단독,44,44270,A0,A004,Y,,N,,N,,N,2018,충청남도
송악문화스포츠센타,ME18A189,01,06,충청남도 당진시 틀모시로 830,null,null,24시간 이용가능,36.907025,126.691711,ME,환경부,환경부,1661-9408,2,20250515161352,20250515144950,20250515153255,,,100,단독,44,44270,A0,A004,Y,,N,,N,,N,2018,충청남도
궁촌동 공영주차장,ME18A190,01,06,충청남도 보령시 궁촌동 43-2,null,null,24시간 이용가능,36.343237,126.596518,ME,환경부,환경부,1661-9408,2,20250515161544,20250515103830,20250515110836,,,100,단독,44,44180,B0,B001,Y,,N,,N,,N,2018,충청남도
장현보건진료소,ME18A191,01,06,충청남도 보령시 청라면 장현리 760-9 ,null,null,24시간 이용가능,36.420434,126.662475,ME,환경부,환경부,1661-9408,2,20250515161514,20250513151606,20250513154541,,,100,단독,44,44180,I0,I003,Y,,N,,N,,N,2018,충청남도
대천(목포) 휴게소,ME18A192,01,06,충청남도 보령시 주교면 서해안고속도로 199,null,null,24시간 이용가능,36.373665,126.556021,ME,환경부,환경부,1661-9408,2,20250515161211,20250503143919,20250503150830,,,100,단독,44,44180,C0,C001,Y,,N,,N,,N,2018,충청남도
대천(서울) 휴게소,ME18A193,01,06,충청남도 보령시 주교면 서해안고속도로 200,null,null,24시간 이용가능,36.3752411,126.5578521,ME,환경부,환경부,1661-9408,2,20250515161511,20250515091820,20250515093719,,,100,단독,44,44180,C0,C001,Y,,N,,N,,N,2018,충청남도
청라면 사무소,ME18A194,01,06,충청남도 보령시 청라면 원모루길 219,null,null,24시간 이용가능,36.390127,126.67353,ME,환경부,환경부,1661-9408,2,20250515161525,20250515132845,20250515141146,,,100,단독,44,44180,A0,A002,Y,,N,,N,,N,2018,충청남도
서산(목포) 휴게소,ME18A195,01,06,충청남도 서산시 해미면 서해안고속도로 241,null,null,24시간 이용가능,36.743812,126.565712,ME,환경부,환경부,1661-9408,2,20250515161534,20250513152318,20250513153447,,,100,단독,44,44210,C0,C001,Y,,N,,N,,N,2018,충청남도
부석면주민자치센터,ME18A196,01,06,충청남도 서산시 부석면 취평리 364-2,null,null,24시간 이용가능,36.714723,126.393378,ME,환경부,환경부,1661-9408,2,20250515161546,20250515153341,20250515160346,,,100,단독,44,44210,A0,A002,Y,,N,,N,,N,2018,충청남도
시초면사무소,ME18A197,01,06,충청남도 서천군 시초면 시초북로 37,null,null,24시간 이용가능,36.12169,126.752839,ME,환경부,환경부,1661-9408,2,20250515161233,20250513112434,20250513120525,,,100,단독,44,44770,A0,A002,Y,,N,,N,,N,2018,충청남도
온양온천시장 공영주차타워,ME18A198,01,06,"충청남도 아산시 충무로 25(온천동 94-10), 1층",null,null,24시간 이용가능,36.783706,127.004024,ME,환경부,환경부,1661-9408,2,20250515161330,20250514180206,20250514184812,,,100,단독,44,44200,B0,B001,Y,,N,,N,,N,2018,충청남도
탕정면사무소,ME18A199,01,06,충청남도 아산시 탕정면 탕정면로 36,null,null,24시간 이용가능,36.798054,127.061386,ME,환경부,환경부,1661-9408,2,20250515161324,20250515085949,20250515092825,,,100,단독,44,44200,A0,A002,Y,,N,,N,,N,2018,충청남도
예산(당진) 휴게소,ME18A200,01,06,충청남도 예산군 신양면 당진영덕고속도로 33,null,null,24시간 이용가능,36.619441,126.846334,ME,환경부,환경부,1661-9408,3,20250515161520,20250515095723,20250515100518,20250515155129,,100,단독,44,44810,C0,C001,Y,,N,,N,,N,2018,충청남도
계룡시청,ME18A284,11,04,충청남도 계룡시 장안로 46,null,null,24시간 이용가능,36.273688,127.248959,ME,환경부,환경부,1661-9408,2,20250515161235,20250514150721,20250514152640,,,200,동시,44,44250,A0,A001,Y,,N,,N,,N,2018,충청남도
계룡시청,ME18A284,12,04,충청남도 계룡시 장안로 46,null,null,24시간 이용가능,36.273688,127.248959,ME,환경부,환경부,1661-9408,2,20250515161241,20250514200256,20250514204247,,,200,동시,44,44250,A0,A001,Y,,N,,N,,N,2018,충청남도
우성면사무소,ME18A285,11,04,충청남도 공주시 우성면 동대리길 57-1 ,null,null,24시간 이용가능,36.47051,127.050165,ME,환경부,환경부,1661-9408,2,20250515161314,20250508190532,20250508194651,,,200,동시,44,44150,A0,A002,Y,,N,,N,,N,2018,충청남도
우성면사무소,ME18A285,12,04,충청남도 공주시 우성면 동대리길 57-1 ,null,null,24시간 이용가능,36.47051,127.050165,ME,환경부,환경부,1661-9408,2,20250515161309,20250515153323,20250515155518,,,200,동시,44,44150,A0,A002,Y,,N,,N,,N,2018,충청남도
금학생태공원주차장,ME18A286,11,04,충청남도 공주시 금학동 106,null,null,24시간 이용가능,36.434666,127.123787,ME,환경부,환경부,1661-9408,2,20250515161410,20250512154443,20250512160253,,,200,동시,44,44150,D0,D001,Y,,N,,N,,N,2018,충청남도
금학생태공원주차장,ME18A286,12,04,충청남도 공주시 금학동 106,null,null,24시간 이용가능,36.434666,127.123787,ME,환경부,환경부,1661-9408,3,20250515161529,20250514115445,20250514123335,20250515160519,,200,동시,44,44150,D0,D001,Y,,N,,N,,N,2018,충청남도
종합사회복지관,ME18A287,11,04,충청남도 공주시 의당면 의당로 257,null,null,24시간 이용가능,36.494229,127.136309,ME,환경부,환경부,1661-9408,2,20250515161457,20250515095513,20250515102807,,,200,동시,44,44150,I0,I006,Y,,N,,N,,N,2018,충청남도
종합사회복지관,ME18A287,12,04,충청남도 공주시 의당면 의당로 257,null,null,24시간 이용가능,36.494229,127.136309,ME,환경부,환경부,1661-9408,2,20250515161506,20250515123708,20250515130126,,,200,동시,44,44150,I0,I006,Y,,N,,N,,N,2018,충청남도
계룡농협하나로마트,ME18A288,11,04,충청남도 논산시 연산면 청동로 34,null,null,24시간 이용가능,36.208811,127.196657,ME,환경부,환경부,1661-9408,2,20250515161529,20250515152510,20250515154850,,,200,동시,44,44230,E0,E001,Y,,N,,N,,N,2018,충청남도
계룡농협하나로마트,ME18A288,12,04,충청남도 논산시 연산면 청동로 34,null,null,24시간 이용가능,36.208811,127.196657,ME,환경부,환경부,1661-9408,2,20250515161534,20250515150810,20250515154123,,,200,동시,44,44230,E0,E001,Y,,N,,N,,N,2018,충청남도
채운면사무소,ME18A289,11,04,충청남도 논산시 채운면 채운로41,null,null,24시간 이용가능,36.173704,127.062575,ME,환경부,환경부,1661-9408,2,20250515161121,20250514170658,20250514174044,,,200,동시,44,44230,A0,A002,Y,,N,,N,,N,2018,충청남도
채운면사무소,ME18A289,12,04,충청남도 논산시 채운면 채운로41,null,null,24시간 이용가능,36.173704,127.062575,ME,환경부,환경부,1661-9408,2,20250515161116,20250514184152,20250514192306,,,200,동시,44,44230,A0,A002,Y,,N,,N,,N,2018,충청남도
당진문예의전당,ME18A290,01,06,충청남도 당진시 무수동2길 25-21,null,null,24시간 이용가능,36.8896689,126.6378215,ME,환경부,환경부,1661-9408,2,20250515161446,20250515141124,20250515145429,,,100,단독,44,44270,J0,J004,Y,,N,,N,,N,2018,충청남도
당진문예의전당,ME18A290,02,06,충청남도 당진시 무수동2길 25-21,null,null,24시간 이용가능,36.8896689,126.6378215,ME,환경부,환경부,1661-9408,2,20250515161343,20250515140455,20250515143640,,,100,단독,44,44270,J0,J004,Y,,N,,N,,N,2018,충청남도
롯데리조트부여,ME18A291,11,04,"충청남도 부여군 규암면 백제문로 400, 지하1층, J",null,null,24시간 이용가능,36.3035127,126.9009301,ME,환경부,환경부,1661-9408,2,20250515161246,20250515144110,20250515151815,,,200,동시,44,44760,E0,E003,Y,,N,,N,,N,2018,충청남도
롯데리조트부여,ME18A291,12,04,"충청남도 부여군 규암면 백제문로 400, 지하1층, J",null,null,24시간 이용가능,36.3035127,126.9009301,ME,환경부,환경부,1661-9408,2,20250515161251,20250511141615,20250511145918,,,200,동시,44,44760,E0,E003,Y,,N,,N,,N,2018,충청남도
부여군청 뒤 주차장,ME18A292,11,04,충청남도 부여군 부여읍 동남리 732-1 ,null,null,24시간 이용가능,36.275198,126.909334,ME,환경부,환경부,1661-9408,2,20250515161413,20250515151904,20250515154800,,,200,동시,44,44760,A0,A001,Y,,N,,N,,N,2018,충청남도
부여군청 뒤 주차장,ME18A292,12,04,충청남도 부여군 부여읍 동남리 732-1 ,null,null,24시간 이용가능,36.275198,126.909334,ME,환경부,환경부,1661-9408,2,20250515161418,20250515101415,20250515105941,,,200,동시,44,44760,A0,A001,Y,,N,,N,,N,2018,충청남도
배방읍 행정복지센터,ME18A293,11,04,충청남도 아산시 배방읍 배방로 38,null,null,24시간 이용가능,36.773582651,127.05335765,ME,환경부,환경부,1661-9408,2,20250515161136,20250515151944,20250515153320,,,200,동시,44,44200,A0,A002,Y,,N,,N,,N,2018,충청남도
배방읍 행정복지센터,ME18A293,12,04,충청남도 아산시 배방읍 배방로 38,null,null,24시간 이용가능,36.773582651,127.05335765,ME,환경부,환경부,1661-9408,2,20250515161137,20250515152037,20250515160338,,,200,동시,44,44200,A0,A002,Y,,N,,N,,N,2018,충청남도
환경과학공원,ME18A295,11,04,충청남도 아산시 배미동 3-6 ,null,null,24시간 이용가능,36.798424,126.976628,ME,환경부,환경부,1661-9408,2,20250515161204,20250510115338,20250510122520,,,200,동시,44,44200,D0,D001,Y,,N,,N,,N,2018,충청남도
환경과학공원,ME18A295,12,04,충청남도 아산시 배미동 3-6 ,null,null,24시간 이용가능,36.798424,126.976628,ME,환경부,환경부,1661-9408,2,20250515161201,20250512141854,20250512150157,,,200,동시,44,44200,D0,D001,Y,,N,,N,,N,2018,충청남도
문성동 주민센터,ME18A296,11,04,충청남도 천안시 동남구 문화로 15,null,null,24시간 이용가능,36.811157,127.150341,ME,환경부,환경부,1661-9408,2,20250515161212,20250514185423,20250514190938,,,200,동시,44,44130,A0,A002,Y,,N,,N,,N,2018,충청남도
문성동 주민센터,ME18A296,12,04,충청남도 천안시 동남구 문화로 15,null,null,24시간 이용가능,36.811157,127.150341,ME,환경부,환경부,1661-9408,2,20250515161217,20250514173315,20250514181525,,,200,동시,44,44130,A0,A002,Y,,N,,N,,N,2018,충청남도
성환문화회관,ME18A297,11,04,충청남도 천안시 서북구 성환읍 성진로 15,null,null,24시간 이용가능,36.912085,127.135804,ME,환경부,환경부,1661-9408,2,20250515161159,20250515124405,20250515132253,,,200,동시,44,44130,I0,I003,Y,,N,,N,,N,2018,충청남도
성환문화회관,ME18A297,12,04,충청남도 천안시 서북구 성환읍 성진로 15,null,null,24시간 이용가능,36.912085,127.135804,ME,환경부,환경부,1661-9408,2,20250515161154,20250515143620,20250515145336,,,200,동시,44,44130,I0,I003,Y,,N,,N,,N,2018,충청남도
신방동사무소 앞 공영주차장,ME18A298,11,04,충청남도 천안시 동남구 천안천변길 129-41,null,null,24시간 이용가능,36.786072,127.122937,ME,환경부,환경부,1661-9408,9,20250512151310,20250507140834,20250507141030,,,200,동시,44,44130,A0,A002,Y,,N,,N,,N,2018,충청남도
신방동사무소 앞 공영주차장,ME18A298,12,04,충청남도 천안시 동남구 천안천변길 129-41,null,null,24시간 이용가능,36.786072,127.122937,ME,환경부,환경부,1661-9408,9,20250512151310,20250508112153,20250508115249,20250508195916,,200,동시,44,44130,A0,A002,Y,,N,,N,,N,2018,충청남도
천안시 서북구청,ME18A299,11,04,충청남도 천안시 서북구 성거읍 봉주로 75,null,null,24시간 이용가능,36.877727,127.154154,ME,환경부,환경부,1661-9408,2,20250515161436,20250514094156,20250514102723,,,200,동시,44,44130,A0,A001,Y,,N,,N,,N,2018,충청남도
천안시 서북구청,ME18A299,12,04,충청남도 천안시 서북구 성거읍 봉주로 75,null,null,24시간 이용가능,36.877727,127.154154,ME,환경부,환경부,1661-9408,2,20250515161438,20250515144339,20250515152434,,,200,동시,44,44130,A0,A001,Y,,N,,N,,N,2018,충청남도
알프스마을,ME18A300,11,04,충청남도 청양군 정산면 천장호길 223-35,null,null,24시간 이용가능,36.409337,126.914454,ME,환경부,환경부,1661-9408,2,20250515161601,20250513112220,20250513112426,,,200,동시,44,44790,D0,D007,Y,,N,,N,,N,2018,충청남도
알프스마을,ME18A300,12,04,충청남도 청양군 정산면 천장호길 223-35,null,null,24시간 이용가능,36.409337,126.914454,ME,환경부,환경부,1661-9408,2,20250515161604,20250513112453,20250513112707,,,200,동시,44,44790,D0,D007,Y,,N,,N,,N,2018,충청남도
공주시청 주차장,ME18A310,01,06,충청남도 공주시 봉황동 304-6 ,null,null,24시간 이용가능,36.448102815,127.12000720,ME,환경부,환경부,1661-9408,2,20250515161516,20250515115211,20250515115440,,,100,단독,44,44150,A0,A001,Y,,N,,N,,N,2018,충청남도
공주시청 주차장,ME18A310,11,04,충청남도 공주시 봉황동 304-6 ,null,null,24시간 이용가능,36.448102815,127.12000720,ME,환경부,환경부,1661-9408,2,20250515161351,20250515110400,20250515114702,,,200,동시,44,44150,A0,A001,Y,,N,,N,,N,2018,충청남도
공주시청 주차장,ME18A310,12,04,충청남도 공주시 봉황동 304-6 ,null,null,24시간 이용가능,36.448102815,127.12000720,ME,환경부,환경부,1661-9408,2,20250515161354,20250515122008,20250515130310,,,200,동시,44,44150,A0,A001,Y,,N,,N,,N,2018,충청남도
장항전통시장,ME18A311,01,06,충청남도 서천군 장항읍 성화로 92,null,null,24시간 이용가능,36.016237,126.693534,ME,환경부,환경부,1661-9408,2,20250515161141,20250515091519,20250515095824,,,100,단독,44,44770,E0,E001,Y,,N,,N,,N,2018,충청남도
장항전통시장,ME18A311,11,04,충청남도 서천군 장항읍 성화로 92,null,null,24시간 이용가능,36.016237,126.693534,ME,환경부,환경부,1661-9408,2,20250515161609,20250513003857,20250513012022,,,200,동시,44,44770,E0,E001,Y,,N,,N,,N,2018,충청남도
장항전통시장,ME18A311,12,04,충청남도 서천군 장항읍 성화로 92,null,null,24시간 이용가능,36.016237,126.693534,ME,환경부,환경부,1661-9408,2,20250515161604,20250514215541,20250514223720,,,200,동시,44,44770,E0,E001,Y,,N,,N,,N,2018,충청남도
천안상록리조트,ME18A312,01,06,충청남도 천안시 동남구 수신면 수신로 576,null,null,24시간 이용가능,36.742044,127.286159,ME,환경부,환경부,1661-9408,2,20250515161514,20250514142712,20250514150542,,,100,단독,44,44130,E0,E003,Y,,N,,N,,N,2018,충청남도
천안상록리조트,ME18A312,11,04,충청남도 천안시 동남구 수신면 수신로 576,null,null,24시간 이용가능,36.742044,127.286159,ME,환경부,환경부,1661-9408,2,20250515161512,20250513145527,20250513150937,,,200,동시,44,44130,E0,E003,Y,,N,,N,,N,2018,충청남도
천안상록리조트,ME18A312,12,04,충청남도 천안시 동남구 수신면 수신로 576,null,null,24시간 이용가능,36.742044,127.286159,ME,환경부,환경부,1661-9408,2,20250515161510,20250515060737,20250515062408,,,200,동시,44,44130,E0,E003,Y,,N,,N,,N,2018,충청남도
독립기념관,ME18A405,01,04,충청남도 천안시 동남구 목천읍 남화리 230-1 ,null,null,24시간 이용가능,36.778612,127.231586,ME,환경부,환경부,1661-9408,2,20250515155015,20250511125303,20250511133306,,,100,단독,44,44130,D0,D002,Y,,N,,N,,N,2018,충청남도
독립기념관,ME18A405,02,04,충청남도 천안시 동남구 목천읍 남화리 230-1 ,null,null,24시간 이용가능,36.778612,127.231586,ME,환경부,환경부,1661-9408,2,20250515155008,20250513171810,20250513175505,,,100,단독,44,44130,D0,D002,Y,,N,,N,,N,2018,충청남도
독립기념관,ME18A405,03,04,충청남도 천안시 동남구 목천읍 남화리 230-1 ,null,null,24시간 이용가능,36.778612,127.231586,ME,환경부,환경부,1661-9408,2,20250515155016,20250514200018,20250514202153,,,100,단독,44,44130,D0,D002,Y,,N,,N,,N,2018,충청남도
독립기념관,ME18A405,04,04,충청남도 천안시 동남구 목천읍 남화리 230-1 ,null,null,24시간 이용가능,36.778612,127.231586,ME,환경부,환경부,1661-9408,2,20250515161156,20250515143431,20250515151154,,,100,단독,44,44130,D0,D002,Y,,N,,N,,N,2018,충청남도
예산(대전) 휴게소,ME18A501,01,06,충청남도 예산군 신양면 당진영덕고속도로 34,null,null,24시간 이용가능,36.62409,126.839632,ME,환경부,환경부,1661-9408,2,20250515161245,20250515121203,20250515124339,,,100,단독,44,44810,C0,C001,Y,,N,,N,,N,2018,충청남도
덕산면 종합복지센터,ME18A502,01,06,충청남도 예산군 덕산면 신평리 362-8,null,null,24시간 이용가능,36.700147,126.665731,ME,환경부,환경부,1661-9408,2,20250515161431,20250514202722,20250514211023,,,100,단독,44,44810,I0,I006,Y,,N,,N,,N,2018,충청남도
삽교읍 국민체육센터,ME18A503,01,06,충청남도 예산군 삽교읍 신가꽃산서길 115,null,null,24시간 이용가능,36.68547,126.740149,ME,환경부,환경부,1661-9408,2,20250515161545,20250514132547,20250514140317,,,100,단독,44,44810,A0,A004,Y,,N,,N,,N,2018,충청남도
천안호두(부산) 휴게소,ME18A504,01,06,충청남도 천안시 동남구 수신면 성남로 793-40,null,null,24시간 이용가능,36.730579,127.262657,ME,환경부,환경부,1661-9408,2,20250515161311,20250515155312,20250515160229,,,100,단독,44,44130,C0,C001,Y,,N,,N,,N,2018,충청남도
칠갑산자연휴양림,ME18A506,01,06,충청남도 청양군 대치면 칠갑산로 668-103,null,null,24시간 이용가능,36.432352,126.844029,ME,환경부,환경부,1661-9408,2,20250515161338,20250515124130,20250515130449,,,100,단독,44,44790,D0,D001,Y,,N,,N,,N,2018,충청남도
롯데마트 당진점,ME18A507,01,06,충청남도 당진시 정안로 20,null,null,24시간 이용가능,36.9046158,126.6455854,ME,환경부,환경부,1661-9408,2,20250515161321,20250515143035,20250515151101,,,100,단독,44,44270,E0,E001,Y,,N,,N,,N,2018,충청남도
모종동 제1공영주차장,ME18A508,01,06,충청남도 아산시 모종동 562-4,null,null,24시간 이용가능,36.784045,127.013232,ME,환경부,환경부,1661-9408,2,20250515161136,20250515152521,20250515154106,,,100,단독,44,44200,B0,B001,N,,N,,N,,N,2018,충청남도
인주면 걸매리 제3공영주차장,ME18A509,01,06,충청남도 아산시 인주면 걸매리 1049,null,null,24시간 이용가능,36.872926,126.879815,ME,환경부,환경부,1661-9408,2,20250515161252,20250515145822,20250515153131,,,100,단독,44,44200,B0,B001,Y,,N,,N,,N,2018,충청남도
여객신터미널 주차장,ME18A601,11,04,충청남도 태안군 근흥면 신진도리 528,null,null,24시간 이용가능,36.678174,126.136886,ME,환경부,환경부,1661-9408,2,20250515161355,20250513055927,20250513060054,,,200,동시,44,44825,B0,B001,Y,,N,,N,,N,2018,충청남도
여객신터미널 주차장,ME18A601,12,04,충청남도 태안군 근흥면 신진도리 528,null,null,24시간 이용가능,36.678174,126.136886,ME,환경부,환경부,1661-9408,2,20250515161358,20250515062738,20250515064334,,,200,동시,44,44825,B0,B001,Y,,N,,N,,N,2018,충청남도
태안국립공원 몽산포 주차장,ME18A602,11,04,충청남도 태안군 남면 신장리 360,null,null,24시간 이용가능,36.672267,126.289719,ME,환경부,환경부,1661-9408,2,20250515161207,20250514144344,20250514150441,,,200,동시,44,44825,D0,D001,Y,,N,,N,,N,2018,충청남도
태안국립공원 몽산포 주차장,ME18A602,12,04,충청남도 태안군 남면 신장리 360,null,null,24시간 이용가능,36.672267,126.289719,ME,환경부,환경부,1661-9408,2,20250515161340,20250510085533,20250510094124,,,200,동시,44,44825,D0,D001,Y,,N,,N,,N,2018,충청남도
태안국민체육센터,ME18A603,11,04,충청남도 태안군 태안읍 동문리 9-7,null,null,24시간 이용가능,36.754625,126.311901,ME,환경부,환경부,1661-9408,2,20250515161109,20250515084716,20250515092842,,,200,동시,44,44825,J0,J004,Y,,N,,N,,N,2018,충청남도
태안국민체육센터,ME18A603,12,04,충청남도 태안군 태안읍 동문리 9-7,null,null,24시간 이용가능,36.754625,126.311901,ME,환경부,환경부,1661-9408,2,20250515161112,20250515090708,20250515094200,,,200,동시,44,44825,J0,J004,Y,,N,,N,,N,2018,충청남도
금마면 하나로마트,ME18A604,11,04,충청남도 홍성군 금마면 가산리 488,null,null,24시간 이용가능,36.626358,126.735388,ME,환경부,환경부,1661-9408,2,20250515161345,20250515153739,20250515155111,,,200,동시,44,44800,E0,E001,Y,,N,,N,,N,2018,충청남도
금마면 하나로마트,ME18A604,12,04,충청남도 홍성군 금마면 가산리 488,null,null,24시간 이용가능,36.626358,126.735388,ME,환경부,환경부,1661-9408,2,20250515161354,20250514164539,20250514172535,,,200,동시,44,44800,E0,E001,Y,,N,,N,,N,2018,충청남도
남당항 주차장,ME18A605,11,04,충청남도 홍성군 서부면 남당리 859-2,null,null,24시간 이용가능,36.539213,126.471536,ME,환경부,환경부,1661-9408,2,20250515161523,20250514182735,20250514191301,,,200,동시,44,44800,B0,B001,Y,,N,,N,,N,2018,충청남도
남당항 주차장,ME18A605,12,04,충청남도 홍성군 서부면 남당리 859-2,null,null,24시간 이용가능,36.539213,126.471536,ME,환경부,환경부,1661-9408,2,20250515161529,20250515150241,20250515153757,,,200,동시,44,44800,B0,B001,Y,,N,,N,,N,2018,충청남도
논산공고 앞 공용주차장,ME19C150,01,04,충청남도 논산시 취암동 822,null,null,24시간 이용가능,36.195389,127.087528,ME,환경부,환경부,1661-9408,2,20250515161406,20250515132117,20250515135748,,,100,단독,44,44230,B0,B001,Y,,N,,N,,N,2020,충청남도
선샤인랜드 앞 공용주차장,ME19C151,01,04,충청남도 논산시 연무읍 죽평리 331-41,null,null,24시간 이용가능,36.103139,127.106250,ME,환경부,환경부,1661-9408,2,20250515161131,20250515134724,20250515135655,,,100,단독,44,44230,B0,B001,Y,,N,,N,,N,2019,충청남도
국민연금공단 보령사옥,ME19C152,01,04,충청남도 보령시 동대동 576-1,null,null,24시간 이용가능,36.350944,126.610750,ME,환경부,환경부,1661-9408,2,20250515161230,20250515091604,20250515095908,,,100,단독,44,44180,A0,A003,Y,,N,,N,,N,2019,충청남도
국민건강보험공단 서천출장소,ME19C153,01,04,충청남도 서천군 서천읍 군사리 181-3,null,null,24시간 이용가능,36.074444,126.698056,ME,환경부,환경부,1661-9408,2,20250515161145,20250515111015,20250515112950,,,100,단독,44,44770,A0,A003,Y,,N,,N,,N,2019,충청남도
한국기술교육대학교(제1캠퍼스),ME19C155,01,04,충청남도 천안시 동남구 병천면 가전리 307,null,null,24시간 이용가능,36.760444,127.278278,ME,환경부,환경부,1661-9408,2,20250515161231,20250515145421,20250515150421,,,100,단독,44,44130,J0,J001,Y,,N,,N,,N,2019,충청남도
청수공원 주차장,ME19C156,11,04,충청남도 천안시 동남구 청수동 270,null,null,24시간 이용가능,36.787111,127.147194,ME,환경부,환경부,1661-9408,2,20250515161407,20250515142020,20250515143020,,,100,동시,44,44130,D0,D001,Y,,N,,N,,N,2019,충청남도
청수공원 주차장,ME19C156,12,04,충청남도 천안시 동남구 청수동 270,null,null,24시간 이용가능,36.787111,127.147194,ME,환경부,환경부,1661-9408,2,20250515161405,20250515135104,20250515142104,,,100,동시,44,44130,D0,D001,Y,,N,,N,,N,2019,충청남도
도솔공원,ME19C157,11,04,충청남도 천안시 동남구 신부동 132-8,null,null,24시간 이용가능,36.825001,127.159452,ME,환경부,환경부,1661-9408,2,20250515161231,20250515025053,20250515033357,,,100,동시,44,44130,D0,D001,Y,,N,,N,,N,2019,충청남도
도솔공원,ME19C157,12,04,충청남도 천안시 동남구 신부동 132-8,null,null,24시간 이용가능,36.825001,127.159452,ME,환경부,환경부,1661-9408,2,20250515161232,20250515072102,20250515080257,,,100,동시,44,44130,D0,D001,Y,,N,,N,,N,2019,충청남도
태안보건의료원 제2주차장,ME19C158,01,04,충청남도 태안군 태안읍 평천리 500-4,null,null,24시간 이용가능,36.752861,126.324528,ME,환경부,환경부,1661-9408,2,20250515161252,20250515122733,20250515122839,,,100,단독,44,44825,B0,B004,Y,,N,,N,,N,2019,충청남도
상월면사무소,ME19C163,01,04,충청남도 논산시 상월면 신충리 54-2,null,null,24시간 이용가능,36.295583,127.141472,ME,환경부,환경부,1661-9408,2,20250515161413,20250515110842,20250515114403,,,100,단독,44,44230,A0,A002,Y,,N,,N,,N,2019,충청남도
금산세계인삼엑스포,ME19C204,01,04,충청남도 금산군 금산읍 신대리 355,null,null,24시간 이용가능,36.097873,127.503598,ME,환경부,환경부,1661-9408,3,20250515161437,20250514142941,20250514144619,20250515161412,,100,단독,44,44710,A0,A004,Y,,N,,N,,N,2019,충청남도
금산세계인삼엑스포,ME19C204,02,04,충청남도 금산군 금산읍 신대리 355,null,null,24시간 이용가능,36.097873,127.503598,ME,환경부,환경부,1661-9408,2,20250515161535,20250514163500,20250514164157,,,100,단독,44,44710,A0,A004,Y,,N,,N,,N,2020,충청남도
신도안면사무소 주차장,ME19C233,21,04,충청남도 계룡시 신도안면 남선리 1233,null,null,24시간 이용가능,36.300306,127.242028,ME,환경부,환경부,1661-9408,2,20250515155005,20250514200700,20250514204706,,,200,동시,44,44250,A0,A002,Y,,N,,N,,N,2019,충청남도
신도안면사무소 주차장,ME19C233,22,04,충청남도 계룡시 신도안면 남선리 1233,null,null,24시간 이용가능,36.300306,127.242028,ME,환경부,환경부,1661-9408,2,20250515155818,20250515145708,20250515152746,,,200,동시,44,44250,A0,A002,Y,,N,,N,,N,2019,충청남도
의당면사무소,ME19C234,21,04,충청남도 공주시 의당면 청룡리 661-1,null,null,24시간 이용가능,36.499444,127.141694,ME,환경부,환경부,1661-9408,9,20250213154810,20250125111542,20250125113743,,,200,동시,44,44150,A0,A002,Y,,N,,N,,N,2019,충청남도
의당면사무소,ME19C234,22,04,충청남도 공주시 의당면 청룡리 661-1,null,null,24시간 이용가능,36.499444,127.141694,ME,환경부,환경부,1661-9408,9,20250213154810,20250122040745,20250122041955,,,200,동시,44,44150,A0,A002,Y,,N,,N,,N,2019,충청남도
유구읍 행정복지센터,ME19C235,21,04,충청남도 공주시 유구읍 석남리 388-2,null,null,24시간 이용가능,36.552194,126.950667,ME,환경부,환경부,1661-9408,2,20250515154958,20250514124032,20250514132038,,,200,동시,44,44150,A0,A002,Y,,N,,N,,N,2020,충청남도
유구읍 행정복지센터,ME19C235,22,04,충청남도 공주시 유구읍 석남리 388-2,null,null,24시간 이용가능,36.552194,126.950667,ME,환경부,환경부,1661-9408,2,20250515154958,20250511125246,20250511132204,,,200,동시,44,44150,A0,A002,Y,,N,,N,,N,2020,충청남도
주산면사무소 주차장,ME19C236,21,04,충청남도 보령시 주산면 야룡리 181-1 ,null,null,24시간 이용가능,36.198306,126.632250,ME,환경부,환경부,1661-9408,2,20250515160926,20250515121156,20250515123610,,,200,동시,44,44180,A0,A002,Y,,N,,N,,N,2019,충청남도
주산면사무소 주차장,ME19C236,22,04,충청남도 보령시 주산면 야룡리 181-1 ,null,null,24시간 이용가능,36.198306,126.632250,ME,환경부,환경부,1661-9408,2,20250515155011,20250514203813,20250514211819,,,200,동시,44,44180,A0,A002,Y,,N,,N,,N,2019,충청남도
청소농공단지,ME19C237,21,04,충청남도 보령시 청소면 장곡리 1175,null,null,24시간 이용가능,36.430889,126.583556,ME,환경부,환경부,1661-9408,2,20250515155007,20250509144530,20250509145548,,,200,동시,44,44180,A0,A004,Y,,N,,N,,N,2019,충청남도
청소농공단지,ME19C237,22,04,충청남도 보령시 청소면 장곡리 1175,null,null,24시간 이용가능,36.430889,126.583556,ME,환경부,환경부,1661-9408,2,20250515155007,20250514100137,20250514104225,,,200,동시,44,44180,A0,A004,Y,,N,,N,,N,2019,충청남도
임천면행정복지센터,ME19C238,21,04,충청남도 부여군 임천면 군사리 306-1,null,null,24시간 이용가능,36.190750,126.894333,ME,환경부,환경부,1661-9408,2,20250515160101,20250515125402,20250515132836,,,200,동시,44,44760,A0,A002,Y,,N,,N,,N,2020,충청남도
임천면행정복지센터,ME19C238,22,04,충청남도 부여군 임천면 군사리 306-1,null,null,24시간 이용가능,36.190750,126.894333,ME,환경부,환경부,1661-9408,2,20250515160429,20250513153802,20250513154213,,,200,동시,44,44760,A0,A002,Y,,N,,N,,N,2020,충청남도
대산지방해양수산청,ME19C239,21,04,충청남도 서산시 잠홍동 344,null,null,24시간 이용가능,36.791165,126.482727,ME,환경부,환경부,1661-9408,2,20250515155948,20250515080204,20250515080711,,,200,동시,44,44210,A0,A003,Y,,N,,N,,N,2019,충청남도
대산지방해양수산청,ME19C239,22,04,충청남도 서산시 잠홍동 344,null,null,24시간 이용가능,36.791165,126.482727,ME,환경부,환경부,1661-9408,2,20250515155948,20250515124819,20250515132825,,,200,동시,44,44210,A0,A003,Y,,N,,N,,N,2019,충청남도
신창역 공영주차장,ME19C241,21,04,충청남도 아산시 신창면 행목리 346-2,null,null,24시간 이용가능,36.770083,126.951333,ME,환경부,환경부,1661-9408,2,20250515154958,20250513210200,20250513211544,,,200,동시,44,44200,B0,B001,Y,,N,,N,,N,2019,충청남도
신창역 공영주차장,ME19C241,22,04,충청남도 아산시 신창면 행목리 346-2,null,null,24시간 이용가능,36.770083,126.951333,ME,환경부,환경부,1661-9408,2,20250515154829,20250515153628,20250515154830,,,200,동시,44,44200,B0,B001,Y,,N,,N,,N,2019,충청남도
인주면 걸매리 제1공영주차장,ME19C242,21,04,충청남도 아산시 인주면 걸매리 1004,null,null,24시간 이용가능,36.878250,126.869750,ME,환경부,환경부,1661-9408,2,20250515155338,20250515152124,20250515155336,,,200,동시,44,44200,B0,B001,Y,,N,,N,,N,2020,충청남도
인주면 걸매리 제1공영주차장,ME19C242,22,04,충청남도 아산시 인주면 걸매리 1004,null,null,24시간 이용가능,36.878250,126.869750,ME,환경부,환경부,1661-9408,2,20250515155653,20250515150656,20250515152623,,,200,동시,44,44200,B0,B001,Y,,N,,N,,N,2020,충청남도
아산테크노밸리 제2공영주차장 ,ME19C243,21,04,충청남도 아산시 둔포면 석곡리 1480,null,null,24시간 이용가능,36.923306,127.062778,ME,환경부,환경부,1661-9408,2,20250515154845,20250515140739,20250515144744,,,200,동시,44,44200,B0,B001,Y,,N,,N,,N,2019,충청남도
아산테크노밸리 제2공영주차장 ,ME19C243,22,04,충청남도 아산시 둔포면 석곡리 1480,null,null,24시간 이용가능,36.923306,127.062778,ME,환경부,환경부,1661-9408,3,20250515161558,20250515112404,20250515113928,20250515161150,,200,동시,44,44200,B0,B001,Y,,N,,N,,N,2019,충청남도
도고면사무소,ME19C244,21,04,충청남도 아산시 도고면 신언리 64-3,null,null,24시간 이용가능,36.757278,126.877861,ME,환경부,환경부,1661-9408,2,20250515154955,20250514221953,20250514223432,,,200,동시,44,44200,A0,A002,Y,,N,,N,,N,2019,충청남도
도고면사무소,ME19C244,22,04,충청남도 아산시 도고면 신언리 64-3,null,null,24시간 이용가능,36.757278,126.877861,ME,환경부,환경부,1661-9408,2,20250515160914,20250515153236,20250515160920,,,200,동시,44,44200,A0,A002,Y,,N,,N,,N,2019,충청남도
한국전기안전공사 충남중부지사,ME19C245,21,04,충청남도 예산군 오가면 좌방리 19-16,null,null,24시간 이용가능,36.686278,126.779278,ME,환경부,환경부,1661-9408,2,20250515155023,20250514093045,20250514095443,,,200,동시,44,44810,A0,A003,Y,,N,,N,,N,2019,충청남도
한국전기안전공사 충남중부지사,ME19C245,22,04,충청남도 예산군 오가면 좌방리 19-16,null,null,24시간 이용가능,36.686278,126.779278,ME,환경부,환경부,1661-9408,2,20250515155853,20250515125224,20250515125605,,,200,동시,44,44810,A0,A003,Y,,N,,N,,N,2019,충청남도
종합운동장,ME19C246,21,04,충청남도 예산군 예산읍 향천리 253-7,null,null,24시간 이용가능,36.678139,126.862028,ME,환경부,환경부,1661-9408,9,20250515160310,20250515142901,20250515143103,,,200,동시,44,44810,J0,J007,Y,,N,,N,,N,2019,충청남도
종합운동장,ME19C246,22,04,충청남도 예산군 예산읍 향천리 253-7,null,null,24시간 이용가능,36.678139,126.862028,ME,환경부,환경부,1661-9408,9,20250515154810,20250515144907,20250515151729,,,200,동시,44,44810,J0,J007,Y,,N,,N,,N,2019,충청남도
성거읍사무소,ME19C247,21,04,충청남도 천안시 서북구 성거읍 저리 57-26,null,null,24시간 이용가능,36.877667,127.198722,ME,환경부,환경부,1661-9408,2,20250515154655,20250515130449,20250515134454,,,200,동시,44,44130,A0,A002,Y,,N,,N,,N,2019,충청남도
성거읍사무소,ME19C247,22,04,충청남도 천안시 서북구 성거읍 저리 57-26,null,null,24시간 이용가능,36.877667,127.198722,ME,환경부,환경부,1661-9408,2,20250515160628,20250515133709,20250515140427,,,200,동시,44,44130,A0,A002,Y,,N,,N,,N,2019,충청남도
태안군농업기술센터,ME19C248,21,04,충청남도 태안군 태안읍 송암리 770-2,null,null,24시간 이용가능,36.733083,126.306000,ME,환경부,환경부,1661-9408,2,20250515155010,20250514100635,20250514104114,,,200,동시,44,44825,A0,A004,Y,,N,,N,,N,2019,충청남도
태안군농업기술센터,ME19C248,22,04,충청남도 태안군 태안읍 송암리 770-2,null,null,24시간 이용가능,36.733083,126.306000,ME,환경부,환경부,1661-9408,2,20250515155010,20250512111754,20250512112016,,,200,동시,44,44825,A0,A004,Y,,N,,N,,N,2019,충청남도
내포보부상촌,ME19C276,21,04,충청남도 예산군 덕산면 사동리 286,null,null,24시간 이용가능,36.691750,126.653194,ME,환경부,환경부,1661-9408,2,20250515155005,20250511153225,20250511160035,,,200,동시,44,44810,D0,D007,Y,,N,,N,,N,2019,충청남도
내포보부상촌,ME19C276,22,04,충청남도 예산군 덕산면 사동리 286,null,null,24시간 이용가능,36.691750,126.653194,ME,환경부,환경부,1661-9408,2,20250515155005,20250514105455,20250514112749,,,200,동시,44,44810,D0,D007,Y,,N,,N,,N,2019,충청남도
예산군문예회관,ME19C283,21,04,충청남도 예산군 예산읍 예산리 60-5,null,null,24시간 이용가능,36.685417,126.848694,ME,환경부,환경부,1661-9408,2,20250515155001,20250513161517,20250513163021,,,200,동시,44,44810,A0,A004,Y,,N,,N,,N,2020,충청남도
예산군문예회관,ME19C283,22,04,충청남도 예산군 예산읍 예산리 60-5,null,null,24시간 이용가능,36.685417,126.848694,ME,환경부,환경부,1661-9408,2,20250515155001,20250513131920,20250513132131,,,200,동시,44,44810,A0,A004,Y,,N,,N,,N,2020,충청남도
한국중부발전㈜ 본사,ME19C302,01,04,충청남도 보령시 대천동 460-137,null,null,24시간 이용가능,36.355778,126.589306,ME,환경부,환경부,1661-9408,2,20250515161536,20250515081702,20250515084528,,,100,단독,44,44180,A0,A003,Y,,N,,N,,N,2019,충청남도
한국중부발전㈜ 본사,ME19C302,21,04,충청남도 보령시 대천동 460-137,null,null,24시간 이용가능,36.355778,126.589306,ME,환경부,환경부,1661-9408,2,20250515154935,20250515130423,20250515131720,,,200,동시,44,44180,A0,A003,Y,,N,,N,,N,2020,충청남도
한국중부발전㈜ 본사,ME19C302,22,04,충청남도 보령시 대천동 460-137,null,null,24시간 이용가능,36.355778,126.589306,ME,환경부,환경부,1661-9408,2,20250515155001,20250514164305,20250514165157,,,200,동시,44,44180,A0,A003,Y,,N,,N,,N,2020,충청남도
보령시청 (정문) 주차장,ME19C405,21,04,충청남도 보령시 명천동 269-4,null,null,24시간 이용가능,36.332917,126.613500,ME,환경부,환경부,1661-9408,2,20250515155008,20250514171714,20250514171822,,,200,동시,44,44180,A0,A001,Y,,N,,N,,N,2020,충청남도
보령시청 (정문) 주차장,ME19C405,22,04,충청남도 보령시 명천동 269-4,null,null,24시간 이용가능,36.332917,126.613500,ME,환경부,환경부,1661-9408,3,20250515161500,20250513085503,20250513091841,20250515160049,,200,동시,44,44180,A0,A001,Y,,N,,N,,N,2020,충청남도
보령시청 (정문) 주차장,ME19C405,23,04,충청남도 보령시 명천동 269-4,null,null,24시간 이용가능,36.332917,126.613500,ME,환경부,환경부,1661-9408,2,20250515155008,20250514164628,20250514172634,,,200,동시,44,44180,A0,A001,Y,,N,,N,,N,2019,충청남도
보령시청 (정문) 주차장,ME19C405,24,04,충청남도 보령시 명천동 269-4,null,null,24시간 이용가능,36.332917,126.613500,ME,환경부,환경부,1661-9408,2,20250515155934,20250515142722,20250515145838,,,200,동시,44,44180,A0,A001,Y,,N,,N,,N,2019,충청남도
아산시농업기술센터,ME19D101,91,04,충청남도 아산시 염치읍 염성리 186-2,경상남도 진주시 문산읍 남해고속도로 195,null,24시간 이용가능,36.8155413,126.9761505,ME,환경부,환경부,1661-9408,2,20250515161151,20250515084225,20250515092446,,,100,단독,44,44200,A0,A003,Y,,N,,N,,Y,2019,충청남도
서산(목포) 휴게소,ME19D104,91,04,충청남도 서산시 해미면 서해안고속도로 241,null,null,24시간 이용가능,36.743812,126.565712,ME,환경부,환경부,1661-9408,2,20250515161238,20250514132309,20250514134648,,,100,단독,44,44210,C0,C001,Y,,N,,N,,Y,2019,충청남도
벌곡(논산) 휴게소,ME19D105,91,04,충청남도 논산시 벌곡면 호남지선고속도로 25,null,null,24시간 이용가능,36.21757282,127.273271922,ME,환경부,환경부,1661-9408,2,20250515161515,20250515120622,20250515123058,,,100,단독,44,44230,C0,C002,Y,,N,,N,,Y,2019,충청남도
국군대천콘도 1관,ME19D222,01,04,충청남도 보령시 갓바위 1길 10-30,충청남도 보령시 갓바위 1길 10-30,null,24시간 이용가능,36.3017718,126.5217462,ME,환경부,환경부,1661-9408,2,20250515161331,20250515111630,20250515111806,,,100,단독,44,44180,E0,E003,Y,,N,,N,,N,2019,충청남도
국군대천콘도 1관,ME19D222,91,04,충청남도 보령시 갓바위 1길 10-30,충청남도 보령시 갓바위 1길 10-30,null,24시간 이용가능,36.3017718,126.5217462,ME,환경부,환경부,1661-9408,2,20250515161403,20250515111319,20250515111513,,,100,단독,44,44180,E0,E003,Y,,N,,N,,Y,2021,충청남도
신정호수공원,ME19D232,01,04,충청남도 아산시 방축동 5,null,null,24시간 이용가능,36.77253457,126.98285656,ME,환경부,환경부,1661-9408,5,20250515161416,20250514064906,20250514065511,,,100,단독,44,44200,B0,B002,Y,,N,,N,,N,2019,충청남도
신정호수공원,ME19D232,91,04,충청남도 아산시 방축동 5,null,null,24시간 이용가능,36.77253457,126.98285656,ME,환경부,환경부,1661-9408,2,20250515161337,20250515134616,20250515140738,,,100,단독,44,44200,B0,B002,Y,,N,,N,,Y,2021,충청남도
탄천면사무소,ME19E171,01,04,충청남도 공주시 탄천면 삼각리 523-2,null,null,24시간 이용가능,36.330220349,127.02996281,ME,환경부,환경부,1661-9408,2,20250515161208,20250515121707,20250515125755,,,100,단독,44,44150,A0,A002,Y,,N,,N,,N,2019,충청남도
금산 인삼골 오토캠핑장,ME19E172,01,04,충청남도 금산군 제원면 용화리 215,충청남도 보령시 성주면 성주리 229-5,null,24시간 이용가능,36.089127,127.587709,ME,환경부,환경부,1661-9408,2,20250515161324,20250511093417,20250511101231,,,100,단독,44,44710,D0,D007,Y,,N,,N,,N,2019,충청남도
청소년 수련관 주차장,ME19E173,01,04,충청남도 보령시 성주면 성주리 229-5,null,null,24시간 이용가능,36.3273452,126.6527761,ME,환경부,환경부,1661-9408,2,20250515161351,20250514211144,20250514212853,,,100,단독,44,44180,I0,I007,Y,,N,,N,,N,2019,충청남도
충남정심원 정심실내수영장 주차장,ME19E174,01,04,충청남도 보령시 주교면 관창리 407-4,null,null,09:00~18:00,36.376872,126.584316,ME,환경부,환경부,1661-9408,2,20250515161220,20250513171810,20250513173126,,,100,단독,44,44180,J0,J002,Y,,N,,N,,N,2020,충청남도
무창포 제3공영주차장,ME19E175,01,04,충청남도 보령시 웅천읍 관당리 806-1,null,null,24시간 이용가능,36.242481,126.536719,ME,환경부,환경부,1661-9408,2,20250515161325,20250514172220,20250514180504,,,100,단독,44,44180,B0,B001,Y,,N,,N,,N,2020,충청남도
홍산면행정복지센터,ME19E176,01,04,충청남도 부여군 홍산면 북촌리188-7,null,null,24시간 이용가능,36.216059,126.759802,ME,환경부,환경부,1661-9408,2,20250515161544,20250514180708,20250514181810,,,100,단독,44,44760,A0,A002,Y,,N,,N,,N,2019,충청남도
외산면행정복지센터,ME19E177,01,04,충청남도 부여군 외산면 만수리 14-3,null,null,24시간 이용가능,36.3040469,126.7034209,ME,환경부,환경부,1661-9408,2,20250515161406,20250512115612,20250512123853,,,100,단독,44,44760,A0,A002,Y,,N,,N,,N,2020,충청남도
해미면 행정복지센터,ME19E178,01,04,충청남도 서산시 해미면 읍내리 353,null,null,24시간 이용가능,36.71382,126.544294,ME,환경부,환경부,1661-9408,2,20250515161349,20250514074610,20250514082844,,,100,단독,44,44210,A0,A002,Y,,N,,N,,N,2019,충청남도
신창면사무소,ME19E179,01,04,충청남도 아산시 신창면 오목리 2-1,null,null,24시간 이용가능,36.8034023,126.9358477,ME,환경부,환경부,1661-9408,2,20250515161429,20250515141614,20250515143015,,,100,단독,44,44200,A0,A002,Y,,N,,N,,N,2019,충청남도
고덕면행정복지센터,ME19E180,01,04,충청남도 예산군 고덕면 대천리 711,충청남도 예산군 대술면 화천리 873-1,null,24시간 이용가능,36.745014753,126.70221076,ME,환경부,환경부,1661-9408,3,20250515161110,20250514164405,20250514172653,20250515160044,,100,단독,44,44810,A0,A002,Y,,N,,N,,N,2019,충청남도
대술면행정복지센터,ME19E181,01,04,충청남도 예산군 대술면 화천리 873-1,null,null,24시간 이용가능,36.657413,126.892263,ME,환경부,환경부,1661-9408,2,20250515161436,20250515150620,20250515150946,,,100,단독,44,44810,A0,A002,Y,,N,,N,,N,2020,충청남도
황새공원,ME19E182,01,04,충청남도 예산군 광시면 대리 230,null,null,24시간 이용가능,36.544609,126.796359,ME,환경부,환경부,1661-9408,2,20250515161422,20250513160643,20250513162744,,,100,단독,44,44810,B0,B002,Y,,N,,N,,N,2019,충청남도
광시면 공영주차장,ME19E183,01,04,충청남도 예산군 광시면 광시리 77-3,충청남도 청양군 청양읍 군량리 533,null,24시간 이용가능,36.5502373,126.7744274,ME,환경부,환경부,1661-9408,2,20250515161532,20250514145142,20250514152728,,,100,단독,44,44810,B0,B001,Y,,N,,N,,N,2019,충청남도
고추문화마을,ME19E184,01,04,충청남도 청양군 청양읍 군량리 533,충청남도 태안군 소원면 신덕리 272,null,24시간 이용가능,36.441962123,126.77822108,ME,환경부,환경부,1661-9408,2,20250515161419,20250515131316,20250515135600,,,100,단독,44,44790,D0,D007,Y,,N,,N,,N,2019,충청남도
소원면사무소,ME19E185,01,04,충청남도 태안군 소원면 신덕리 272,null,null,24시간 이용가능,36.762519724,126.19692964,ME,환경부,환경부,1661-9408,2,20250515161133,20250514185720,20250514191845,,,100,단독,44,44825,A0,A002,Y,,N,,N,,N,2019,충청남도
태안로컬푸드사업단(직매장),ME19E186,01,04,충청남도 태안군 남면 당암리 529-1,null,null,24시간 이용가능,36.611732,126.315033,ME,환경부,환경부,1661-9408,2,20250515161244,20250515143419,20250515145900,,,100,단독,44,44825,E0,E001,Y,,N,,N,,N,2019,충청남도
한국서부발전 본사,ME19E401,41,04,충청남도 태안군 태안읍 평천리 1488,충청남도 태안군 태안읍 평천리 1488,null,24시간 이용가능,36.75257,126.317007,ME,환경부,환경부,1661-9408,2,20250515161506,20250515153503,20250515161506,,,100,단독,44,44825,A0,A003,Y,,N,,N,,N,2019,충청남도
한국서부발전 본사,ME19E401,42,04,충청남도 태안군 태안읍 평천리 1488,충청남도 태안군 태안읍 평천리 1488,null,24시간 이용가능,36.75257,126.317007,ME,환경부,환경부,1661-9408,2,20250515155019,20250515140918,20250515144924,,,100,단독,44,44825,A0,A003,Y,,N,,N,,N,2019,충청남도
한국서부발전 본사,ME19E401,43,04,충청남도 태안군 태안읍 평천리 1488,충청남도 태안군 태안읍 평천리 1488,null,24시간 이용가능,36.75257,126.317007,ME,환경부,환경부,1661-9408,2,20250515161003,20250515132800,20250515140806,,,100,단독,44,44825,A0,A003,Y,,N,,N,,N,2019,충청남도
한국서부발전 본사,ME19E401,44,04,충청남도 태안군 태안읍 평천리 1488,충청남도 태안군 태안읍 평천리 1488,null,24시간 이용가능,36.75257,126.317007,ME,환경부,환경부,1661-9408,2,20250515155131,20250515124549,20250515132010,,,100,단독,44,44825,A0,A003,Y,,N,,N,,N,2021,충청남도
아산시청(본청),ME19E402,41,04,충청남도 아산시 온천동 1880,충청남도 아산시 온천동 1880,null,24시간 이용가능,36.790391,127.004235,ME,환경부,환경부,1661-9408,2,20250515155609,20250515123040,20250515125322,,,100,단독,44,44200,A0,A001,Y,,N,,N,,N,2021,충청남도
아산시청(본청),ME19E402,42,04,충청남도 아산시 온천동 1880,충청남도 아산시 온천동 1880,null,24시간 이용가능,36.790391,127.004235,ME,환경부,환경부,1661-9408,2,20250515155023,20250514190234,20250514191416,,,100,단독,44,44200,A0,A001,Y,,N,,N,,N,2019,충청남도
아산시청(본청),ME19E402,43,04,충청남도 아산시 온천동 1880,충청남도 아산시 온천동 1880,null,24시간 이용가능,36.790391,127.004235,ME,환경부,환경부,1661-9408,2,20250515160554,20250515031434,20250515035437,,,100,단독,44,44200,A0,A001,Y,,N,,N,,N,2019,충청남도
아산시청(본청),ME19E402,44,04,충청남도 아산시 온천동 1880,충청남도 아산시 온천동 1880,null,24시간 이용가능,36.790391,127.004235,ME,환경부,환경부,1661-9408,2,20250515155009,20250512004539,20250512005928,,,100,단독,44,44200,A0,A001,Y,,N,,N,,N,2019,충청남도
온천동 제1공영주차장,ME19F119,01,04,충청남도 아산시 온천동 1926,null,null,24시간 이용가능,36.792866415734,126.99650154,ME,환경부,환경부,1661-9408,2,20250515155515,20250515141451,20250515145420,,,100,단독,44,44200,B0,B001,Y,,N,,N,,N,2021,충청남도
송악면사무소,ME19F125,01,04,충청남도 아산시 송악면 송악로 790,경상남도 사천시 용현면 시청로 77 (덕곡리 501),null,24시간 이용가능,36.7315461,127.0091834,ME,환경부,환경부,1661-9408,2,20250515155024,20250514173738,20250514180532,,,100,단독,44,44200,A0,A002,Y,,N,,N,,N,2021,충청남도
국민건강보험공단 예산지사,ME19F204,01,04,충청남도 예산군 예산읍 벚꽃로 242,null,null,24시간 이용가능,36.702211048,126.83867072,ME,환경부,환경부,1661-9408,2,20250515155009,20250513183040,20250513185109,,,100,단독,44,44810,A0,A003,Y,,N,,N,,N,2021,충청남도
국민건강보험공단 예산지사,ME19F204,02,04,충청남도 예산군 예산읍 벚꽃로 242,null,null,24시간 이용가능,36.702211048,126.83867072,ME,환경부,환경부,1661-9408,2,20250515155153,20250515151138,20250515155144,,,100,단독,44,44810,A0,A003,Y,,N,,N,,N,2021,충청남도
제2테크노밸리 공영주차장,ME19F266,01,04,충청남도 아산시 둔포면 석곡리 1949,null,null,24시간 이용가능,36.906938218,127.05648841,ME,환경부,환경부,1661-9408,2,20250515155010,20250514143617,20250514150112,,,100,단독,44,44200,B0,B001,Y,,N,,N,,N,2019,충청남도
제2테크노밸리 공영주차장,ME19F266,02,04,충청남도 아산시 둔포면 석곡리 1949,null,null,24시간 이용가능,36.906938218,127.05648841,ME,환경부,환경부,1661-9408,2,20250515154914,20250515110519,20250515114522,,,100,단독,44,44200,B0,B001,Y,,N,,N,,N,2021,충청남도
한국조폐공사 제지본부,ME19F303,01,04,충청남도 부여군 부여읍 염창리 131-2,충청남도 부여군 부여읍 염창리 131-2,null,09:00~19:00,36.266201723,126.96076661,ME,환경부,환경부,1661-9408,2,20250515155017,20250509165026,20250509170646,,,100,단독,44,44760,A0,A003,Y,,N,,N,,N,2021,충청남도
한국조폐공사 제지본부,ME19F303,02,04,충청남도 부여군 부여읍 염창리 131-2,충청남도 부여군 부여읍 염창리 131-2,null,09:00~19:00,36.266201723,126.96076661,ME,환경부,환경부,1661-9408,2,20250515155011,20250502093637,20250502093814,,,100,단독,44,44760,A0,A003,Y,,N,,N,,N,2021,충청남도
한국조폐공사 제지본부,ME19F303,03,04,충청남도 부여군 부여읍 염창리 131-2,충청남도 부여군 부여읍 염창리 131-2,null,09:00~19:00,36.266201723,126.96076661,ME,환경부,환경부,1661-9408,2,20250515155007,20250512115753,20250512123247,,,100,단독,44,44760,A0,A003,Y,,N,,N,,N,2021,충청남도
한국중부발전㈜ 에너지월드,ME19F406,01,04,충청남도 보령시 오천면 오천해안로 89-37,null,null,"월~토 부분개방(10:00~17:00) / 일, 공휴일 미개방",36.4028858,126.495998,ME,환경부,환경부,1661-9408,2,20250515155025,20250512145954,20250512154101,,,100,단독,44,44180,A0,A003,Y,,N,,N,,N,2021,충청남도
한국중부발전㈜ 에너지월드,ME19F406,02,04,충청남도 보령시 오천면 오천해안로 89-37,null,null,"월~토 부분개방(10:00~17:00) / 일, 공휴일 미개방",36.4028858,126.495998,ME,환경부,환경부,1661-9408,2,20250515155001,20250515064650,20250515071208,,,100,단독,44,44180,A0,A003,Y,,N,,N,,N,2021,충청남도
한국중부발전㈜ 에너지월드,ME19F406,03,04,충청남도 보령시 오천면 오천해안로 89-37,null,null,"월~토 부분개방(10:00~17:00) / 일, 공휴일 미개방",36.4028858,126.495998,ME,환경부,환경부,1661-9408,2,20250515155012,20250513225905,20250513233246,,,100,단독,44,44180,A0,A003,Y,,N,,N,,N,2019,충청남도
한국중부발전㈜ 에너지월드,ME19F406,04,04,충청남도 보령시 오천면 오천해안로 89-37,null,null,"월~토 부분개방(10:00~17:00) / 일, 공휴일 미개방",36.4028858,126.495998,ME,환경부,환경부,1661-9408,2,20250515154956,20250514073049,20250514074527,,,100,단독,44,44180,A0,A003,Y,,N,,N,,N,2019,충청남도
한국중부발전㈜ 신보령발전본부 옥외주차장,ME19F407,01,04,충청남도 보령시 주교면 송도길 201,충청남도 보령시 주교면 송도길 201,null,24시간 이용가능,36.3837392,126.4966293,ME,환경부,환경부,1661-9408,2,20250515155008,20250515083351,20250515091354,,,100,단독,44,44180,A0,A003,Y,,N,,N,,N,2019,충청남도
한국중부발전㈜ 신보령발전본부 옥외주차장,ME19F407,02,04,충청남도 보령시 주교면 송도길 201,충청남도 보령시 주교면 송도길 201,null,24시간 이용가능,36.3837392,126.4966293,ME,환경부,환경부,1661-9408,2,20250515155947,20250515104534,20250515112537,,,100,단독,44,44180,A0,A003,Y,,N,,N,,N,2019,충청남도
한국중부발전㈜ 신보령발전본부 옥외주차장,ME19F407,03,04,충청남도 보령시 주교면 송도길 201,충청남도 보령시 주교면 송도길 201,null,24시간 이용가능,36.3837392,126.4966293,ME,환경부,환경부,1661-9408,2,20250515154643,20250515103222,20250515111227,,,100,단독,44,44180,A0,A003,Y,,N,,N,,N,2019,충청남도
한국중부발전㈜ 신보령발전본부 옥외주차장,ME19F407,04,04,충청남도 보령시 주교면 송도길 201,충청남도 보령시 주교면 송도길 201,null,24시간 이용가능,36.3837392,126.4966293,ME,환경부,환경부,1661-9408,2,20250515155007,20250424113826,20250424114052,,,100,단독,44,44180,A0,A003,Y,,N,,N,,N,2019,충청남도
서산국민체육센터앞 주차장,ME19X401,41,04,충청남도 서산시 안견로,661,null,24시간 이용가능,36.797993,126.435995,ME,환경부,환경부,1661-9408,2,20250515161517,20250515100510,20250515104510,,,100,단독,44,44210,J0,J002,Y,,N,,N,,N,2019,충청남도
서산국민체육센터앞 주차장,ME19X401,42,04,충청남도 서산시 안견로,661,null,24시간 이용가능,36.797993,126.435995,ME,환경부,환경부,1661-9408,2,20250515161512,20250515152743,20250515155854,,,100,단독,44,44210,J0,J002,Y,,N,,N,,N,2020,충청남도
서산국민체육센터앞 주차장,ME19X401,43,04,충청남도 서산시 안견로,661,null,24시간 이용가능,36.797993,126.435995,ME,환경부,환경부,1661-9408,2,20250515161505,20250515084316,20250515084456,,,100,단독,44,44210,J0,J002,Y,,N,,N,,N,2019,충청남도
서산국민체육센터앞 주차장,ME19X401,44,04,충청남도 서산시 안견로,661,null,24시간 이용가능,36.797993,126.435995,ME,환경부,환경부,1661-9408,2,20250515161535,20250515145613,20250515152237,,,100,단독,44,44210,J0,J002,Y,,N,,N,,N,2019,충청남도
서산국민체육센터앞 주차장,ME19X401,45,04,충청남도 서산시 안견로,661,null,24시간 이용가능,36.797993,126.435995,ME,환경부,환경부,1661-9408,2,20250515161516,20250515084711,20250515084940,,,100,단독,44,44210,J0,J002,Y,,N,,N,,N,2019,충청남도
서산국민체육센터앞 주차장,ME19X401,46,04,충청남도 서산시 안견로,661,null,24시간 이용가능,36.797993,126.435995,ME,환경부,환경부,1661-9408,2,20250515161517,20250515090305,20250515090446,,,100,단독,44,44210,J0,J002,Y,,N,,N,,N,2019,충청남도
롯데마트 서산점 야외주차장,ME19X422,41,04,충청남도 서산시 충의로,27,null,10:00 ~ 23:00,36.773715,126.4388563,ME,환경부,환경부,1661-9408,2,20250515161505,20250515115822,20250515123822,,,100,단독,44,44210,E0,E001,Y,,N,,N,,N,2019,충청남도
롯데마트 서산점 야외주차장,ME19X422,42,04,충청남도 서산시 충의로,27,null,10:00 ~ 23:00,36.773715,126.4388563,ME,환경부,환경부,1661-9408,2,20250515161144,20250514152944,20250514160056,,,100,단독,44,44210,E0,E001,Y,,N,,N,,N,2019,충청남도
롯데마트 서산점 야외주차장,ME19X422,43,04,충청남도 서산시 충의로,27,null,10:00 ~ 23:00,36.773715,126.4388563,ME,환경부,환경부,1661-9408,2,20250515161401,20250430185557,20250430193158,,,100,단독,44,44210,E0,E001,Y,,N,,N,,N,2019,충청남도
롯데마트 서산점 야외주차장,ME19X422,44,04,충청남도 서산시 충의로,27,null,10:00 ~ 23:00,36.773715,126.4388563,ME,환경부,환경부,1661-9408,2,20250515161404,20250514130055,20250514133532,,,100,단독,44,44210,E0,E001,Y,,N,,N,,N,2019,충청남도
서산동부전통시장 공영주차장,ME19X431,41,04,충청남도 서산시 동문동 800번지,-,null,24시간 이용가능,36.7836689,126.4542631,ME,환경부,환경부,1661-9408,2,20250515161324,20250515135136,20250515142600,,,100,단독,44,44210,G0,G004,Y,,N,,N,,N,2019,충청남도
서산동부전통시장 공영주차장,ME19X431,42,04,충청남도 서산시 동문동 800번지,-,null,24시간 이용가능,36.7836689,126.4542631,ME,환경부,환경부,1661-9408,2,20250515161349,20250515105640,20250515113640,,,100,단독,44,44210,G0,G004,Y,,N,,N,,N,2019,충청남도
서산동부전통시장 공영주차장,ME19X431,43,04,충청남도 서산시 동문동 800번지,-,null,24시간 이용가능,36.7836689,126.4542631,ME,환경부,환경부,1661-9408,2,20250515161419,20250511161156,20250511164601,,,100,단독,44,44210,G0,G004,Y,,N,,N,,N,2019,충청남도
서산동부전통시장 공영주차장,ME19X431,44,04,충청남도 서산시 동문동 800번지,-,null,24시간 이용가능,36.7836689,126.4542631,ME,환경부,환경부,1661-9408,2,20250515161554,20250515070243,20250515072242,,,100,단독,44,44210,G0,G004,Y,,N,,N,,N,2020,충청남도
서산동부전통시장 공영주차장,ME19X431,45,04,충청남도 서산시 동문동 800번지,-,null,24시간 이용가능,36.7836689,126.4542631,ME,환경부,환경부,1661-9408,3,20250515161525,20250514192415,20250514195636,20250515160524,,100,단독,44,44210,G0,G004,Y,,N,,N,,N,2019,충청남도
삽교호 관광지 ,ME19X435,41,04,충청남도 당진시 신평면 운정리,263-3,null,24시간 이용가능,36.891651,126.820292,ME,환경부,환경부,1661-9408,2,20250515161548,20250512104706,20250512112706,,,100,단독,44,44270,D0,D007,Y,,N,,N,,N,2021,충청남도
삽교호 관광지 ,ME19X435,42,04,충청남도 당진시 신평면 운정리,263-3,null,24시간 이용가능,36.891651,126.820292,ME,환경부,환경부,1661-9408,2,20250515161556,20250515130123,20250515132237,,,100,단독,44,44270,D0,D007,Y,,N,,N,,N,2020,충청남도
삽교호 관광지 ,ME19X435,43,04,충청남도 당진시 신평면 운정리,263-3,null,24시간 이용가능,36.891651,126.820292,ME,환경부,환경부,1661-9408,2,20250515161127,20250511201720,20250511205408,,,100,단독,44,44270,D0,D007,Y,,N,,N,,N,2021,충청남도
삽교호 관광지 ,ME19X435,44,04,충청남도 당진시 신평면 운정리,263-3,null,24시간 이용가능,36.891651,126.820292,ME,환경부,환경부,1661-9408,2,20250515161607,20250513152302,20250513154952,,,100,단독,44,44270,D0,D007,Y,,N,,N,,N,2020,충청남도
당진종합운동장 제1주차장,ME19X436,41,04,충청남도 당진시 고대면 고대로,33,null,24시간 이용가능,36.921956,126.601100,ME,환경부,환경부,1661-9408,2,20250515161416,20250515081056,20250515085056,,,100,단독,44,44270,J0,J007,Y,,N,,N,,N,2021,충청남도
당진종합운동장 제1주차장,ME19X436,42,04,충청남도 당진시 고대면 고대로,33,null,24시간 이용가능,36.921956,126.601100,ME,환경부,환경부,1661-9408,2,20250515161419,20250515085149,20250515092232,,,100,단독,44,44270,J0,J007,Y,,N,,N,,N,2021,충청남도
당진종합운동장 제1주차장,ME19X436,43,04,충청남도 당진시 고대면 고대로,33,null,24시간 이용가능,36.921956,126.601100,ME,환경부,환경부,1661-9408,2,20250515161315,20250512173909,20250512181909,,,100,단독,44,44270,J0,J007,Y,,N,,N,,N,2019,충청남도
당진종합운동장 제1주차장,ME19X436,44,04,충청남도 당진시 고대면 고대로,33,null,24시간 이용가능,36.921956,126.601100,ME,환경부,환경부,1661-9408,2,20250515161421,20250514091610,20250514093821,,,100,단독,44,44270,J0,J007,Y,,N,,N,,N,2020,충청남도
당진종합운동장 제1주차장,ME19X436,45,04,충청남도 당진시 고대면 고대로,33,null,24시간 이용가능,36.921956,126.601100,ME,환경부,환경부,1661-9408,2,20250515161425,20250515132751,20250515140456,,,100,단독,44,44270,J0,J007,Y,,N,,N,,N,2021,충청남도
당진종합운동장 제1주차장,ME19X436,46,04,충청남도 당진시 고대면 고대로,33,null,24시간 이용가능,36.921956,126.601100,ME,환경부,환경부,1661-9408,2,20250515161537,20250514202832,20250514210832,,,100,단독,44,44270,J0,J007,Y,,N,,N,,N,2019,충청남도
당진종합운동장 제1주차장,ME19X436,47,04,충청남도 당진시 고대면 고대로,33,null,24시간 이용가능,36.921956,126.601100,ME,환경부,환경부,1661-9408,2,20250515161426,20250515124422,20250515131005,,,100,단독,44,44270,J0,J007,Y,,N,,N,,N,2021,충청남도
대천해수욕장 제3 공영주차장,ME19X446,41,04,충청남도 보령시 신흑동,"2285, 2286",null,24시간 이용가능,36.313093,126.514630,ME,환경부,환경부,1661-9408,2,20250515161418,20250515114621,20250515114826,,,100,단독,44,44180,D0,D007,Y,,N,,N,,N,2019,충청남도
대천해수욕장 제3 공영주차장,ME19X446,42,04,충청남도 보령시 신흑동,"2285, 2286",null,24시간 이용가능,36.313093,126.514630,ME,환경부,환경부,1661-9408,2,20250515161418,20250515114317,20250515114451,,,100,단독,44,44180,D0,D007,Y,,N,,N,,N,2019,충청남도
대천해수욕장 제3 공영주차장,ME19X446,43,04,충청남도 보령시 신흑동,"2285, 2286",null,24시간 이용가능,36.313093,126.514630,ME,환경부,환경부,1661-9408,2,20250515161154,20250515115924,20250515120108,,,100,단독,44,44180,D0,D007,Y,,N,,N,,N,2019,충청남도
대천해수욕장 제3 공영주차장,ME19X446,44,04,충청남도 보령시 신흑동,"2285, 2286",null,24시간 이용가능,36.313093,126.514630,ME,환경부,환경부,1661-9408,2,20250515161418,20250515120145,20250515120417,,,100,단독,44,44180,D0,D007,Y,,N,,N,,N,2019,충청남도
대천해수욕장 제3 공영주차장,ME19X446,45,04,충청남도 보령시 신흑동,"2285, 2286",null,24시간 이용가능,36.313093,126.514630,ME,환경부,환경부,1661-9408,2,20250515161417,20250514163536,20250514164948,,,100,단독,44,44180,D0,D007,Y,,N,,N,,N,2019,충청남도
대천해수욕장 제3 공영주차장,ME19X446,46,04,충청남도 보령시 신흑동,"2285, 2286",null,24시간 이용가능,36.313093,126.514630,ME,환경부,환경부,1661-9408,2,20250515161417,20250507122515,20250507124700,,,100,단독,44,44180,D0,D007,Y,,N,,N,,N,2019,충청남도
대천해수욕장 제3 공영주차장,ME19X446,47,04,충청남도 보령시 신흑동,"2285, 2286",null,24시간 이용가능,36.313093,126.514630,ME,환경부,환경부,1661-9408,2,20250515160932,20250514161710,20250514165710,,,100,단독,44,44180,D0,D007,Y,,N,,N,,N,2019,충청남도
탕정온샘도서관,ME19X802,80,04,충청남도 아산시 탕정면 한내로 ,209,null,24시간 이용가능,36.793252,127.053260,ME,환경부,환경부,1661-9408,2,20250515161400,20250515071306,20250515072010,,,100,단독,44,44200,I0,I005,Y,,N,,N,,N,2019,충청남도
탕정온샘도서관,ME19X802,81,04,충청남도 아산시 탕정면 한내로 ,209,null,24시간 이용가능,36.793252,127.053260,ME,환경부,환경부,1661-9408,3,20250515161606,20250515152108,20250515160108,20250515161107,,100,단독,44,44200,I0,I005,Y,,N,,N,,N,2019,충청남도
탕정온샘도서관,ME19X802,82,04,충청남도 아산시 탕정면 한내로 ,209,null,24시간 이용가능,36.793252,127.053260,ME,환경부,환경부,1661-9408,2,20250515161545,20250514170440,20250514170851,,,100,단독,44,44200,I0,I005,Y,,N,,N,,N,2019,충청남도
탕정온샘도서관,ME19X802,83,04,충청남도 아산시 탕정면 한내로 ,209,null,24시간 이용가능,36.793252,127.053260,ME,환경부,환경부,1661-9408,3,20250515161139,20250515151742,20250515154325,20250515154635,,100,단독,44,44200,I0,I005,Y,,N,,N,,N,2019,충청남도
탕정온샘도서관,ME19X802,84,04,충청남도 아산시 탕정면 한내로 ,209,null,24시간 이용가능,36.793252,127.053260,ME,환경부,환경부,1661-9408,5,20250515161121,20250506114606,20250506120834,,,100,단독,44,44200,I0,I005,Y,,N,,N,,N,2020,충청남도
탕정온샘도서관,ME19X802,85,04,충청남도 아산시 탕정면 한내로 ,209,null,24시간 이용가능,36.793252,127.053260,ME,환경부,환경부,1661-9408,2,20250515161112,20250515130138,20250515132459,,,100,단독,44,44200,I0,I005,Y,,N,,N,,N,2019,충청남도
탕정온샘도서관,ME19X802,86,04,충청남도 아산시 탕정면 한내로 ,209,null,24시간 이용가능,36.793252,127.053260,ME,환경부,환경부,1661-9408,3,20250515161353,20250515085216,20250515093106,20250515155352,,100,단독,44,44200,I0,I005,Y,,N,,N,,N,2020,충청남도
탕정온샘도서관,ME19X802,87,04,충청남도 아산시 탕정면 한내로 ,209,null,24시간 이용가능,36.793252,127.053260,ME,환경부,환경부,1661-9408,2,20250515161129,20250515150316,20250515151527,,,100,단독,44,44200,I0,I005,Y,,N,,N,,N,2019,충청남도
탕정온샘도서관,ME19X802,88,04,충청남도 아산시 탕정면 한내로 ,209,null,24시간 이용가능,36.793252,127.053260,ME,환경부,환경부,1661-9408,2,20250515161448,20250515125824,20250515131348,,,100,단독,44,44200,I0,I005,Y,,N,,N,,N,2021,충청남도
탕정온샘도서관,ME19X802,89,04,충청남도 아산시 탕정면 한내로 ,209,null,24시간 이용가능,36.793252,127.053260,ME,환경부,환경부,1661-9408,3,20250515161341,20250514183754,20250514191754,20250515154838,,100,단독,44,44200,I0,I005,Y,,N,,N,,N,2019,충청남도
현대제철문화센터,ME19Y241,21,04,충청남도 당진시 송산면 유곡3길 6,null,null,24시간 이용가능,36.9660147,126.6903790,ME,환경부,환경부,1661-9408,2,20250515161244,20250515085021,20250515093021,,,100,단독,44,44270,G0,G004,Y,,N,,N,,N,2019,충청남도
현대제철문화센터,ME19Y241,22,04,충청남도 당진시 송산면 유곡3길 6,null,null,24시간 이용가능,36.9660147,126.6903790,ME,환경부,환경부,1661-9408,2,20250515161245,20250515141327,20250515142153,,,100,단독,44,44270,G0,G004,Y,,N,,N,,N,2019,충청남도
수석동 행정복지센터,ME19Y242,21,04,충청남도 서산시 무석1로 2,null,null,24시간 이용가능,36.771207,126.467359,ME,환경부,환경부,1661-9408,2,20250515161347,20250513114742,20250513122108,,,100,단독,44,44210,A0,A002,Y,,N,,N,,N,2019,충청남도
수석동 행정복지센터,ME19Y242,22,04,충청남도 서산시 무석1로 2,null,null,24시간 이용가능,36.771207,126.467359,ME,환경부,환경부,1661-9408,2,20250515161348,20250515153447,20250515155053,,,100,단독,44,44210,A0,A002,Y,,N,,N,,N,2019,충청남도
마산면공용주차장,ME19Y243,21,04,충청남도 서천군 삼일로265번길 8,null,null,24시간 이용가능,36.117226,126.791423,ME,환경부,환경부,1661-9408,2,20250515161500,20250515100521,20250515104521,,,100,단독,44,44770,B0,B001,Y,,N,,N,,N,2019,충청남도
마산면공용주차장,ME19Y243,22,04,충청남도 서천군 삼일로265번길 8,null,null,24시간 이용가능,36.117226,126.791423,ME,환경부,환경부,1661-9408,2,20250515161500,20250514133112,20250514141112,,,100,단독,44,44770,B0,B001,Y,,N,,N,,N,2019,충청남도
아산시보건소,ME19Y244,21,04,충청남도 아산시 번영로224번길 20,null,null,24시간 이용가능,36.782764,127.014406,ME,환경부,환경부,1661-9408,2,20250515161113,20250515133022,20250515141022,,,100,단독,44,44200,A0,A003,Y,,N,,N,,N,2019,충청남도
아산시보건소,ME19Y244,22,04,충청남도 아산시 번영로224번길 20,null,null,24시간 이용가능,36.782764,127.014406,ME,환경부,환경부,1661-9408,2,20250515161113,20250515120237,20250515124103,,,100,단독,44,44200,A0,A003,Y,,N,,N,,N,2019,충청남도
병천면 행정복지센터,ME19Y245,21,04,충청남도 천안시 동남구 병천면 병천2로 57,null,null,24시간 이용가능,36.765921,127.302360,ME,환경부,환경부,1661-9408,2,20250515161426,20250515141426,20250515145426,,,100,단독,44,44130,A0,A002,Y,,N,,N,,N,2019,충청남도
병천면 행정복지센터,ME19Y245,22,04,충청남도 천안시 동남구 병천면 병천2로 57,null,null,24시간 이용가능,36.765921,127.302360,ME,환경부,환경부,1661-9408,2,20250515161426,20250515113413,20250515121413,,,100,단독,44,44130,A0,A002,Y,,N,,N,,N,2019,충청남도
성정동 공영주차장,ME19Y246,21,04,충청남도 천안시 서북구 동서대로 110-9,null,null,24시간 이용가능,36.824583906,127.13512747,ME,환경부,환경부,1661-9408,2,20250515161545,20250515142229,20250515143603,,,100,단독,44,44130,B0,B001,Y,,N,,N,,N,2019,충청남도
성정동 공영주차장,ME19Y246,22,04,충청남도 천안시 서북구 동서대로 110-9,null,null,24시간 이용가능,36.824583906,127.13512747,ME,환경부,환경부,1661-9408,2,20250515161545,20250515085839,20250515093839,,,100,단독,44,44130,B0,B001,Y,,N,,N,,N,2019,충청남도
아산현대서비스,ME19Y268,01,04,충청남도 아산시 온천대로 1790,null,null,24시간 이용가능,36.773384401,127.03521137,ME,환경부,환경부,1661-9408,2,20250515161356,20250515115641,20250515121927,,,100,단독,44,44200,F0,F002,Y,,N,,N,,N,2019,충청남도
아산현대서비스,ME19Y268,02,04,충청남도 아산시 온천대로 1790,null,null,24시간 이용가능,36.773384401,127.03521137,ME,환경부,환경부,1661-9408,2,20250515161432,20250515125052,20250515130758,,,100,단독,44,44200,F0,F002,Y,,N,,N,,N,2019,충청남도
논산농협 하나로마트,ME19Y272,01,04,충청남도 논산시 대학로 48,null,null,24시간 이용가능 / 토~일 미개방,36.1774328,127.1028277,ME,환경부,환경부,1661-9408,9,20250515160810,20250514093143,20250514093349,,,100,단독,44,44230,E0,E001,Y,,N,,N,,N,2019,충청남도
논산농협 하나로마트,ME19Y272,02,04,충청남도 논산시 대학로 48,null,null,24시간 이용가능 / 토~일 미개방,36.1774328,127.1028277,ME,환경부,환경부,1661-9408,2,20250515161251,20250515143055,20250515144918,,,100,단독,44,44230,E0,E001,Y,,N,,N,,N,2019,충청남도
논산문화원 옆 공용주차장,ME19Y273,01,04,충청남도 논산시 관촉로 113-16,null,null,24시간 이용가능,36.1981533,127.1073883,ME,환경부,환경부,1661-9408,2,20250515161610,20250515125447,20250515131324,,,100,단독,44,44230,B0,B001,Y,,N,,N,,N,2019,충청남도
논산문화원 옆 공용주차장,ME19Y273,02,04,충청남도 논산시 관촉로 113-16,null,null,24시간 이용가능,36.1981533,127.1073883,ME,환경부,환경부,1661-9408,2,20250515161529,20250514192315,20250514200541,,,100,단독,44,44230,B0,B001,Y,,N,,N,,N,2019,충청남도
빙그레 야외주차장,ME19Y274,01,04,충청남도 논산시 동안로 1407,null,null,24시간 이용가능,36.1374485,127.1488141,ME,환경부,환경부,1661-9408,2,20250515161316,20250509143930,20250509152137,,,100,단독,44,44230,H0,H003,Y,,N,,N,,N,2020,충청남도
빙그레 야외주차장,ME19Y274,02,04,충청남도 논산시 동안로 1407,null,null,24시간 이용가능,36.1374485,127.1488141,ME,환경부,환경부,1661-9408,2,20250515161315,20250424142434,20250424142953,,,100,단독,44,44230,H0,H003,Y,,N,,N,,N,2019,충청남도
삼선산수목원,ME19Y275,01,04,충청남도 당진시 삼선산수목원길 80-10,null,null,24시간 이용가능 / 토~일 미개방,36.909167,126.587224,ME,환경부,환경부,1661-9408,2,20250515161510,20250512182904,20250512191056,,,100,단독,44,44270,D0,D004,Y,,N,,N,,N,2019,충청남도
삼선산수목원,ME19Y275,02,04,충청남도 당진시 삼선산수목원길 80-10,null,null,24시간 이용가능 / 토~일 미개방,36.909167,126.587224,ME,환경부,환경부,1661-9408,2,20250515161520,20250514160250,20250514161603,,,100,단독,44,44270,D0,D004,Y,,N,,N,,N,2019,충청남도
환상의바다 리조트 주차장,ME19Y276,21,04,충청남도 보령시 대천항1길 67-5,null,null,24시간 이용가능,36.3240074,126.5073337,ME,환경부,환경부,1661-9408,2,20250515161121,20250515133124,20250515133304,,,100,단독,44,44180,E0,E003,Y,,N,,N,,N,2019,충청남도
환상의바다 리조트 주차장,ME19Y276,22,04,충청남도 보령시 대천항1길 67-5,null,null,24시간 이용가능,36.3240074,126.5073337,ME,환경부,환경부,1661-9408,2,20250515161121,20250515133417,20250515133557,,,100,단독,44,44180,E0,E003,Y,,N,,N,,N,2019,충청남도
대산도서관,ME19Y277,01,04,충청남도 서산시 대산읍 대산1로 78-22,null,null,24시간 이용가능 / 토~일 미개방,36.9401926,126.4394121,ME,환경부,환경부,1661-9408,2,20250515161543,20250515123936,20250515132220,,,100,단독,44,44210,A0,A004,Y,,N,,N,,N,2019,충청남도
대산도서관,ME19Y277,02,04,충청남도 서산시 대산읍 대산1로 78-22,null,null,24시간 이용가능 / 토~일 미개방,36.9401926,126.4394121,ME,환경부,환경부,1661-9408,2,20250515161559,20250515112915,20250515115510,,,100,단독,44,44210,A0,A004,Y,,N,,N,,N,2020,충청남도
대산읍 행정복지센터,ME19Y278,01,04,충청남도 서산시 대산읍 구진로 42-4,null,null,24시간 이용가능,36.939471,126.433953,ME,환경부,환경부,1661-9408,2,20250515161230,20250515150827,20250515151559,,,100,단독,44,44210,A0,A002,Y,,N,,N,,N,2019,충청남도
대산읍 행정복지센터,ME19Y278,02,04,충청남도 서산시 대산읍 구진로 42-4,null,null,24시간 이용가능,36.939471,126.433953,ME,환경부,환경부,1661-9408,2,20250515161222,20250515104931,20250515105141,,,100,단독,44,44210,A0,A002,Y,,N,,N,,N,2020,충청남도
열린성애병원,ME19Y279,01,04,충청남도 아산시 음봉로681번길 75,null,null,24시간 이용가능,36.838791,127.080400,ME,환경부,환경부,1661-9408,2,20250515161338,20250515110707,20250515112913,,,100,단독,44,44200,I0,I001,Y,,N,,N,,N,2019,충청남도
열린성애병원,ME19Y279,02,04,충청남도 아산시 음봉로681번길 75,null,null,24시간 이용가능,36.838791,127.080400,ME,환경부,환경부,1661-9408,2,20250515161334,20250515140038,20250515141809,,,100,단독,44,44200,I0,I001,Y,,N,,N,,N,2019,충청남도
고남패총박물관,ME19Y280,01,04,충청남도 태안군 고남면 안면대로 4270-6,null,null,24시간 이용가능,36.420659,126.410394,ME,환경부,환경부,1661-9408,2,20250515161513,20250515082501,20250515084627,,,100,단독,44,44825,D0,D008,Y,,N,,N,,N,2020,충청남도
고남패총박물관,ME19Y280,02,04,충청남도 태안군 고남면 안면대로 4270-6,null,null,24시간 이용가능,36.420659,126.410394,ME,환경부,환경부,1661-9408,2,20250515161144,20250514170824,20250514171422,,,100,단독,44,44825,D0,D008,Y,,N,,N,,N,2019,충청남도
안면읍 승언리 공영주차장,ME19Y281,01,04,충청남도 태안군 구억말길 8,null,null,24시간 이용가능,36.516803,126.347394,ME,환경부,환경부,1661-9408,2,20250515161533,20250515050820,20250515051854,,,100,단독,44,44825,B0,B001,Y,,N,,N,,N,2020,충청남도
안면읍 승언리 공영주차장,ME19Y281,02,04,충청남도 태안군 구억말길 8,null,null,24시간 이용가능,36.516803,126.347394,ME,환경부,환경부,1661-9408,9,20250514103810,20250509182452,20250509185750,,,100,단독,44,44825,B0,B001,Y,,N,,N,,N,2019,충청남도
천안시종합복지사회복지관,ME19Y289,21,04,충청남도 천안시 동남구 천안대로 361,null,null,24시간 이용가능 / 토~일 미개방,36.7805357,127.1650371,ME,환경부,환경부,1661-9408,2,20250515161138,20250514143546,20250514145326,,,100,단독,44,44130,I0,I006,Y,,N,,N,,N,2019,충청남도
천안시종합복지사회복지관,ME19Y289,22,04,충청남도 천안시 동남구 천안대로 361,null,null,24시간 이용가능 / 토~일 미개방,36.7805357,127.1650371,ME,환경부,환경부,1661-9408,2,20250515161138,20250515144041,20250515152041,,,100,단독,44,44130,I0,I006,Y,,N,,N,,N,2019,충청남도
공주기적의도서관,ME19Y290,21,04,충청남도 공주시 무령로 550-53,null,null,24시간 이용가능 / 토~일 미개방,36.4732855,127.1528656,ME,환경부,환경부,1661-9408,2,20250515161207,20250514215624,20250514223624,,,200,동시,44,44150,I0,I005,Y,,N,,N,,N,2019,충청남도
공주기적의도서관,ME19Y290,22,04,충청남도 공주시 무령로 550-53,null,null,24시간 이용가능 / 토~일 미개방,36.4732855,127.1528656,ME,환경부,환경부,1661-9408,2,20250515161207,20250513162044,20250513170044,,,200,동시,44,44150,I0,I005,Y,,N,,N,,N,2019,충청남도
유구읍 공영주차장1,ME19Y291,21,04,충청남도 공주시 중앙2길 88,null,null,24시간 이용가능,36.5527510,126.9526481,ME,환경부,환경부,1661-9408,2,20250515161221,20250514120126,20250514122443,,,100,단독,44,44150,B0,B001,Y,,N,,N,,N,2020,충청남도
유구읍 공영주차장1,ME19Y291,22,04,충청남도 공주시 중앙2길 88,null,null,24시간 이용가능,36.5527510,126.9526481,ME,환경부,환경부,1661-9408,2,20250515161221,20250514122039,20250514123840,,,100,단독,44,44150,B0,B001,Y,,N,,N,,N,2020,충청남도
유구읍 공영주차장2,ME19Y292,01,04,충청남도 공주시 중앙2길 88,null,null,24시간 이용가능,36.5505567,126.9534705,ME,환경부,환경부,1661-9408,2,20250515161316,20250514103201,20250514111418,,,100,단독,44,44150,B0,B001,Y,,N,,N,,N,2019,충청남도
유구읍 공영주차장2,ME19Y292,02,04,충청남도 공주시 중앙2길 88,null,null,24시간 이용가능,36.5505567,126.9534705,ME,환경부,환경부,1661-9408,2,20250515161356,20250515130128,20250515134358,,,100,단독,44,44150,B0,B001,Y,,N,,N,,N,2019,충청남도
성주면 보건지소 뒤 주차장,ME19Y293,21,04,충청남도 보령시 성주면 심원계곡로 6-21,null,null,24시간 이용가능,36.335386,126.651396,ME,환경부,환경부,1661-9408,9,20250507111310,20250401114444,20250401122444,,,100,단독,44,44180,B0,B001,Y,,N,,N,,N,2019,충청남도
성주면 보건지소 뒤 주차장,ME19Y293,22,04,충청남도 보령시 성주면 심원계곡로 6-21,null,null,24시간 이용가능,36.335386,126.651396,ME,환경부,환경부,1661-9408,9,20250507111310,20250402130757,20250402134243,,,100,단독,44,44180,B0,B001,Y,,N,,N,,N,2019,충청남도
미산면사무소,ME19Y294,01,04,충청남도 보령시 내평봉성길 5,null,null,24시간 이용가능,36.210281,126.675983,ME,환경부,환경부,1661-9408,2,20250515161238,20250514103030,20250514103221,,,100,단독,44,44180,A0,A002,Y,,N,,N,,N,2020,충청남도
미산면사무소,ME19Y294,02,04,충청남도 보령시 내평봉성길 5,null,null,24시간 이용가능,36.210281,126.675983,ME,환경부,환경부,1661-9408,2,20250515161231,20250514102750,20250514102930,,,100,단독,44,44180,A0,A002,Y,,N,,N,,N,2019,충청남도
웅천복지회관,ME19Y295,01,04,충청남도 보령시 웅천읍 장터2길 15,null,null,24시간 이용가능,36.232605,126.601618,ME,환경부,환경부,1661-9408,9,20250515111310,20250514181928,20250514190202,,,100,단독,44,44180,I0,I006,Y,,N,,N,,N,2019,충청남도
웅천복지회관,ME19Y295,02,04,충청남도 보령시 웅천읍 장터2길 15,null,null,24시간 이용가능,36.232605,126.601618,ME,환경부,환경부,1661-9408,9,20250515095310,20250514120021,20250514120202,20250515085344,,100,단독,44,44180,I0,I006,Y,,N,,N,,N,2020,충청남도
관창일반산업단지 근로자 복지센터,ME19Y296,21,04,충청남도 보령시 관창공단길 229,null,null,24시간 이용가능,36.382278,126.578562,ME,환경부,환경부,1661-9408,2,20250515161150,20250513124332,20250513130230,,,100,단독,44,44180,I0,I006,Y,,N,,N,,N,2019,충청남도
관창일반산업단지 근로자 복지센터,ME19Y296,22,04,충청남도 보령시 관창공단길 229,null,null,24시간 이용가능,36.382278,126.578562,ME,환경부,환경부,1661-9408,2,20250515161150,20250514124224,20250514132224,,,100,단독,44,44180,I0,I006,Y,,N,,N,,N,2019,충청남도
대천3동사무소,ME19Y297,01,04,충청남도 보령시 대청로 167,null,null,24시간 이용가능 / 토~일 미개방,36.3562588,126.6116709,ME,환경부,환경부,1661-9408,2,20250515161142,20250515124542,20250515132753,,,100,단독,44,44180,A0,A002,Y,,N,,N,,N,2019,충청남도
대천3동사무소,ME19Y297,02,04,충청남도 보령시 대청로 167,null,null,24시간 이용가능 / 토~일 미개방,36.3562588,126.6116709,ME,환경부,환경부,1661-9408,2,20250515161550,20250514165212,20250514171414,,,100,단독,44,44180,A0,A002,Y,,N,,N,,N,2019,충청남도
구시주차장,ME19Y298,01,04,충청남도 보령시 구시1길 10,null,null,24시간 이용가능,36.348092,126.592994,ME,환경부,환경부,1661-9408,2,20250515161518,20250515050031,20250515051047,,,100,단독,44,44180,B0,B001,Y,,N,,N,,N,2019,충청남도
구시주차장,ME19Y298,02,04,충청남도 보령시 구시1길 10,null,null,24시간 이용가능,36.348092,126.592994,ME,환경부,환경부,1661-9408,2,20250515161522,20250515110458,20250515112432,,,100,단독,44,44180,B0,B001,Y,,N,,N,,N,2019,충청남도
외암마을 주차장,ME19Y299,21,04,충청남도 아산시 강당로 21,null,null,24시간 이용가능,36.7311737,127.0121650,ME,환경부,환경부,1661-9408,2,20250515161506,20250512192747,20250512200747,,,100,단독,44,44200,B0,B001,Y,,N,,N,,N,2019,충청남도
외암마을 주차장,ME19Y299,22,04,충청남도 아산시 강당로 21,null,null,24시간 이용가능,36.7311737,127.0121650,ME,환경부,환경부,1661-9408,2,20250515161506,20250514143632,20250514143824,,,100,단독,44,44200,B0,B001,Y,,N,,N,,N,2020,충청남도
충청남도의회주차장,ME19Y302,01,04,충청남도 예산군 삽교읍 도청대로 600,null,null,24시간 이용가능,36.660767,126.674198,ME,환경부,환경부,1661-9408,2,20250515161354,20250514175424,20250514183146,,,100,단독,44,44810,A0,A004,Y,,N,,N,,N,2020,충청남도
충청남도의회주차장,ME19Y302,21,04,충청남도 예산군 삽교읍 도청대로 600,null,null,24시간 이용가능,36.660767,126.674198,ME,환경부,환경부,1661-9408,2,20250515161320,20250514183240,20250514190339,,,100,단독,44,44810,A0,A004,Y,,N,,N,,N,2019,충청남도
충청남도의회주차장,ME19Y302,22,04,충청남도 예산군 삽교읍 도청대로 600,null,null,24시간 이용가능,36.660767,126.674198,ME,환경부,환경부,1661-9408,2,20250515161320,20250514100509,20250514104405,,,100,단독,44,44810,A0,A004,Y,,N,,N,,N,2019,충청남도
농업기술센터 공영주차장,ME19Y404,21,04,충청남도 공주시 우성면 내산목천길 52-15,null,null,24시간 이용가능 / 토~일 미개방,36.4937317,127.0973942,ME,환경부,환경부,1661-9408,2,20250515161255,20250513180428,20250513184428,,,100,단독,44,44150,B0,B001,Y,,N,,N,,N,2019,충청남도
농업기술센터 공영주차장,ME19Y404,22,04,충청남도 공주시 우성면 내산목천길 52-15,null,null,24시간 이용가능 / 토~일 미개방,36.4937317,127.0973942,ME,환경부,환경부,1661-9408,2,20250515161255,20250430140354,20250430142015,,,100,단독,44,44150,B0,B001,Y,,N,,N,,N,2019,충청남도
농업기술센터 공영주차장,ME19Y404,23,04,충청남도 공주시 우성면 내산목천길 52-15,null,null,24시간 이용가능 / 토~일 미개방,36.4937317,127.0973942,ME,환경부,환경부,1661-9408,2,20250515161251,20250514203236,20250514204421,,,100,단독,44,44150,B0,B001,Y,,N,,N,,N,2019,충청남도
농업기술센터 공영주차장,ME19Y404,24,04,충청남도 공주시 우성면 내산목천길 52-15,null,null,24시간 이용가능 / 토~일 미개방,36.4937317,127.0973942,ME,환경부,환경부,1661-9408,2,20250515161252,20250501141557,20250501143934,,,100,단독,44,44150,B0,B001,Y,,N,,N,,N,2019,충청남도
저잣거리 주차장,ME19Z201,21,04,충청남도 아산시 외암로 1030-14,null,null,24시간 이용가능,36.7285040,127.0129787,ME,환경부,환경부,1661-9408,2,20250515161159,20250515144133,20250515145449,,,100,단독,44,44200,B0,B001,Y,,N,,N,,N,2020,충청남도
저잣거리 주차장,ME19Z201,22,04,충청남도 아산시 외암로 1030-14,null,null,24시간 이용가능,36.7285040,127.0129787,ME,환경부,환경부,1661-9408,2,20250515161159,20250513123035,20250513124019,,,100,단독,44,44200,B0,B001,Y,,N,,N,,N,2020,충청남도
예산군 노인종합복지관 (현재: 예산군 사랑채),ME19Z202,21,04,충청남도 예산군 예산읍 벚꽃로155번길 10,null,null,24시간 이용가능,36.694550,126.835438,ME,환경부,환경부,1661-9408,2,20250515161410,20250515141841,20250515144409,,,100,단독,44,44810,I0,I006,Y,,N,,N,,N,2020,충청남도
예산군 노인종합복지관 (현재: 예산군 사랑채),ME19Z202,22,04,충청남도 예산군 예산읍 벚꽃로155번길 10,null,null,24시간 이용가능,36.694550,126.835438,ME,환경부,환경부,1661-9408,2,20250515161410,20250515145221,20250515153221,,,100,단독,44,44810,I0,I006,Y,,N,,N,,N,2020,충청남도
예산일반산업단지,ME19Z203,01,04,충청남도 예산군 삽교읍 산단2길 76-18,null,null,24시간 이용가능,36.670890482,126.75124704,ME,환경부,환경부,1661-9408,2,20250515161412,20250515150827,20250515151406,,,100,단독,44,44810,G0,G004,Y,,N,,N,,N,2019,충청남도
예산일반산업단지,ME19Z203,02,04,충청남도 예산군 삽교읍 산단2길 76-18,null,null,24시간 이용가능,36.670890482,126.75124704,ME,환경부,환경부,1661-9408,2,20250515161350,20250515113520,20250515120609,,,100,단독,44,44810,G0,G004,Y,,N,,N,,N,2020,충청남도
덕산면 공영주차장,ME19Z204,01,04,충청남도 예산군 덕산면 덕산온천로 422-3,null,null,24시간 이용가능,36.703663,126.667724,ME,환경부,환경부,1661-9408,2,20250515161508,20250514111228,20250514115452,,,100,단독,44,44810,B0,B001,Y,,N,,N,,N,2019,충청남도
덕산면 공영주차장,ME19Z204,02,04,충청남도 예산군 덕산면 덕산온천로 422-3,null,null,24시간 이용가능,36.703663,126.667724,ME,환경부,환경부,1661-9408,2,20250515161508,20250515104802,20250515113035,,,100,단독,44,44810,B0,B001,Y,,N,,N,,N,2020,충청남도
신례원 공영주차장,ME19Z205,01,04,충청남도 예산군 신례원로 216,null,null,24시간 이용가능,36.727420,126.846370,ME,환경부,환경부,1661-9408,2,20250515161557,20250514205507,20250514211721,,,100,단독,44,44810,B0,B001,Y,,N,,N,,N,2019,충청남도
신례원 공영주차장,ME19Z205,02,04,충청남도 예산군 신례원로 216,null,null,24시간 이용가능,36.727420,126.846370,ME,환경부,환경부,1661-9408,2,20250515161545,20250515122934,20250515123126,,,100,단독,44,44810,B0,B001,Y,,N,,N,,N,2020,충청남도
수덕사,ME19Z206,21,04,충청남도 예산군 덕산면 수덕사안길 79,null,null,부지사정에 따름,36.656534,126.6201529,ME,환경부,환경부,1661-9408,2,20250515161117,20250512132808,20250512140808,,,100,단독,44,44810,I0,I002,N,,N,,N,,N,2019,충청남도
수덕사,ME19Z206,22,04,충청남도 예산군 덕산면 수덕사안길 79,null,null,부지사정에 따름,36.656534,126.6201529,ME,환경부,환경부,1661-9408,2,20250515161117,20250513162549,20250513170358,,,100,단독,44,44810,I0,I002,N,,N,,N,,N,2019,충청남도
이원면 면사무소,ME19Z207,21,04,충청남도 태안군 이원면 분지길 14,null,null,24시간 이용가능,36.869725,126.280576,ME,환경부,환경부,1661-9408,2,20250515161147,20250512150648,20250512153152,,,100,단독,44,44825,A0,A002,Y,,N,,N,,N,2019,충청남도
이원면 면사무소,ME19Z207,22,04,충청남도 태안군 이원면 분지길 14,null,null,24시간 이용가능,36.869725,126.280576,ME,환경부,환경부,1661-9408,2,20250515161147,20250514151941,20250514154325,,,100,단독,44,44825,A0,A002,Y,,N,,N,,N,2019,충청남도
신두리사구센터,ME19Z208,01,04,충청남도 태안군 신두해변길 201-49,null,null,24시간 이용가능,36.842921689,126.19330086,ME,환경부,환경부,1661-9408,2,20250515161306,20250513092327,20250513095111,,,100,단독,44,44825,G0,G004,Y,,N,,N,,N,2020,충청남도
신두리사구센터,ME19Z208,02,04,충청남도 태안군 신두해변길 201-49,null,null,24시간 이용가능,36.842921689,126.19330086,ME,환경부,환경부,1661-9408,2,20250515161330,20250514110920,20250514113612,,,100,단독,44,44825,G0,G004,Y,,N,,N,,N,2020,충청남도
남면 당암포구,ME19Z209,21,04,충청남도 태안군 남면 당암리 1-64,null,null,24시간 이용가능,36.621620,126.355253,ME,환경부,환경부,1661-9408,2,20250515161216,20250514151834,20250514152456,,,100,단독,44,44825,G0,G004,Y,,N,,N,,N,2019,충청남도
남면 당암포구,ME19Z209,22,04,충청남도 태안군 남면 당암리 1-64,null,null,24시간 이용가능,36.621620,126.355253,ME,환경부,환경부,1661-9408,2,20250515161216,20250513231321,20250513234750,,,100,단독,44,44825,G0,G004,Y,,N,,N,,N,2019,충청남도
이마트 천안서북점,ME19Z215,21,04,충청남도 천안시 서북구 삼성대로 20,null,null,09:30~23:00,36.838689,127.121925,ME,환경부,환경부,1661-9408,2,20250515161322,20250515135352,20250515143352,,,100,단독,44,44130,E0,E001,Y,,N,,N,,N,2019,충청남도
이마트 천안서북점,ME19Z215,22,04,충청남도 천안시 서북구 삼성대로 20,null,null,09:30~23:00,36.838689,127.121925,ME,환경부,환경부,1661-9408,2,20250515161322,20250515141643,20250515142232,,,100,단독,44,44130,E0,E001,Y,,N,,N,,N,2019,충청남도
이마트 천안점,ME19Z216,21,04,충청남도 천안시 서북구 충무로 187,null,null,09:30~23:00,36.795809,127.126998,ME,환경부,환경부,1661-9408,2,20250515161559,20250515114255,20250515122255,,,100,단독,44,44130,E0,E001,N,,N,,N,,N,2020,충청남도
이마트 천안점,ME19Z216,22,04,충청남도 천안시 서북구 충무로 187,null,null,09:30~23:00,36.795809,127.126998,ME,환경부,환경부,1661-9408,2,20250515161600,20250510191359,20250510195359,,,100,단독,44,44130,E0,E001,N,,N,,N,,N,2020,충청남도
합덕수리민속박물관,ME20C198,01,04,충청남도 당진시 합덕읍 덕평로 379-9,null,null,24시간 이용가능,36.7939194,126.7834256,ME,환경부,환경부,1661-9408,2,20250515161442,20250514125631,20250514133522,,,100,단독,44,44270,D0,D008,Y,,N,,N,,N,2021,충청남도
병천 제1공영주차장,ME20C199,01,04,충청남도 천안시 동남구 병천리 211-1,null,null,24시간 이용가능,36.7594717,127.2990732,ME,환경부,환경부,1661-9408,2,20250515161405,20250515131341,20250515135341,,,100,단독,44,44130,B0,B001,Y,,N,,N,,N,2021,충청남도
신관동 공영주차장,ME20C298,01,04,충청남도 공주시 신관동 4,null,null,24시간 이용가능,36.4750716,127.1461614,ME,환경부,환경부,1661-9408,2,20250515161350,20250512204455,20250512212455,,,100,단독,44,44150,B0,B001,Y,,N,,N,,N,2021,충청남도
신관동 공영주차장,ME20C298,02,04,충청남도 공주시 신관동 4,null,null,24시간 이용가능,36.4750716,127.1461614,ME,환경부,환경부,1661-9408,2,20250515161346,20250514172501,20250514175355,,,100,단독,44,44150,B0,B001,Y,,N,,N,,N,2020,충청남도
금강대학교,ME20C299,21,04,충청남도 논산시 상월면 상월로 522,null,null,24시간 이용가능,36.3064,127.1964,ME,환경부,환경부,1661-9408,2,20250515161246,20250508173131,20250508174224,,,200,동시,44,44230,J0,J001,Y,,N,,N,,N,2021,충청남도
금강대학교,ME20C299,22,04,충청남도 논산시 상월면 상월로 522,null,null,24시간 이용가능,36.3064,127.1964,ME,환경부,환경부,1661-9408,2,20250515161246,20250515144706,20250515152706,,,200,동시,44,44230,J0,J001,Y,,N,,N,,N,2021,충청남도
한국도로공사 당진지사,ME20C2a0,21,04,충청남도 당진시 송악읍 반촌로 236,null,null,24시간 이용가능,36.89811150,126.70337680,ME,환경부,환경부,1661-9408,2,20250515161509,20250513192334,20250513195032,,,200,동시,44,44270,A0,A003,Y,,N,,N,,N,2021,충청남도
한국도로공사 당진지사,ME20C2a0,22,04,충청남도 당진시 송악읍 반촌로 236,null,null,24시간 이용가능,36.89811150,126.70337680,ME,환경부,환경부,1661-9408,2,20250515161509,20250515131208,20250515132639,,,200,동시,44,44270,A0,A003,Y,,N,,N,,N,2021,충청남도
충청권 대기환경연구소,ME20C2a1,01,04,충청남도 서산시 수석1길 124-1,null,null,09:00~18:00,36.7767933,126.49382,ME,환경부,환경부,1661-9408,2,20250515161520,20250422122541,20250422122747,,,100,단독,44,44210,A0,A003,Y,,N,,N,,N,2021,충청남도
충청권 대기환경연구소,ME20C2a1,02,04,충청남도 서산시 수석1길 124-1,null,null,09:00~18:00,36.7767933,126.49382,ME,환경부,환경부,1661-9408,2,20250515161521,20250513134917,20250513140357,,,100,단독,44,44210,A0,A003,Y,,N,,N,,N,2021,충청남도
아산 장애인 국민체육센터,ME20C2a2,21,04,충청남도 아산시 곡교천로 27번길 33,null,null,24시간 이용가능,36.78853730,126.98158640,ME,환경부,환경부,1661-9408,2,20250515161209,20250514144117,20250514151907,,,200,동시,44,44200,A0,A004,Y,,N,,N,,N,2020,충청남도
아산 장애인 국민체육센터,ME20C2a2,22,04,충청남도 아산시 곡교천로 27번길 33,null,null,24시간 이용가능,36.78853730,126.98158640,ME,환경부,환경부,1661-9408,2,20250515161210,20250514144424,20250514144624,,,200,동시,44,44200,A0,A004,Y,,N,,N,,N,2020,충청남도
아산시 국민체육센터 ,ME20C2a3,21,04,충청남도 아산시 모종북로 76번길 62,null,null,24시간 이용가능,36.78925530,127.02785040,ME,환경부,환경부,1661-9408,2,20250515161424,20250514180722,20250514182912,,,200,동시,44,44200,A0,A004,Y,,N,,N,,N,2021,충청남도
아산시 국민체육센터 ,ME20C2a3,22,04,충청남도 아산시 모종북로 76번길 62,null,null,24시간 이용가능,36.78925530,127.02785040,ME,환경부,환경부,1661-9408,2,20250515161424,20250515092946,20250515100946,,,200,동시,44,44200,A0,A004,Y,,N,,N,,N,2021,충청남도
아산시 배미수영장,ME20C2a4,21,04,충청남도 아산시 실옥로234,null,null,24시간 이용가능,36.79690161,126.97617880,ME,환경부,환경부,1661-9408,3,20250515161425,20250514142358,20250514142607,20250515155422,,200,동시,44,44200,J0,J007,Y,,N,,N,,N,2020,충청남도
아산시 배미수영장,ME20C2a4,22,04,충청남도 아산시 실옥로234,null,null,24시간 이용가능,36.79690161,126.97617880,ME,환경부,환경부,1661-9408,2,20250515161439,20250515115945,20250515123109,,,200,동시,44,44200,J0,J007,Y,,N,,N,,N,2020,충청남도
아산시 배방스포츠센터,ME20C2a5,21,04,충청남도 아산시 배방읍 북수리 1783,null,null,24시간 이용가능,36.769331088,127.07521014,ME,환경부,환경부,1661-9408,2,20250515161358,20250514080223,20250514081006,,,200,동시,44,44200,A0,A004,Y,,N,,N,,N,2020,충청남도
아산시 배방스포츠센터,ME20C2a5,22,04,충청남도 아산시 배방읍 북수리 1783,null,null,24시간 이용가능,36.769331088,127.07521014,ME,환경부,환경부,1661-9408,2,20250515161358,20250515081510,20250515085510,,,200,동시,44,44200,A0,A004,Y,,N,,N,,N,2020,충청남도
아산시 신정호 주차장(느티나무쉼터),ME20C2a6,21,04,충청남도 아산시 방축동 655-5,null,null,24시간 이용가능,36.7648990,126.9744504,ME,환경부,환경부,1661-9408,2,20250515161610,20250514210158,20250514211112,,,200,동시,44,44200,D0,D007,Y,,N,,N,,N,2020,충청남도
아산시 신정호 주차장(느티나무쉼터),ME20C2a6,22,04,충청남도 아산시 방축동 655-5,null,null,24시간 이용가능,36.7648990,126.9744504,ME,환경부,환경부,1661-9408,2,20250515161610,20250515140740,20250515144715,,,200,동시,44,44200,D0,D007,Y,,N,,N,,N,2020,충청남도
신례원 현대아파트 뒤 공영주차장,ME20C2a7,21,04,충청남도 예산군 예산읍 신례원리 611-151,null,null,24시간 이용가능,36.7231131,126.8399521,ME,환경부,환경부,1661-9408,2,20250515161547,20250513192921,20250513200921,,,200,동시,44,44810,B0,B001,Y,,N,,N,,N,2021,충청남도
신례원 현대아파트 뒤 공영주차장,ME20C2a7,22,04,충청남도 예산군 예산읍 신례원리 611-151,null,null,24시간 이용가능,36.7231131,126.8399521,ME,환경부,환경부,1661-9408,2,20250515161547,20250514165306,20250514172409,,,200,동시,44,44810,B0,B001,Y,,N,,N,,N,2021,충청남도
주교리 공영주차장,ME20C2a8,21,04,충청남도 예산군 예산읍 주교리 243-2,null,null,24시간 이용가능,36.6836825,126.8299417,ME,환경부,환경부,1661-9408,2,20250515161215,20250515125453,20250515131632,,,200,동시,44,44810,B0,B001,Y,,N,,N,,N,2020,충청남도
주교리 공영주차장,ME20C2a8,22,04,충청남도 예산군 예산읍 주교리 243-2,null,null,24시간 이용가능,36.6836825,126.8299417,ME,환경부,환경부,1661-9408,2,20250515161215,20250513145135,20250513145406,,,200,동시,44,44810,B0,B001,Y,,N,,N,,N,2020,충청남도
대회리 공영주차장,ME20C2a9,21,04,충청남도 예산군 예산읍 대회리 221-3,null,null,24시간 이용가능,36.67545140,126.84875610,ME,환경부,환경부,1661-9408,9,20250515103310,20250514073416,20250514075514,,,200,동시,44,44810,B0,B001,Y,,N,,N,,N,2020,충청남도
대회리 공영주차장,ME20C2a9,22,04,충청남도 예산군 예산읍 대회리 221-3,null,null,24시간 이용가능,36.67545140,126.84875610,ME,환경부,환경부,1661-9408,9,20250515103310,20250514121706,20250514123642,,,200,동시,44,44810,B0,B001,Y,,N,,N,,N,2020,충청남도
두정역 제1공영주차장,ME20C2b0,21,04,충청남도 천안시 서북구 두정동 91-1,null,null,24시간 이용가능,36.8319261,127.150577,ME,환경부,환경부,1661-9408,2,20250515161343,20250515143157,20250515150625,,,200,동시,44,44130,B0,B001,N,,N,,N,,N,2020,충청남도
두정역 제1공영주차장,ME20C2b0,22,04,충청남도 천안시 서북구 두정동 91-1,null,null,24시간 이용가능,36.8319261,127.150577,ME,환경부,환경부,1661-9408,2,20250515161343,20250515150638,20250515152504,,,200,동시,44,44130,B0,B001,N,,N,,N,,N,2020,충청남도
천안시 북면행정복지센터,ME20C2b1,21,04,충청남도 천안시 동남구 위례성로 724,null,null,24시간 이용가능,36.8270692,127.2731285,ME,환경부,환경부,1661-9408,2,20250515161450,20250514123421,20250514125337,,,200,동시,44,44130,A0,A002,Y,,N,,N,,N,2020,충청남도
천안시 북면행정복지센터,ME20C2b1,22,04,충청남도 천안시 동남구 위례성로 724,null,null,24시간 이용가능,36.8270692,127.2731285,ME,환경부,환경부,1661-9408,2,20250515161450,20250514122059,20250514125844,,,200,동시,44,44130,A0,A002,Y,,N,,N,,N,2020,충청남도
불당 제3공영주차장,ME20C2b2,21,04,충청남도 천안시 서북구 불당동 910,null,null,24시간 이용가능,36.8052064,127.1083253,ME,환경부,환경부,1661-9408,2,20250515161242,20250515143815,20250515151437,,,200,동시,44,44130,B0,B001,Y,,N,,N,,N,2021,충청남도
불당 제3공영주차장,ME20C2b2,22,04,충청남도 천안시 서북구 불당동 910,null,null,24시간 이용가능,36.8052064,127.1083253,ME,환경부,환경부,1661-9408,2,20250515161242,20250515110909,20250515114909,,,200,동시,44,44130,B0,B001,Y,,N,,N,,N,2021,충청남도
안서 제1공영주차장,ME20C2b3,21,04,충청남도 천안시 동남구 안서동 526-39,null,null,24시간 이용가능,36.83808010,127.173561,ME,환경부,환경부,1661-9408,2,20250515161523,20250515012806,20250515014002,,,200,동시,44,44130,B0,B001,Y,,N,,N,,N,2020,충청남도
안서 제1공영주차장,ME20C2b3,22,04,충청남도 천안시 동남구 안서동 526-39,null,null,24시간 이용가능,36.83808010,127.173561,ME,환경부,환경부,1661-9408,2,20250515161523,20250515151701,20250515154450,,,200,동시,44,44130,B0,B001,Y,,N,,N,,N,2020,충청남도
청양군청,ME20C2b4,21,04,충청남도 청양군 청양읍 문화예술로 222,null,null,24시간 이용가능,36.457744,126.8024272,ME,환경부,환경부,1661-9408,2,20250515161315,20250515131325,20250515135325,,,200,동시,44,44790,A0,A001,Y,,N,,N,,N,2021,충청남도
청양군청,ME20C2b4,22,04,충청남도 청양군 청양읍 문화예술로 222,null,null,24시간 이용가능,36.457744,126.8024272,ME,환경부,환경부,1661-9408,2,20250515161315,20250515122001,20250515130001,,,200,동시,44,44790,A0,A001,Y,,N,,N,,N,2021,충청남도
홍성군청,ME20C2b5,01,04,충청남도 홍성군 홍성읍 아문길 27,null,null,24시간 이용가능,36.60157247,126.66184645,ME,환경부,환경부,1661-9408,2,20250515161556,20250515143114,20250515145039,,,100,단독,44,44800,A0,A001,Y,,N,,N,,N,2021,충청남도
홍성군청,ME20C2b5,02,04,충청남도 홍성군 홍성읍 아문길 27,null,null,24시간 이용가능,36.60157247,126.66184645,ME,환경부,환경부,1661-9408,2,20250515161302,20250514151654,20250514153819,,,100,단독,44,44800,A0,A001,Y,,N,,N,,N,2020,충청남도
면천농협하나로마트,ME20C415,41,04,충청남도 당진시 면천면 성상리 331-1,null,null,24시간 이용가능,36.8148430,126.6707513,ME,환경부,환경부,1661-9408,2,20250515161405,20250515112558,20250515120558,,,100,단독,44,44270,E0,E001,Y,,N,,N,,N,2020,충청남도
면천농협하나로마트,ME20C415,42,04,충청남도 당진시 면천면 성상리 331-1,null,null,24시간 이용가능,36.8148430,126.6707513,ME,환경부,환경부,1661-9408,2,20250515161355,20250515151841,20250515153236,,,100,단독,44,44270,E0,E001,Y,,N,,N,,N,2020,충청남도
면천농협하나로마트,ME20C415,43,04,충청남도 당진시 면천면 성상리 331-1,null,null,24시간 이용가능,36.8148430,126.6707513,ME,환경부,환경부,1661-9408,2,20250515161408,20250515110020,20250515113112,,,100,단독,44,44270,E0,E001,Y,,N,,N,,N,2020,충청남도
면천농협하나로마트,ME20C415,44,04,충청남도 당진시 면천면 성상리 331-1,null,null,24시간 이용가능,36.8148430,126.6707513,ME,환경부,환경부,1661-9408,2,20250515161331,20250515140912,20250515144912,,,100,단독,44,44270,E0,E001,Y,,N,,N,,N,2020,충청남도
국립생태원,ME20C416,41,04,충청남도 서천군 마서면 금강로 1210,null,null,09:00~18:00,36.0273609,126.718733,ME,환경부,환경부,1661-9408,9,20250324105310,20250322150259,20250322154259,,,200,동시,44,44770,A0,A003,Y,,N,,N,,N,2020,충청남도
국립생태원,ME20C416,42,04,충청남도 서천군 마서면 금강로 1210,null,null,09:00~18:00,36.0273609,126.718733,ME,환경부,환경부,1661-9408,9,20250324104310,20250322133621,20250322141621,,,200,동시,44,44770,A0,A003,Y,,N,,N,,N,2020,충청남도
국립생태원,ME20C416,43,04,충청남도 서천군 마서면 금강로 1210,null,null,09:00~18:00,36.0273609,126.718733,ME,환경부,환경부,1661-9408,9,20250324105310,20250322132957,20250322140446,,,200,동시,44,44770,A0,A003,Y,,N,,N,,N,2020,충청남도
국립생태원,ME20C416,44,04,충청남도 서천군 마서면 금강로 1210,null,null,09:00~18:00,36.0273609,126.718733,ME,환경부,환경부,1661-9408,9,20250326112810,20250319160951,20250319162322,,,200,동시,44,44770,A0,A003,Y,,N,,N,,N,2020,충청남도
한국생산기술연구원(본원),ME20C417,41,04,충청남도 천안시 입장면 양대기로길 89,null,null,24시간 이용가능,36.90433050,127.24596270,ME,환경부,환경부,1661-9408,2,20250515161257,20250515105406,20250515111033,,,200,동시,44,44130,A0,A003,Y,,N,,N,,N,2021,충청남도
한국생산기술연구원(본원),ME20C417,42,04,충청남도 천안시 입장면 양대기로길 89,null,null,24시간 이용가능,36.90433050,127.24596270,ME,환경부,환경부,1661-9408,2,20250515161305,20250515094415,20250515101639,,,200,동시,44,44130,A0,A003,Y,,N,,N,,N,2021,충청남도
한국생산기술연구원(본원),ME20C417,43,04,충청남도 천안시 입장면 양대기로길 89,null,null,24시간 이용가능,36.90433050,127.24596270,ME,환경부,환경부,1661-9408,2,20250515161254,20250507064247,20250507071513,,,200,동시,44,44130,A0,A003,Y,,N,,N,,N,2020,충청남도
한국생산기술연구원(본원),ME20C417,44,04,충청남도 천안시 입장면 양대기로길 89,null,null,24시간 이용가능,36.90433050,127.24596270,ME,환경부,환경부,1661-9408,5,20250515161249,20250512125541,20250512133541,,,200,동시,44,44130,A0,A003,Y,,N,,N,,N,2020,충청남도
강경실내수영장 주차장,ME20D146,01,04,충청남도 논산시 산양1길2,null,null,24시간 이용가능,36.1467016,127.0217375,ME,환경부,환경부,1661-9408,2,20250515161121,20250515125857,20250515133903,,,100,단독,44,44230,I0,I006,Y,,N,,N,,N,2021,충청남도
보령노인종합복지관,ME20D147,01,04,충청남도 보령시 대천로113,null,null,24시간 이용가능,36.356482,126.603618,ME,환경부,환경부,1661-9408,2,20250515155034,20250512113229,20250512121235,,,100,단독,44,44180,I0,I006,Y,,N,,N,,N,2020,충청남도
보령시 천북면사무소,ME20D148,01,04,충청남도 보령시 천북면 홍보로462,null,null,24시간 이용가능,36.4787319,126.5267291,ME,환경부,환경부,1661-9408,9,20250515160310,20250515120515,20250515122328,,,100,단독,44,44180,A0,A002,Y,,N,,N,,N,2020,충청남도
가족행복센터,ME20D149,01,04,충청남도 부여군 규암면 아름1로64 ,null,null,24시간 이용가능,36.3041423,126.8892175,ME,환경부,환경부,1661-9408,2,20250515155042,20250514161003,20250514165009,,,100,단독,44,44760,I0,I006,Y,,N,,N,,N,2020,충청남도
양화면행정복지센터,ME20D150,01,04,충청남도 부여군 양화면 입포로53번길6 ,null,null,24시간 이용가능,36.1353297,126.8807250,ME,환경부,환경부,1661-9408,3,20250515161508,20250515093509,20250515100313,20250515155037,,100,단독,44,44760,A0,A002,Y,,N,,N,,N,2020,충청남도
은산면 체육회관 주차장,ME20D151,01,04,충청남도 부여군 은산면 충의로694 ,null,null,24시간 이용가능,36.3097856,126.8537711,ME,환경부,환경부,1661-9408,2,20250515160048,20250515145013,20250515153018,,,100,단독,44,44760,A0,A004,Y,,N,,N,,N,2020,충청남도
고북면행정복지센터,ME20D152,01,04,충청남도 서산시 고북면 고북1로294,null,null,24시간 이용가능,36.66713,126.533325,ME,환경부,환경부,1661-9408,2,20250515154707,20250515113339,20250515121345,,,100,단독,44,44210,A0,A002,Y,,N,,N,,N,2021,충청남도
서산시 교육지원청,ME20D153,01,04,충청남도 서산시 문화로112,null,null,09~18시 이용 가능,36.787362,126.443807,ME,환경부,환경부,1661-9408,2,20250515155726,20250515151721,20250515155728,,,100,단독,44,44210,A0,A003,Y,,N,,N,,N,2021,충청남도
삽교읍 주민복합지원센타,ME20D154,01,04,충청남도 예산군 삽교읍 예학로65,null,null,24시간 이용가능,36.664504,126.675116,ME,환경부,환경부,1661-9408,2,20250515155032,20250514232841,20250514235245,,,100,단독,44,44810,A0,A002,Y,,N,,N,,N,2020,충청남도
비봉면사무소,ME20D155,01,04,충청남도 청양군 비봉면 충절로1994,null,null,24시간 이용가능,36.519226,126.78647,ME,환경부,환경부,1661-9408,2,20250515155035,20250514171431,20250514175437,,,100,단독,44,44790,A0,A002,Y,,N,,N,,N,2021,충청남도
금산군농업기술센터,ME20D166,01,04,충청남도 금산군 금성면 의총길25,null,null,24시간 이용가능,36.125978,127.495885,ME,환경부,환경부,1661-9408,2,20250515155022,20250515020453,20250515023354,,,100,단독,44,44710,A0,A004,Y,,N,,N,,N,2020,충청남도
보령냉풍욕장,ME20D169,91,04,충청남도 보령시 청라면 의평리 50-19,null,null,24시간 이용가능,36.3787263,126.6700539,ME,환경부,환경부,1661-9408,2,20250515155011,20250505124552,20250505131517,,,100,단독,44,44180,G0,G004,Y,,N,,N,,Y,2020,충청남도
계룡문화예술의전당(문화체육동),ME20D220,01,04,충청남도 계룡시 엄사면 문화1로13,null,null,24시간 이용가능,36.27336,127.2340138,ME,환경부,환경부,1661-9408,2,20250515155250,20250515134118,20250515142124,,,100,단독,44,44250,J0,J004,Y,,N,,N,,N,2020,충청남도
계룡문화예술의전당(문화체육동),ME20D220,02,04,충청남도 계룡시 엄사면 문화1로13,null,null,24시간 이용가능,36.27336,127.2340138,ME,환경부,환경부,1661-9408,2,20250515155040,20250514114134,20250514120811,,,100,단독,44,44250,J0,J004,Y,,N,,N,,N,2020,충청남도
세도면행정복지센터 ,ME20D221,01,04,충청남도 부여군 세도면 세도중앙로8,null,null,24시간 이용가능,36.1695746,126.9483398,ME,환경부,환경부,1661-9408,2,20250515155039,20250514184725,20250514192834,,,100,단독,44,44760,A0,A002,Y,,N,,N,,N,2020,충청남도
세도면행정복지센터 ,ME20D221,02,04,충청남도 부여군 세도면 세도중앙로8,null,null,24시간 이용가능,36.1695746,126.9483398,ME,환경부,환경부,1661-9408,2,20250515155018,20250513091434,20250513095440,,,100,단독,44,44760,A0,A002,Y,,N,,N,,N,2021,충청남도
충화면행정복지센터(기존지점 추가설치) ,ME20D222,01,04,충청남도 부여군 충화면 팔충로770,null,null,24시간 이용가능,36.181931,126.821538,ME,환경부,환경부,1661-9408,2,20250515160708,20250514120237,20250514121511,,,100,단독,44,44760,I0,I006,Y,,N,,N,,N,2021,충청남도
충화면행정복지센터(기존지점 추가설치) ,ME20D222,02,04,충청남도 부여군 충화면 팔충로770,null,null,24시간 이용가능,36.181931,126.821538,ME,환경부,환경부,1661-9408,2,20250515155053,20250511102834,20250511104729,,,100,단독,44,44760,I0,I006,Y,,N,,N,,N,2020,충청남도
천안풍세일반산업단지 ,ME20D223,01,04,충청남도 천안시 동남구 풍세산단4로81,null,null,24시간 이용가능,36.7295,127.09835,ME,환경부,환경부,1661-9408,2,20250515161256,20250515125317,20250515130959,,,100,단독,44,44130,B0,B004,Y,,N,,N,,N,2021,충청남도
천안풍세일반산업단지 ,ME20D223,02,04,충청남도 천안시 동남구 풍세산단4로81,null,null,24시간 이용가능,36.7295,127.09835,ME,환경부,환경부,1661-9408,2,20250515160416,20250515145636,20250515153348,,,100,단독,44,44130,B0,B004,Y,,N,,N,,N,2021,충청남도
서천(서울) 휴게소,ME21A109,01,04,충청남도 서천군 비인면 서해안고속도로 168,null,null,24시간 이용가능,36.1322550,126.6273813,ME,환경부,환경부,1661-9408,2,20250515161151,20250515153909,20250515154120,,,100,단독,44,44770,C0,C001,Y,,N,,N,,N,2021,충청남도
공주(대전) 휴게소,ME21A111,01,04,충청남도 공주시 송선동 320-16,null,null,24시간 이용가능,36.4968854,127.1650857,ME,환경부,환경부,1661-9408,3,20250515161459,20250515145759,20250515153330,20250515161255,,100,단독,44,44150,C0,C001,Y,,N,,N,,N,2021,충청남도
천안호두(부산) 휴게소,ME21A209,01,04,충청남도 천안시 동남구 성남면 대화리 산8-12,null,null,24시간 이용가능,36.7304185,127.2638826,ME,환경부,환경부,1661-9408,9,20250515160310,20250515150012,20250515151253,,,100,단독,44,44130,C0,C001,Y,,N,,N,,N,2021,충청남도
천안호두(부산) 휴게소,ME21A209,02,04,충청남도 천안시 동남구 성남면 대화리 산8-12,null,null,24시간 이용가능,36.7304185,127.2638826,ME,환경부,환경부,1661-9408,3,20250515161440,20250515143216,20250515150010,20250515160628,,100,단독,44,44130,C0,C001,Y,,N,,N,,N,2021,충청남도
대천(서울) 휴게소,ME21A211,01,04,충청남도 보령시 주교면 주교리 903-34,null,null,24시간 이용가능,36.3752411,126.5578521,ME,환경부,환경부,1661-9408,3,20250515161503,20250515153330,20250515161335,20250515161457,,100,단독,44,44180,C0,C001,Y,,N,,N,,N,2021,충청남도
대천(서울) 휴게소,ME21A211,02,04,충청남도 보령시 주교면 주교리 903-34,null,null,24시간 이용가능,36.3752411,126.5578521,ME,환경부,환경부,1661-9408,9,20250515151310,20250509105155,20250509112037,,,100,단독,44,44180,C0,C001,Y,,N,,N,,N,2021,충청남도
예산(당진) 휴게소,ME21A214,01,04,충청남도 예산군 신양면 서계양리 736,null,null,24시간 이용가능,36.6183541,126.8471444,ME,환경부,환경부,1661-9408,3,20250515161603,20250515140911,20250515142112,20250515160346,,100,단독,44,44810,C0,C001,Y,,N,,N,,N,2021,충청남도
예산(당진) 휴게소,ME21A214,02,04,충청남도 예산군 신양면 서계양리 736,null,null,24시간 이용가능,36.6183541,126.8471444,ME,환경부,환경부,1661-9408,2,20250515161133,20250515153122,20250515161128,,,100,단독,44,44810,C0,C001,Y,,N,,N,,N,2021,충청남도
서산(목포) 휴게소,ME21A215,01,04,충청남도 서산시 해미면 서해안고속도로 241,null,null,24시간 이용가능,36.743812,126.565712,ME,환경부,환경부,1661-9408,2,20250515160536,20250515155229,20250515160531,,,100,단독,44,44210,C0,C001,Y,,N,,N,,N,2021,충청남도
서산(목포) 휴게소,ME21A215,02,04,충청남도 서산시 해미면 서해안고속도로 241,null,null,24시간 이용가능,36.743812,126.565712,ME,환경부,환경부,1661-9408,2,20250515160834,20250514125701,20250514133707,,,100,단독,44,44210,C0,C001,Y,,N,,N,,N,2021,충청남도
정부충남지방합동청사,ME21A221,01,04,충청남도 홍성군 홍북읍 충남대로 45,null,null,24시간 이용가능,36.657070120,126.67652370,ME,환경부,환경부,1661-9408,2,20250515161149,20250515155223,20250515161150,,,100,단독,44,44800,A0,A001,Y,,N,,N,,N,2021,충청남도
정부충남지방합동청사,ME21A221,02,04,충청남도 홍성군 홍북읍 충남대로 45,null,null,24시간 이용가능,36.657070120,126.67652370,ME,환경부,환경부,1661-9408,3,20250515161501,20250515111228,20250515115234,20250515161256,,100,단독,44,44800,A0,A001,Y,,N,,N,,N,2021,충청남도
입장거봉포도(서울) 휴게소,ME21A307,01,04,충청남도 천안시 서북구 입장면 연곡길 407,null,null,24시간 이용가능,36.9428168,127.1942243,ME,환경부,환경부,1661-9408,3,20250515161530,20250515143118,20250515150435,20250515154259,,100,단독,44,44130,C0,C001,Y,,N,,N,,N,2021,충청남도
입장거봉포도(서울) 휴게소,ME21A307,02,04,충청남도 천안시 서북구 입장면 연곡길 407,null,null,24시간 이용가능,36.9428168,127.1942243,ME,환경부,환경부,1661-9408,9,20250515160310,20250515150341,20250515152154,,,100,단독,44,44130,C0,C001,Y,,N,,N,,N,2021,충청남도
입장거봉포도(서울) 휴게소,ME21A307,03,04,충청남도 천안시 서북구 입장면 연곡길 407,null,null,24시간 이용가능,36.9428168,127.1942243,ME,환경부,환경부,1661-9408,2,20250515155634,20250515154725,20250515155629,,,100,단독,44,44130,C0,C001,Y,,N,,N,,N,2021,충청남도
천안삼거리(서울) 휴게소,ME21A309,01,04,충청남도 천안시 동남구 구성동 153-77,null,null,24시간 이용가능,36.7876902,127.1733336,ME,환경부,환경부,1661-9408,2,20250515160823,20250515153134,20250515160818,,,100,단독,44,44130,C0,C001,Y,,N,,N,,N,2021,충청남도
천안삼거리(서울) 휴게소,ME21A309,02,04,충청남도 천안시 동남구 구성동 153-77,null,null,24시간 이용가능,36.7876902,127.1733336,ME,환경부,환경부,1661-9408,2,20250515155938,20250515141640,20250515142812,,,100,단독,44,44130,C0,C001,Y,,N,,N,,N,2021,충청남도
천안삼거리(서울) 휴게소,ME21A309,03,04,충청남도 천안시 동남구 구성동 153-77,null,null,24시간 이용가능,36.7876902,127.1733336,ME,환경부,환경부,1661-9408,3,20250515161415,20250515145350,20250515153646,20250515154143,,100,단독,44,44130,C0,C001,Y,,N,,N,,N,2021,충청남도
공주(당진) 휴게소,ME21A407,01,04,충청남도 공주시 의당면 청룡리 65-12,null,null,24시간 이용가능,36.4986257,127.1664634,ME,환경부,환경부,1661-9408,3,20250515161525,20250515155342,20250515160013,20250515160110,,100,단독,44,44150,C0,C001,Y,,N,,N,,N,2021,충청남도
공주(당진) 휴게소,ME21A407,02,04,충청남도 공주시 의당면 청룡리 65-12,null,null,24시간 이용가능,36.4986257,127.1664634,ME,환경부,환경부,1661-9408,2,20250515155517,20250515102715,20250515110442,,,100,단독,44,44150,C0,C001,Y,,N,,N,,N,2021,충청남도
공주(당진) 휴게소,ME21A407,03,04,충청남도 공주시 의당면 청룡리 65-12,null,null,24시간 이용가능,36.4986257,127.1664634,ME,환경부,환경부,1661-9408,3,20250515161441,20250515154045,20250515160007,20250515160423,,100,단독,44,44150,C0,C001,Y,,N,,N,,N,2021,충청남도
공주(당진) 휴게소,ME21A407,04,04,충청남도 공주시 의당면 청룡리 65-12,null,null,24시간 이용가능,36.4986257,127.1664634,ME,환경부,환경부,1661-9408,3,20250515161438,20250515143345,20250515151653,20250515160022,,100,단독,44,44150,C0,C001,Y,,N,,N,,N,2021,충청남도
예산(대전) 휴게소,ME21A904,01,04,충청남도 예산군 대흥면 탄방리 136,null,null,24시간 이용가능,36.6243077,126.8395678,ME,환경부,환경부,1661-9408,9,20250515155810,20250515150951,20250515152714,,,100,단독,44,44810,C0,C001,Y,,N,,N,,N,2021,충청남도
예산(대전) 휴게소,ME21A904,02,04,충청남도 예산군 대흥면 탄방리 136,null,null,24시간 이용가능,36.6243077,126.8395678,ME,환경부,환경부,1661-9408,2,20250515155000,20250515150257,20250515151935,,,100,단독,44,44810,C0,C001,Y,,N,,N,,N,2021,충청남도
예산(대전) 휴게소,ME21A904,81,04,충청남도 예산군 대흥면 탄방리 136,null,null,24시간 이용가능,36.6243077,126.8395678,ME,환경부,환경부,1661-9408,2,20250515155448,20250515145731,20250515152414,,,350,단독,44,44810,C0,C001,Y,,N,,N,,N,2021,충청남도
예산(대전) 휴게소,ME21A904,82,04,충청남도 예산군 대흥면 탄방리 136,null,null,24시간 이용가능,36.6243077,126.8395678,ME,환경부,환경부,1661-9408,2,20250515160628,20250515150530,20250515153600,,,350,단독,44,44810,C0,C001,Y,,N,,N,,N,2021,충청남도
금산인삼랜드(대전) 휴게소,ME21A909,01,04,충청남도 금산군 군북면 대암길 34-30,null,null,24시간 이용가능,36.1547139,127.4973913,ME,환경부,환경부,1661-9408,3,20250515161547,20250515142716,20250515145436,20250515161137,,100,단독,44,44710,C0,C001,Y,,N,,N,,N,2021,충청남도
금산인삼랜드(대전) 휴게소,ME21A909,02,04,충청남도 금산군 군북면 대암길 34-30,null,null,24시간 이용가능,36.1547139,127.4973913,ME,환경부,환경부,1661-9408,3,20250515161434,20250514160526,20250514160658,20250515160219,,100,단독,44,44710,C0,C001,Y,,N,,N,,N,2021,충청남도
금산인삼랜드(대전) 휴게소,ME21A909,81,04,충청남도 금산군 군북면 대암길 34-30,null,null,24시간 이용가능,36.1547139,127.4973913,ME,환경부,환경부,1661-9408,2,20250515155704,20250515142739,20250515145559,,,350,단독,44,44710,C0,C001,Y,,N,,N,,N,2021,충청남도
금산인삼랜드(대전) 휴게소,ME21A909,82,04,충청남도 금산군 군북면 대암길 34-30,null,null,24시간 이용가능,36.1547139,127.4973913,ME,환경부,환경부,1661-9408,2,20250515154928,20250515153351,20250515154921,,,350,단독,44,44710,C0,C001,Y,,N,,N,,N,2021,충청남도
대천(목포) 휴게소,ME21A913,01,04,충청남도 보령시 주교면 주교리 918-6,null,null,24시간 이용가능,36.3727068,126.5560070,ME,환경부,환경부,1661-9408,2,20250515155438,20250515140048,20250515142310,,,100,단독,44,44180,C0,C001,Y,,N,,N,,N,2021,충청남도
대천(목포) 휴게소,ME21A913,02,04,충청남도 보령시 주교면 주교리 918-6,null,null,24시간 이용가능,36.3727068,126.5560070,ME,환경부,환경부,1661-9408,2,20250515160342,20250515061406,20250515062441,,,100,단독,44,44180,C0,C001,Y,,N,,N,,N,2021,충청남도
대천(목포) 휴게소,ME21A913,81,04,충청남도 보령시 주교면 주교리 918-6,null,null,24시간 이용가능,36.3727068,126.5560070,ME,환경부,환경부,1661-9408,2,20250515161126,20250515090247,20250515093517,,,350,단독,44,44180,C0,C001,Y,,N,,N,,N,2021,충청남도
대천(목포) 휴게소,ME21A913,82,04,충청남도 보령시 주교면 주교리 918-6,null,null,24시간 이용가능,36.3727068,126.5560070,ME,환경부,환경부,1661-9408,2,20250515155609,20250515085506,20250515091957,,,350,단독,44,44180,C0,C001,Y,,N,,N,,N,2021,충청남도
부여경찰서,ME21B126,01,04,충청남도 부여군 부여읍 성말로 4,null,null,24시간 이용가능,36.2756844,126.9025928,ME,환경부,환경부,1661-9408,2,20250515155907,20250515114540,20250515122545,,,100,단독,44,44760,I0,I004,Y,,N,,N,,N,2021,충청남도
대천2동 포켓주차장,ME21B127,01,04,충청남도 보령시 대천동 406-6,null,null,24시간 이용가능,36.3536491,126.5911858,ME,환경부,환경부,1661-9408,2,20250515155021,20250514183412,20250514191303,,,100,단독,44,44180,B0,B004,Y,,N,,N,,N,2021,충청남도
서산시보건소,ME21B139,01,04,충청남도 서산시 호수공원6로 6,null,null,24시간 이용가능,36.7740917,126.4448067,ME,환경부,환경부,1661-9408,2,20250515160408,20250515144419,20250515150305,,,100,단독,44,44210,I0,I003,Y,,N,,N,,N,2021,충청남도
동문동 공영주차장,ME21B140,01,04,충청남도 서산시 동문동 982-4,null,null,24시간 이용가능,36.7790043,126.454599,ME,환경부,환경부,1661-9408,2,20250515161534,20250515100012,20250515104020,,,100,단독,44,44210,B0,B001,Y,,N,,N,,N,2021,충청남도
호수공원 공영주차장,ME21B144,01,04,충청남도 서산시 예천동 1277-3,null,null,24시간 이용가능,36.7725299,126.4499532,ME,환경부,환경부,1661-9408,2,20250515160704,20250515130126,20250515133436,,,100,단독,44,44210,B0,B001,Y,,N,,N,,N,2021,충청남도
원도심 공영주차장,ME21B145,01,04,충청남도 서산시 동문동 934-9,null,null,24시간 이용가능,36.783087,126.453573,ME,환경부,환경부,1661-9408,2,20250515155023,20250512151307,20250512153359,,,100,단독,44,44210,B0,B001,N,,N,,N,,N,2021,충청남도
금산읍행정복지센터,ME21B163,01,04,충청남도 금산군 금산읍 비호로 69,null,null,24시간 이용가능,36.1069181,127.4907964,ME,환경부,환경부,1661-9408,2,20250515160326,20250515135153,20250515143159,,,100,단독,44,44710,A0,A002,Y,,N,,N,,N,2021,충청남도
하나로마트 서산농협 서부지점,ME21B187,01,04,충청남도 서산시 고운로 106,null,null,08:30 ~ 21:30,36.780048,126.449615,ME,환경부,환경부,1661-9408,9,20250515154810,20250515140623,20250515144629,,,100,단독,44,44210,A0,A004,Y,,N,,N,,N,2021,충청남도
천안시맑은물사업소,ME21B1B5,01,04,충청남도 천안시 동남구 용곡2길 141,null,null,24시간 이용가능,36.7922489,127.1421901,ME,환경부,환경부,1661-9408,2,20250515160116,20250515142010,20250515150016,,,100,단독,44,44130,A0,A004,Y,,N,,N,,N,2021,충청남도
서천교육지원청,ME21B1B7,01,04,충청남도 서천군 서천읍 서천로 105,null,null,24시간 이용가능,36.0776672,126.6883352,ME,환경부,환경부,1661-9408,2,20250515160535,20250515094000,20250515100258,,,100,단독,44,44770,J0,J002,Y,,N,,N,,N,2021,충청남도
고남면사무소,ME21B1C0,01,04,충청남도 태안군 고남면 안면대로 4254-12,null,null,24시간 이용가능,36.420659,126.409268,ME,환경부,환경부,1661-9408,9,20250515154810,20250515145018,20250515151738,,,100,단독,44,44825,A0,A003,Y,,N,,N,,N,2021,충청남도
성연면행정복지센터,ME21B1C1,01,04,충청남도 서산시 성연면 마루들길 15,null,null,24시간 이용가능,36.839351,126.460719,ME,환경부,환경부,1661-9408,3,20250515161527,20250515150134,20250515153453,20250515160107,,100,단독,44,44210,A0,A002,Y,,N,,N,,N,2021,충청남도
충청남도경제진흥원 주차장,ME21B1C2,01,04,충청남도 아산시 은행나무길 223,null,null,24시간 이용가능,36.799508,127.0120843,ME,환경부,환경부,1661-9408,2,20250515161406,20250515140230,20250515144236,,,100,단독,44,44200,B0,B004,Y,,N,,N,,N,2021,충청남도
국민건강보험공단 보령지사 주차장,ME21B1E1,01,04,충청남도 보령시 대천동 중앙로 236,null,null,24시간 이용가능,36.3572178,126.5823226,ME,환경부,환경부,1661-9408,2,20250515155904,20250515105934,20250515112450,,,100,단독,44,44180,A0,A003,Y,,N,,N,,N,2021,충청남도
운산면행정복지센터,ME21B1E2,01,04,충청남도 서산시 운산면 운암로 1016,null,null,24시간 이용가능,36.8110327,126.5805842,ME,환경부,환경부,1661-9408,2,20250515155941,20250515151350,20250515152913,,,100,단독,44,44210,A0,A003,Y,,N,,N,,N,2021,충청남도
음암면행정복지센터,ME21B1F8,01,04,충청남도 서산시 음암면 도당리 1304-3,null,null,24시간 이용가능,36.7997617,126.5176223,ME,환경부,환경부,1661-9408,2,20250515155835,20250515152906,20250515155834,,,100,단독,44,44210,A0,A002,Y,,N,,N,,N,2021,충청남도
천안동남경찰서,ME21B221,01,04,충청남도 천안시 동남구 청수6로 73,null,null,09:00 ~ 18:00,36.7865005,127.1565282,ME,환경부,환경부,1661-9408,2,20250515160933,20250515081537,20250515083232,,,100,단독,44,44130,I0,I004,Y,,N,,N,,N,2021,충청남도
천안동남경찰서,ME21B221,02,04,충청남도 천안시 동남구 청수6로 73,null,null,09:00 ~ 18:00,36.7865005,127.1565282,ME,환경부,환경부,1661-9408,2,20250515154940,20250515133810,20250515141816,,,100,단독,44,44130,I0,I004,Y,,N,,N,,N,2021,충청남도
병천고등학교,ME21B226,01,04,충청남도 천안시 동남구 병천면 충절로 1872,null,null,24시간 이용가능,36.7642678,127.3128944,ME,환경부,환경부,1661-9408,2,20250515155017,20250512133621,20250512134930,,,100,단독,44,44130,J0,J001,Y,,N,,N,,N,2021,충청남도
병천고등학교,ME21B226,02,04,충청남도 천안시 동남구 병천면 충절로 1872,null,null,24시간 이용가능,36.7642678,127.3128944,ME,환경부,환경부,1661-9408,2,20250515155020,20250509055247,20250509063252,,,100,단독,44,44130,J0,J001,Y,,N,,N,,N,2021,충청남도
배방읍 지산공원 제1주차장,ME21B237,01,04,충청남도 아산시 배방읍 연화로 29,null,null,24시간 이용가능,36.7864532,127.093815,ME,환경부,환경부,1661-9408,2,20250515155018,20250514220431,20250514223019,,,100,단독,44,44200,B0,B002,Y,,N,,N,,N,2021,충청남도
배방읍 지산공원 제1주차장,ME21B237,02,04,충청남도 아산시 배방읍 연화로 29,null,null,24시간 이용가능,36.7864532,127.093815,ME,환경부,환경부,1661-9408,2,20250515160640,20250515152625,20250515160631,,,100,단독,44,44200,B0,B002,Y,,N,,N,,N,2021,충청남도
서천경찰서,ME21B303,01,04,충청남도 서천군 장항읍 신창동로 15,null,null,09:00 ~ 18:00,36.009982,126.6920483,ME,환경부,환경부,1661-9408,2,20250515155014,20250513151152,20250513151252,,,100,단독,44,44770,I0,I004,Y,,N,,N,,N,2021,충청남도
서천경찰서,ME21B303,02,04,충청남도 서천군 장항읍 신창동로 15,null,null,09:00 ~ 18:00,36.009982,126.6920483,ME,환경부,환경부,1661-9408,3,20250515161449,20250513151346,20250513151435,20250515160442,,100,단독,44,44770,I0,I004,Y,,N,,N,,N,2021,충청남도
서천경찰서,ME21B303,03,04,충청남도 서천군 장항읍 신창동로 15,null,null,09:00 ~ 18:00,36.009982,126.6920483,ME,환경부,환경부,1661-9408,2,20250515154802,20250515140655,20250515144701,,,100,단독,44,44770,I0,I004,Y,,N,,N,,N,2021,충청남도
충청남도교통연수원,ME21B314,01,04,충청남도 공주시 연수원길 83,null,null,24시간 이용가능,36.4883071,127.1464578,ME,환경부,환경부,1661-9408,2,20250515154742,20250514131836,20250514135841,,,100,단독,44,44150,A0,A004,Y,,N,,N,,N,2021,충청남도
충청남도교통연수원,ME21B314,02,04,충청남도 공주시 연수원길 83,null,null,24시간 이용가능,36.4883071,127.1464578,ME,환경부,환경부,1661-9408,2,20250515154738,20250514154624,20250514162630,,,100,단독,44,44150,A0,A004,Y,,N,,N,,N,2021,충청남도
충청남도교통연수원,ME21B314,03,04,충청남도 공주시 연수원길 83,null,null,24시간 이용가능,36.4883071,127.1464578,ME,환경부,환경부,1661-9408,2,20250515154742,20250514130959,20250514134420,,,100,단독,44,44150,A0,A004,Y,,N,,N,,N,2021,충청남도
아산경찰서,ME21B319,01,04,충청남도 아산시 남부로 370-15,null,null,24시간 이용가능,36.7711908,127.0220835,ME,환경부,환경부,1661-9408,2,20250515155025,20250514132332,20250514135325,,,100,단독,44,44200,I0,I004,Y,,N,,N,,N,2021,충청남도
아산경찰서,ME21B319,02,04,충청남도 아산시 남부로 370-15,null,null,24시간 이용가능,36.7711908,127.0220835,ME,환경부,환경부,1661-9408,2,20250515155026,20250514160917,20250514164923,,,100,단독,44,44200,I0,I004,Y,,N,,N,,N,2021,충청남도
아산경찰서,ME21B319,03,04,충청남도 아산시 남부로 370-15,null,null,24시간 이용가능,36.7711908,127.0220835,ME,환경부,환경부,1661-9408,2,20250515161020,20250515132823,20250515140829,,,100,단독,44,44200,I0,I004,Y,,N,,N,,N,2021,충청남도
서동공원 서문 주차장,ME21B403,01,04,충청남도 부여군 부여읍 신기정로 15,null,null,24시간 이용가능,36.2711321,126.9088456,ME,환경부,환경부,1661-9408,3,20250515161432,20250515153410,20250515154846,20250515160423,,100,단독,44,44760,B0,B002,Y,,N,,N,,N,2021,충청남도
서동공원 서문 주차장,ME21B403,02,04,충청남도 부여군 부여읍 신기정로 15,null,null,24시간 이용가능,36.2711321,126.9088456,ME,환경부,환경부,1661-9408,2,20250515154844,20250515083233,20250515091239,,,100,단독,44,44760,B0,B002,Y,,N,,N,,N,2021,충청남도
서동공원 서문 주차장,ME21B403,03,04,충청남도 부여군 부여읍 신기정로 15,null,null,24시간 이용가능,36.2711321,126.9088456,ME,환경부,환경부,1661-9408,3,20250515161526,20250514163755,20250514170215,20250515161325,,100,단독,44,44760,B0,B002,Y,,N,,N,,N,2021,충청남도
서동공원 서문 주차장,ME21B403,04,04,충청남도 부여군 부여읍 신기정로 15,null,null,24시간 이용가능,36.2711321,126.9088456,ME,환경부,환경부,1661-9408,2,20250515155016,20250513203906,20250513210514,,,100,단독,44,44760,B0,B002,Y,,N,,N,,N,2021,충청남도
아산시청 부설주차장,ME21B405,01,04,충청남도 아산시 온천동 1906,null,null,24시간 이용가능,36.7887934,127.0031245,ME,환경부,환경부,1661-9408,2,20250515160522,20250515114021,20250515120128,,,100,단독,44,44200,B0,B004,Y,,N,,N,,N,2021,충청남도
아산시청 부설주차장,ME21B405,02,04,충청남도 아산시 온천동 1906,null,null,24시간 이용가능,36.7887934,127.0031245,ME,환경부,환경부,1661-9408,2,20250515160052,20250515154946,20250515160053,,,100,단독,44,44200,B0,B004,Y,,N,,N,,N,2021,충청남도
아산시청 부설주차장,ME21B405,03,04,충청남도 아산시 온천동 1906,null,null,24시간 이용가능,36.7887934,127.0031245,ME,환경부,환경부,1661-9408,2,20250515160458,20250515083116,20250515085816,,,100,단독,44,44200,B0,B004,Y,,N,,N,,N,2021,충청남도
아산시청 부설주차장,ME21B405,04,04,충청남도 아산시 온천동 1906,null,null,24시간 이용가능,36.7887934,127.0031245,ME,환경부,환경부,1661-9408,3,20250515161448,20250515105809,20250515113707,20250515154822,,100,단독,44,44200,B0,B004,Y,,N,,N,,N,2021,충청남도
독립기념관 주차장,ME21B801,01,04,충청남도 천안시 동남구 목천읍 독립기념관로 1,null,null,24시간 이용가능,36.7798728,127.231468,ME,환경부,환경부,1661-9408,2,20250515155025,20250514144617,20250514151159,,,100,단독,44,44130,D0,D007,Y,,N,,N,,N,2021,충청남도
독립기념관 주차장,ME21B801,02,04,충청남도 천안시 동남구 목천읍 독립기념관로 1,null,null,24시간 이용가능,36.7798728,127.231468,ME,환경부,환경부,1661-9408,2,20250515155019,20250429195806,20250429202139,,,100,단독,44,44130,D0,D007,Y,,N,,N,,N,2021,충청남도
독립기념관 주차장,ME21B801,03,04,충청남도 천안시 동남구 목천읍 독립기념관로 1,null,null,24시간 이용가능,36.7798728,127.231468,ME,환경부,환경부,1661-9408,2,20250515155017,20250510102137,20250510104133,,,100,단독,44,44130,D0,D007,Y,,N,,N,,N,2021,충청남도
독립기념관 주차장,ME21B801,04,04,충청남도 천안시 동남구 목천읍 독립기념관로 1,null,null,24시간 이용가능,36.7798728,127.231468,ME,환경부,환경부,1661-9408,2,20250515155017,20250504113028,20250504120903,,,100,단독,44,44130,D0,D007,Y,,N,,N,,N,2021,충청남도
독립기념관 주차장,ME21B801,05,04,충청남도 천안시 동남구 목천읍 독립기념관로 1,null,null,24시간 이용가능,36.7798728,127.231468,ME,환경부,환경부,1661-9408,2,20250515155023,20250505125325,20250505132425,,,100,단독,44,44130,D0,D007,Y,,N,,N,,N,2021,충청남도
독립기념관 주차장,ME21B801,06,04,충청남도 천안시 동남구 목천읍 독립기념관로 1,null,null,24시간 이용가능,36.7798728,127.231468,ME,환경부,환경부,1661-9408,2,20250515155023,20250509141347,20250509145655,,,100,단독,44,44130,D0,D007,Y,,N,,N,,N,2021,충청남도
독립기념관 주차장,ME21B801,07,04,충청남도 천안시 동남구 목천읍 독립기념관로 1,null,null,24시간 이용가능,36.7798728,127.231468,ME,환경부,환경부,1661-9408,2,20250515155025,20250514190605,20250514193448,,,100,단독,44,44130,D0,D007,Y,,N,,N,,N,2021,충청남도
독립기념관 주차장,ME21B801,08,04,충청남도 천안시 동남구 목천읍 독립기념관로 1,null,null,24시간 이용가능,36.7798728,127.231468,ME,환경부,환경부,1661-9408,2,20250515155901,20250515143346,20250515145806,,,100,단독,44,44130,D0,D007,Y,,N,,N,,N,2021,충청남도
공주경찰서,ME21C210,21,04,충청남도 공주시 백제문화로 2148-15,null,null,24시간 이용가능,36.4562367,127.1096883,ME,환경부,환경부,1661-9408,2,20250515161519,20250514190316,20250514194316,,,200,동시,44,44150,I0,I004,Y,,N,,N,,N,2021,충청남도
공주경찰서,ME21C210,22,04,충청남도 공주시 백제문화로 2148-15,null,null,24시간 이용가능,36.4562367,127.1096883,ME,환경부,환경부,1661-9408,2,20250515161520,20250514203252,20250514210830,,,200,동시,44,44150,I0,I004,Y,,N,,N,,N,2021,충청남도
오천면행정복지센터,ME21C223,21,04,충청남도 보령시 오천면 솟재길 281,null,null,24시간 이용가능,36.4371201,126.5232425,ME,환경부,환경부,1661-9408,2,20250515161600,20250514171503,20250514175503,,,200,동시,44,44180,B0,B001,Y,,N,,N,,N,2021,충청남도
오천면행정복지센터,ME21C223,22,04,충청남도 보령시 오천면 솟재길 281,null,null,24시간 이용가능,36.4371201,126.5232425,ME,환경부,환경부,1661-9408,2,20250515161601,20250515055928,20250515063929,,,200,동시,44,44180,B0,B001,Y,,N,,N,,N,2021,충청남도
홍성의료원,ME21C226,21,04,충청남도 홍성군 홍성읍 조양로 224,null,null,24시간 이용가능,36.5986471,126.6743872,ME,환경부,환경부,1661-9408,2,20250515161535,20250515142814,20250515145523,,,200,동시,44,44800,A0,A004,Y,,N,,N,,N,2021,충청남도
홍성의료원,ME21C226,22,04,충청남도 홍성군 홍성읍 조양로 224,null,null,24시간 이용가능,36.5986471,126.6743872,ME,환경부,환경부,1661-9408,2,20250515161524,20250515132410,20250515135027,,,200,동시,44,44800,A0,A004,Y,,N,,N,,N,2021,충청남도
천안개방교도소 민원인주차장,ME21C230,21,04,충청남도 천안시 서북구 신당새터1길 1,null,null,24시간 이용가능,36.8568484,127.1604881,ME,환경부,환경부,1661-9408,2,20250515161517,20250509172356,20250509180358,,,200,동시,44,44130,A0,A003,Y,,N,,N,,N,2021,충청남도
천안개방교도소 민원인주차장,ME21C230,22,04,충청남도 천안시 서북구 신당새터1길 1,null,null,24시간 이용가능,36.8568484,127.1604881,ME,환경부,환경부,1661-9408,2,20250515161518,20250515150216,20250515152931,,,200,동시,44,44130,A0,A003,Y,,N,,N,,N,2021,충청남도
굿뜨래웰빙마을,ME21C281,21,04,충청남도 부여군 부여읍 가탑로 75,null,null,24시간 이용가능,36.2757444,126.9313596,ME,환경부,환경부,1661-9408,2,20250515161557,20250512122615,20250512130451,,,200,동시,44,44760,A0,A003,Y,,N,,N,,N,2021,충청남도
굿뜨래웰빙마을,ME21C281,22,04,충청남도 부여군 부여읍 가탑로 75,null,null,24시간 이용가능,36.2757444,126.9313596,ME,환경부,환경부,1661-9408,2,20250515161558,20250515081550,20250515082221,,,200,동시,44,44760,A0,A003,Y,,N,,N,,N,2021,충청남도
서산 인삼농협 주차장,ME21C2A2,21,04,충청남도 서산시 남부순환로 11,null,null,24시간 이용가능,36.754285,126.4959481,ME,환경부,환경부,1661-9408,2,20250515161520,20250515092539,20250515100540,,,200,동시,44,44210,B0,B001,Y,,N,,N,,N,2021,충청남도
서산 인삼농협 주차장,ME21C2A2,22,04,충청남도 서산시 남부순환로 11,null,null,24시간 이용가능,36.754285,126.4959481,ME,환경부,환경부,1661-9408,2,20250515161521,20250515093647,20250515101447,,,200,동시,44,44210,B0,B001,Y,,N,,N,,N,2021,충청남도
서산 충서원예농협,ME21C2A3,21,04,충청남도 서산시 고운로 353,null,null,24시간 이용가능,36.786514,126.474122,ME,환경부,환경부,1661-9408,2,20250515161531,20250514171756,20250514173538,,,200,동시,44,44210,B0,B001,Y,,N,,N,,N,2021,충청남도
서산 충서원예농협,ME21C2A3,22,04,충청남도 서산시 고운로 353,null,null,24시간 이용가능,36.786514,126.474122,ME,환경부,환경부,1661-9408,2,20250515161511,20250515090148,20250515094148,,,200,동시,44,44210,B0,B001,Y,,N,,N,,N,2021,충청남도
서산경찰서,ME21C2A9,21,04,충청남도 서산시 안견로 327,null,null,평일 09:00 ~ 18:00 (주말 및 공휴일 미개방),36.777243,126.447352,ME,환경부,환경부,1661-9408,2,20250515161555,20250515090459,20250515092541,,,200,동시,44,44210,I0,I004,Y,,N,,N,,N,2021,충청남도
서산경찰서,ME21C2A9,22,04,충청남도 서산시 안견로 327,null,null,평일 09:00 ~ 18:00 (주말 및 공휴일 미개방),36.777243,126.447352,ME,환경부,환경부,1661-9408,2,20250515161556,20250515144742,20250515152629,,,200,동시,44,44210,I0,I004,Y,,N,,N,,N,2021,충청남도
한국농어촌공사 보령지사,ME21C403,21,04,충청남도 보령시 죽성로 94-19,null,null,24시간 이용가능,36.378222,126.6248023,ME,환경부,환경부,1661-9408,2,20250515161515,20250512154448,20250512161304,,,200,동시,44,44180,A0,A003,Y,,N,,N,,N,2021,충청남도
한국농어촌공사 보령지사,ME21C403,22,04,충청남도 보령시 죽성로 94-19,null,null,24시간 이용가능,36.378222,126.6248023,ME,환경부,환경부,1661-9408,2,20250515161516,20250514100413,20250514101453,,,200,동시,44,44180,A0,A003,Y,,N,,N,,N,2021,충청남도
한국농어촌공사 보령지사,ME21C403,23,04,충청남도 보령시 죽성로 94-19,null,null,24시간 이용가능,36.378222,126.6248023,ME,환경부,환경부,1661-9408,2,20250515161601,20250414112723,20250414113006,,,200,동시,44,44180,A0,A003,Y,,N,,N,,N,2021,충청남도
한국농어촌공사 보령지사,ME21C403,24,04,충청남도 보령시 죽성로 94-19,null,null,24시간 이용가능,36.378222,126.6248023,ME,환경부,환경부,1661-9408,2,20250515161602,20250504101855,20250504105856,,,200,동시,44,44180,A0,A003,Y,,N,,N,,N,2021,충청남도
한국기술교육대학교,ME21C412,21,04,충청남도 천안시 동남구 병천면 충절로 1600,null,null,평일 09:00 ~ 19:00 (주말 미개방),36.7669508,127.2836733,ME,환경부,환경부,1661-9408,2,20250515161552,20250512124323,20250512132324,,,200,동시,44,44130,J0,J001,Y,,N,,N,,N,2021,충청남도
한국기술교육대학교,ME21C412,22,04,충청남도 천안시 동남구 병천면 충절로 1600,null,null,평일 09:00 ~ 19:00 (주말 미개방),36.7669508,127.2836733,ME,환경부,환경부,1661-9408,2,20250515161554,20250514105138,20250514112824,,,200,동시,44,44130,J0,J001,Y,,N,,N,,N,2021,충청남도
한국기술교육대학교,ME21C412,23,04,충청남도 천안시 동남구 병천면 충절로 1600,null,null,평일 09:00 ~ 19:00 (주말 미개방),36.7669508,127.2836733,ME,환경부,환경부,1661-9408,2,20250515161557,20250514132718,20250514134833,,,200,동시,44,44130,J0,J001,Y,,N,,N,,N,2021,충청남도
한국기술교육대학교,ME21C412,24,04,충청남도 천안시 동남구 병천면 충절로 1600,null,null,평일 09:00 ~ 19:00 (주말 미개방),36.7669508,127.2836733,ME,환경부,환경부,1661-9408,2,20250515161558,20250515090306,20250515094201,,,200,동시,44,44130,J0,J001,Y,,N,,N,,N,2021,충청남도
계룡제1산업단지공용주차장,ME21C416,21,04,충청남도 계룡시 두마면 입암리 57,null,null,09:00 ~ 19:00,36.251741,127.2725466,ME,환경부,환경부,1661-9408,2,20250515161541,20250515143011,20250515150717,,,200,동시,44,44250,B0,B001,Y,,N,,N,,N,2021,충청남도
계룡제1산업단지공용주차장,ME21C416,22,04,충청남도 계룡시 두마면 입암리 57,null,null,09:00 ~ 19:00,36.251741,127.2725466,ME,환경부,환경부,1661-9408,2,20250515161542,20250515123030,20250515125012,,,200,동시,44,44250,B0,B001,Y,,N,,N,,N,2021,충청남도
계룡제1산업단지공용주차장,ME21C416,23,04,충청남도 계룡시 두마면 입암리 57,null,null,09:00 ~ 19:00,36.251741,127.2725466,ME,환경부,환경부,1661-9408,2,20250515161510,20250515091137,20250515094409,,,200,동시,44,44250,B0,B001,Y,,N,,N,,N,2021,충청남도
계룡제1산업단지공용주차장,ME21C416,24,04,충청남도 계룡시 두마면 입암리 57,null,null,09:00 ~ 19:00,36.251741,127.2725466,ME,환경부,환경부,1661-9408,3,20250515161512,20250515080439,20250515081916,20250515154212,,200,동시,44,44250,B0,B001,Y,,N,,N,,N,2021,충청남도
소노벨천안,ME21C417,21,04,충청남도 천안시 동남구 성남면 종합휴양지로 200,null,null,24시간 이용가능,36.7551623,127.2256447,ME,환경부,환경부,1661-9408,2,20250515161533,20250515110501,20250515114502,,,200,동시,44,44130,E0,E003,Y,,N,,N,,N,2021,충청남도
소노벨천안,ME21C417,22,04,충청남도 천안시 동남구 성남면 종합휴양지로 200,null,null,24시간 이용가능,36.7551623,127.2256447,ME,환경부,환경부,1661-9408,2,20250515161534,20250515095107,20250515100353,,,200,동시,44,44130,E0,E003,Y,,N,,N,,N,2021,충청남도
소노벨천안,ME21C417,23,04,충청남도 천안시 동남구 성남면 종합휴양지로 200,null,null,24시간 이용가능,36.7551623,127.2256447,ME,환경부,환경부,1661-9408,2,20250515161516,20250515072128,20250515074846,,,200,동시,44,44130,E0,E003,Y,,N,,N,,N,2021,충청남도
소노벨천안,ME21C417,24,04,충청남도 천안시 동남구 성남면 종합휴양지로 200,null,null,24시간 이용가능,36.7551623,127.2256447,ME,환경부,환경부,1661-9408,2,20250515161517,20250515092039,20250515100040,,,200,동시,44,44130,E0,E003,Y,,N,,N,,N,2021,충청남도
당진근로자복지회관,ME21D032,01,06,충청남도 당진시 송악읍 부곡공단4길 53-13,null,null,09시~21시,36.9615916,126.7758363,ME,환경부,환경부,1661-9408,2,20250515160148,20250515121848,20250515125854,,,100,단독,44,44270,I0,I006,Y,,N,,N,,N,2021,충청남도
보령시청,ME21D033,01,06,충청남도 보령시 성주산로 77,null,null,24시간 이용가능,36.332936,126.6134651,ME,환경부,환경부,1661-9408,2,20250515161259,20250515101259,20250515103728,,,100,단독,44,44180,A0,A001,Y,,N,,N,,N,2021,충청남도
서산시청,ME21D034,01,06,충청남도 서산시 읍내동 472-5,null,null,24시간 이용가능,36.7834487,126.4503189,ME,환경부,환경부,1661-9408,2,20250515154902,20250515153302,20250515154909,,,100,단독,44,44210,A0,A001,Y,,N,,N,,N,2021,충청남도
안면읍사무소,ME21D035,01,06,충청남도 태안군 안면읍 장터로 149,null,null,24시간 이용가능,36.5208633,126.3449511,ME,환경부,환경부,1661-9408,3,20250515161456,20250514174252,20250514182258,20250515160050,,100,단독,44,44825,A0,A002,Y,,N,,N,,N,2021,충청남도
충남내포혁신플랫폼,ME21E154,91,04,충청남도 홍성군 홍북읍 홍예공원로 20,null,null,24시간 이용가능,36.6532443,126.6667373,ME,환경부,환경부,1661-9408,2,20250515155034,20250514224424,20250514232430,,,100,단독,44,44800,A0,A003,Y,,N,,N,,Y,2021,충청남도
천안시 서북구청,ME21E216,91,04,충청남도 천안시 서북구 성거읍 봉주로 75,null,null,24시간 이용가능,36.8776833,127.1542291,ME,환경부,환경부,1661-9408,2,20250515161331,20250515130059,20250515134103,,,100,단독,44,44130,A0,A003,Y,,N,,N,,Y,2021,충청남도
천안시 서북구청,ME21E216,92,04,충청남도 천안시 서북구 성거읍 봉주로 75,null,null,24시간 이용가능,36.8776833,127.1542291,ME,환경부,환경부,1661-9408,2,20250515161409,20250515043236,20250515050349,,,100,단독,44,44130,A0,A003,Y,,N,,N,,Y,2021,충청남도
충청남도도서관,ME21E301,91,04,충청남도 홍성군 홍북읍 도청대로 577,null,null,24시간 이용가능,36.6566881,126.6704201,ME,환경부,환경부,1661-9408,2,20250515155609,20250515125553,20250515132343,,,100,단독,44,44800,I0,I005,Y,,N,,N,,N,2021,충청남도
충청남도도서관,ME21E301,92,04,충청남도 홍성군 홍북읍 도청대로 577,null,null,24시간 이용가능,36.6566881,126.6704201,ME,환경부,환경부,1661-9408,2,20250515155033,20250514200925,20250514204928,,,100,단독,44,44800,I0,I005,Y,,N,,N,,N,2021,충청남도
충청남도도서관,ME21E301,93,04,충청남도 홍성군 홍북읍 도청대로 577,null,null,24시간 이용가능,36.6566881,126.6704201,ME,환경부,환경부,1661-9408,2,20250515161329,20250515135812,20250515141131,,,100,단독,44,44800,I0,I005,Y,,N,,N,,N,2021,충청남도
대천항 연안여객선터미널,ME21E402,91,04,충청남도 보령시 신흑동 2242,null,null,24시간 이용가능,36.326562,126.5116905,ME,환경부,환경부,1661-9408,2,20250515155933,20250515125406,20250515125640,,,100,단독,44,44180,B0,B001,Y,,N,,N,,Y,2021,충청남도
대천항 연안여객선터미널,ME21E402,92,04,충청남도 보령시 신흑동 2242,null,null,24시간 이용가능,36.326562,126.5116905,ME,환경부,환경부,1661-9408,2,20250515161316,20250515130803,20250515131031,,,100,단독,44,44180,B0,B001,Y,,N,,N,,Y,2021,충청남도
대천항 연안여객선터미널,ME21E402,93,04,충청남도 보령시 신흑동 2242,null,null,24시간 이용가능,36.326562,126.5116905,ME,환경부,환경부,1661-9408,2,20250515155924,20250515132515,20250515132655,,,100,단독,44,44180,B0,B001,Y,,N,,N,,Y,2021,충청남도
대천항 연안여객선터미널,ME21E402,94,04,충청남도 보령시 신흑동 2242,null,null,24시간 이용가능,36.326562,126.5116905,ME,환경부,환경부,1661-9408,9,20250515160810,20250515122838,20250515130502,,,100,단독,44,44180,B0,B001,Y,,N,,N,,N,2021,충청남도
서산화학재난합동방재센터,ME21E403,91,04,충청남도 서산시 대산읍 명지1로 213,null,null,24시간 이용가능,36.972594,126.3924271,ME,환경부,환경부,1661-9408,2,20250515155033,20250514122512,20250514124303,,,100,단독,44,44210,A0,A003,Y,,N,,N,,Y,2021,충청남도
서산화학재난합동방재센터,ME21E403,92,04,충청남도 서산시 대산읍 명지1로 213,null,null,24시간 이용가능,36.972594,126.3924271,ME,환경부,환경부,1661-9408,9,20250515160310,20250515084616,20250515092620,,,100,단독,44,44210,A0,A003,Y,,N,,N,,Y,2021,충청남도
서산화학재난합동방재센터,ME21E403,93,04,충청남도 서산시 대산읍 명지1로 213,null,null,24시간 이용가능,36.972594,126.3924271,ME,환경부,환경부,1661-9408,2,20250515155030,20250514092705,20250514100711,,,100,단독,44,44210,A0,A003,Y,,N,,N,,Y,2021,충청남도
서산화학재난합동방재센터,ME21E403,94,04,충청남도 서산시 대산읍 명지1로 213,null,null,24시간 이용가능,36.972594,126.3924271,ME,환경부,환경부,1661-9408,2,20250515155022,20250512101117,20250512104602,,,100,단독,44,44210,A0,A003,Y,,N,,N,,Y,2021,충청남도
신양영업소,ME22A325,31,04,충청남도 예산군 신양면 대덕리 713-12,null,null,24시간 이용가능,36.5904141,126.8630445,ME,환경부,환경부,1661-9408,2,20250515154949,20250512061459,20250512063724,,,300,동시,44,44810,A0,A003,Y,,N,,N,,N,2022,충청남도
신양영업소,ME22A325,32,04,충청남도 예산군 신양면 대덕리 713-12,null,null,24시간 이용가능,36.5904141,126.8630445,ME,환경부,환경부,1661-9408,2,20250515154946,20250509090814,20250509091002,,,300,동시,44,44810,A0,A003,Y,,N,,N,,N,2022,충청남도
문화예술타운 충전소,ME22A346,31,04,충청남도 태안군 태안읍 동문리 12-7,null,null,24시간 이용가능,36.754727,126.310150,ME,환경부,환경부,1661-9408,2,20250515154943,20250510113604,20250510121519,,,300,동시,44,44825,B0,B001,Y,,N,,N,,N,2022,충청남도
문화예술타운 충전소,ME22A346,32,04,충청남도 태안군 태안읍 동문리 12-7,null,null,24시간 이용가능,36.754727,126.310150,ME,환경부,환경부,1661-9408,2,20250515154948,20250514195703,20250514203709,,,300,동시,44,44825,B0,B001,Y,,N,,N,,N,2022,충청남도
대천연안여객선터미널 공영주차장,ME22A612,31,04,충청남도 보령시 신흑동 2242,null,null,24시간 이용가능,36.3265551,126.5118437,ME,환경부,환경부,1661-9408,2,20250515155843,20250515150855,20250515152818,,,300,동시,44,44180,B0,B001,Y,,N,,N,,N,2022,충청남도
대천연안여객선터미널 공영주차장,ME22A612,32,04,충청남도 보령시 신흑동 2242,null,null,24시간 이용가능,36.3265551,126.5118437,ME,환경부,환경부,1661-9408,2,20250515154758,20250515131403,20250515131540,,,300,동시,44,44180,B0,B001,Y,,N,,N,,N,2022,충청남도
대천연안여객선터미널 공영주차장,ME22A612,33,04,충청남도 보령시 신흑동 2242,null,null,24시간 이용가능,36.3265551,126.5118437,ME,환경부,환경부,1661-9408,9,20250515160810,20250515142614,20250515150620,,,300,동시,44,44180,B0,B001,Y,,N,,N,,N,2022,충청남도
대천연안여객선터미널 공영주차장,ME22A612,34,04,충청남도 보령시 신흑동 2242,null,null,24시간 이용가능,36.3265551,126.5118437,ME,환경부,환경부,1661-9408,2,20250515155629,20250515132235,20250515132412,,,300,동시,44,44180,B0,B001,Y,,N,,N,,N,2022,충청남도
보령해저터널 홍보관 공영주차장,ME22A613,31,04,충청남도 보령시 신흑동 2204-1,null,null,24시간 이용가능,36.3206729,126.5129898,ME,환경부,환경부,1661-9408,2,20250515161456,20250515123952,20250515124137,,,300,동시,44,44180,B0,B001,Y,,N,,N,,N,2022,충청남도
보령해저터널 홍보관 공영주차장,ME22A613,32,04,충청남도 보령시 신흑동 2204-1,null,null,24시간 이용가능,36.3206729,126.5129898,ME,환경부,환경부,1661-9408,2,20250515154650,20250515124223,20250515124400,,,300,동시,44,44180,B0,B001,Y,,N,,N,,N,2022,충청남도
보령해저터널 홍보관 공영주차장,ME22A613,33,04,충청남도 보령시 신흑동 2204-1,null,null,24시간 이용가능,36.3206729,126.5129898,ME,환경부,환경부,1661-9408,2,20250515154913,20250515124448,20250515124624,,,300,동시,44,44180,B0,B001,Y,,N,,N,,N,2022,충청남도
보령해저터널 홍보관 공영주차장,ME22A613,34,04,충청남도 보령시 신흑동 2204-1,null,null,24시간 이용가능,36.3206729,126.5129898,ME,환경부,환경부,1661-9408,2,20250515155133,20250515124711,20250515124847,,,300,동시,44,44180,B0,B001,Y,,N,,N,,N,2022,충청남도
서산태안축협(축산종합센터),ME22A614,31,04,충청남도 서산시 음암면 운암로 141-13,null,null,24시간 이용가능,36.7836147,126.5028363,ME,환경부,환경부,1661-9408,2,20250515154948,20250514151233,20250514152038,,,300,동시,44,44210,G0,G004,Y,,N,,N,,N,2022,충청남도
서산태안축협(축산종합센터),ME22A614,32,04,충청남도 서산시 음암면 운암로 141-13,null,null,24시간 이용가능,36.7836147,126.5028363,ME,환경부,환경부,1661-9408,3,20250515161515,20250515083546,20250515085247,20250515154653,,300,동시,44,44210,G0,G004,Y,,N,,N,,N,2022,충청남도
서산태안축협(축산종합센터),ME22A614,33,04,충청남도 서산시 음암면 운암로 141-13,null,null,24시간 이용가능,36.7836147,126.5028363,ME,환경부,환경부,1661-9408,2,20250515154950,20250513165839,20250513173845,,,300,동시,44,44210,G0,G004,Y,,N,,N,,N,2022,충청남도
서산태안축협(축산종합센터),ME22A614,34,04,충청남도 서산시 음암면 운암로 141-13,null,null,24시간 이용가능,36.7836147,126.5028363,ME,환경부,환경부,1661-9408,2,20250515154843,20250515075435,20250515081134,,,300,동시,44,44210,G0,G004,Y,,N,,N,,N,2022,충청남도
경찰대학,ME22A615,31,04,충청남도 아산시 신창면 황산리 473,null,null,08시~21시 (추후 완전개방할수도 있다함),36.7513974,126.9564270,ME,환경부,환경부,1661-9408,2,20250515154945,20250413195552,20250413201131,,,300,동시,44,44200,J0,J001,Y,,N,,N,,N,2022,충청남도
경찰대학,ME22A615,32,04,충청남도 아산시 신창면 황산리 473,null,null,08시~21시 (추후 완전개방할수도 있다함),36.7513974,126.9564270,ME,환경부,환경부,1661-9408,2,20250515154955,20250403143933,20250403144241,,,300,동시,44,44200,J0,J001,Y,,N,,N,,N,2022,충청남도
경찰대학,ME22A615,33,04,충청남도 아산시 신창면 황산리 473,null,null,08시~21시 (추후 완전개방할수도 있다함),36.7513974,126.9564270,ME,환경부,환경부,1661-9408,2,20250515154945,20250427155623,20250427161952,,,300,동시,44,44200,J0,J001,Y,,N,,N,,N,2022,충청남도
경찰대학,ME22A615,34,04,충청남도 아산시 신창면 황산리 473,null,null,08시~21시 (추후 완전개방할수도 있다함),36.7513974,126.9564270,ME,환경부,환경부,1661-9408,2,20250515154946,20250504165147,20250504172037,,,300,동시,44,44200,J0,J001,Y,,N,,N,,N,2022,충청남도
천안서북경찰서,ME22A616,31,04,충청남도 천안시 서북구 번영로 705,null,null,09시~18시,36.8574005,127.1373802,ME,환경부,환경부,1661-9408,2,20250515160921,20250515081828,20250515083212,,,300,동시,44,44130,I0,I004,Y,,N,,N,,N,2022,충청남도
천안서북경찰서,ME22A616,32,04,충청남도 천안시 서북구 번영로 705,null,null,09시~18시,36.8574005,127.1373802,ME,환경부,환경부,1661-9408,3,20250515161431,20250515152403,20250515160358,20250515160428,,300,동시,44,44130,I0,I004,Y,,N,,N,,N,2022,충청남도
천안서북경찰서,ME22A616,33,04,충청남도 천안시 서북구 번영로 705,null,null,09시~18시,36.8574005,127.1373802,ME,환경부,환경부,1661-9408,9,20250515160810,20250515152434,20250515153728,,,300,동시,44,44130,I0,I004,Y,,N,,N,,N,2022,충청남도
천안서북경찰서,ME22A616,34,04,충청남도 천안시 서북구 번영로 705,null,null,09시~18시,36.8574005,127.1373802,ME,환경부,환경부,1661-9408,9,20250515161310,20250515085656,20250515094005,,,300,동시,44,44130,I0,I004,Y,,N,,N,,N,2022,충청남도
공주소망주유소,ME22A902,31,04,충청남도 공주시 주미동 162-7,null,null,24시간 이용가능,36.4273686,127.1069427,ME,환경부,환경부,1661-9408,2,20250515154944,20250514163752,20250514170242,,,300,동시,44,44150,E0,E007,Y,,N,,N,,N,2022,충청남도
공주소망주유소,ME22A902,32,04,충청남도 공주시 주미동 162-7,null,null,24시간 이용가능,36.4273686,127.1069427,ME,환경부,환경부,1661-9408,2,20250515154947,20250512095307,20250512103159,,,300,동시,44,44150,E0,E007,Y,,N,,N,,N,2022,충청남도
공주소망주유소,ME22A902,33,04,충청남도 공주시 주미동 162-7,null,null,24시간 이용가능,36.4273686,127.1069427,ME,환경부,환경부,1661-9408,2,20250515154946,20250505135026,20250505140558,,,300,동시,44,44150,E0,E007,Y,,N,,N,,N,2022,충청남도
공주소망주유소,ME22A902,34,04,충청남도 공주시 주미동 162-7,null,null,24시간 이용가능,36.4273686,127.1069427,ME,환경부,환경부,1661-9408,2,20250515161421,20250515151527,20250515154443,,,300,동시,44,44150,E0,E007,Y,,N,,N,,N,2022,충청남도
공주소망주유소,ME22A902,35,04,충청남도 공주시 주미동 162-7,null,null,24시간 이용가능,36.4273686,127.1069427,ME,환경부,환경부,1661-9408,2,20250515154955,20250511170706,20250511173304,,,300,동시,44,44150,E0,E007,Y,,N,,N,,N,2022,충청남도
공주소망주유소,ME22A902,36,04,충청남도 공주시 주미동 162-7,null,null,24시간 이용가능,36.4273686,127.1069427,ME,환경부,환경부,1661-9408,2,20250515154944,20250411111541,20250411111734,,,300,동시,44,44150,E0,E007,Y,,N,,N,,N,2022,충청남도
벌곡(대전)휴게소,ME22B337,81,04,충청남도 논산시 벌곡로 9-58,null,null,24시간 이용가능,36.209817,127.2697871,ME,환경부,환경부,1661-9408,2,20250515155952,20250515151340,20250515152932,,,300,단독,44,44230,C0,C001,Y,,N,,N,,N,2022,충청남도
서천(서울)휴게소,ME22B338,81,04,충청남도 서천군 비인면 서해안고속도로 168 ,null,null,24시간 이용가능,36.1321619,126.6275059,ME,환경부,환경부,1661-9408,2,20250515160059,20250515152859,20250515153033,,,300,단독,44,44770,C0,C001,Y,,N,,N,,N,2022,충청남도
예산종합운동장 충전소,ME22B339,81,04,충청남도 예산군 예산읍 예산로 344,null,null,24시간 이용가능,36.6785544,126.8621895,ME,환경부,환경부,1661-9408,2,20250515155339,20250515104001,20250515111921,,,300,단독,44,44810,G0,G004,Y,,N,,N,,N,2022,충청남도
문화시설사업소(환경부),ME22B609,81,04,충청남도 서산시 해미면 읍내리 99-1,null,null,24시간 이용가능,36.7107363,126.5492167,ME,환경부,환경부,1661-9408,2,20250515155814,20250515121521,20250515125527,,,300,단독,44,44210,A0,A003,Y,,N,,N,,N,2022,충청남도
문화시설사업소(환경부),ME22B609,82,04,충청남도 서산시 해미면 읍내리 99-1,null,null,24시간 이용가능,36.7107363,126.5492167,ME,환경부,환경부,1661-9408,2,20250515155707,20250515125128,20250515132447,,,300,단독,44,44210,A0,A003,Y,,N,,N,,N,2022,충청남도
화물주차장,ME22B610,81,04,충청남도 서산시 지석로 201,null,null,24시간 이용가능,36.7998608,126.4417902,ME,환경부,환경부,1661-9408,2,20250515160514,20250515092648,20250515092902,,,300,단독,44,44210,B0,B001,Y,,N,,N,,N,2022,충청남도
화물주차장,ME22B610,82,04,충청남도 서산시 지석로 201,null,null,24시간 이용가능,36.7998608,126.4417902,ME,환경부,환경부,1661-9408,2,20250515160804,20250515092953,20250515093159,,,300,단독,44,44210,B0,B001,Y,,N,,N,,N,2022,충청남도
대산읍 커뮤니티센터,ME22B611,81,04,충청남도 서산시 대산읍 수구물로 21,null,null,24시간 이용가능,36.9369760,126.4295701,ME,환경부,환경부,1661-9408,2,20250515160707,20250515063714,20250515065856,,,300,단독,44,44210,A0,A004,Y,,N,,N,,N,2022,충청남도
대산읍 커뮤니티센터,ME22B611,82,04,충청남도 서산시 대산읍 수구물로 21,null,null,24시간 이용가능,36.9369760,126.4295701,ME,환경부,환경부,1661-9408,2,20250515154944,20250512163440,20250512163813,,,300,단독,44,44210,A0,A004,Y,,N,,N,,N,2022,충청남도
장항농협주유소,ME22B612,81,04,충청남도 서천군 성화로 83,null,null,24시간 이용가능,36.0169061,126.6925285,ME,환경부,환경부,1661-9408,2,20250515154947,20250514195423,20250514202957,,,300,단독,44,44770,E0,E007,Y,,N,,N,,N,2022,충청남도
장항농협주유소,ME22B612,82,04,충청남도 서천군 성화로 83,null,null,24시간 이용가능,36.0169061,126.6925285,ME,환경부,환경부,1661-9408,2,20250515155453,20250515120722,20250515122436,,,300,단독,44,44770,E0,E007,Y,,N,,N,,N,2022,충청남도
청양경찰서,ME22B613,81,04,충청남도 청양군 충절로1317,null,null,24시간 이용가능,36.4636475,126.7951461,ME,환경부,환경부,1661-9408,2,20250515155835,20250515095621,20250515102321,,,300,단독,44,44790,I0,I004,Y,,N,,N,,N,2022,충청남도
청양경찰서,ME22B613,82,04,충청남도 청양군 충절로1317,null,null,24시간 이용가능,36.4636475,126.7951461,ME,환경부,환경부,1661-9408,2,20250515154953,20250514114217,20250514114322,,,300,단독,44,44790,I0,I004,Y,,N,,N,,N,2022,충청남도
태안경찰서,ME22B614,81,04,충청남도 태안군 태안읍 동백로 112,null,null,24시간 이용가능,36.757431,126.289723,ME,환경부,환경부,1661-9408,2,20250515154946,20250514172228,20250514175917,,,300,단독,44,44825,I0,I004,Y,,N,,N,,N,2022,충청남도
태안경찰서,ME22B614,82,04,충청남도 태안군 태안읍 동백로 112,null,null,24시간 이용가능,36.757431,126.289723,ME,환경부,환경부,1661-9408,2,20250515154942,20250514205751,20250514211521,,,300,단독,44,44825,I0,I004,Y,,N,,N,,N,2022,충청남도
홍산면 행정복지센터,ME22B615,81,04,충청남도 부여군 홍산면 북촌리 188-6,null,null,24시간 이용가능,36.2164429,126.7601225,ME,환경부,환경부,1661-9408,2,20250515154948,20250514224125,20250514231233,,,300,단독,44,44760,A0,A002,Y,,N,,N,,N,2022,충청남도
홍산면 행정복지센터,ME22B615,82,04,충청남도 부여군 홍산면 북촌리 188-6,null,null,24시간 이용가능,36.2164429,126.7601225,ME,환경부,환경부,1661-9408,2,20250515154948,20250515123836,20250515131730,,,300,단독,44,44760,A0,A002,Y,,N,,N,,N,2022,충청남도
추모공원충전소,ME22B619,81,04,충청남도 천안시 동남구 광덕면 밤나무골길 38,null,null,24시간 이용가능,36.66225,127.1175788,ME,환경부,환경부,1661-9408,2,20250515154944,20250508153251,20250508153427,,,300,단독,44,44130,D0,D001,Y,,N,,N,,N,2022,충청남도
추모공원충전소,ME22B619,82,04,충청남도 천안시 동남구 광덕면 밤나무골길 38,null,null,24시간 이용가능,36.66225,127.1175788,ME,환경부,환경부,1661-9408,2,20250515154943,20250511204410,20250511205801,,,300,단독,44,44130,D0,D001,Y,,N,,N,,N,2022,충청남도
홍주문화회관 주차장,ME22B901,81,04,충청남도 홍성군 홍성읍 옥암리 125-6,null,null,24시간 이용가능,36.5941911,126.6507899,ME,환경부,환경부,1661-9408,9,20250508104810,20250507210354,20250507213058,,,300,단독,44,44800,J0,J005,Y,,N,,N,,N,2022,충청남도
홍주문화회관 주차장,ME22B901,82,04,충청남도 홍성군 홍성읍 옥암리 125-6,null,null,24시간 이용가능,36.5941911,126.6507899,ME,환경부,환경부,1661-9408,9,20250508104810,20250507124026,20250507125856,,,300,단독,44,44800,J0,J005,Y,,N,,N,,N,2022,충청남도
홍주문화회관 주차장,ME22B901,83,04,충청남도 홍성군 홍성읍 옥암리 125-6,null,null,24시간 이용가능,36.5941911,126.6507899,ME,환경부,환경부,1661-9408,9,20250508104810,20250508001701,20250508004806,,,300,단독,44,44800,J0,J005,Y,,N,,N,,N,2022,충청남도
벌곡(대전)휴게소,ME22C1G4,01,04,충청남도 논산시 벌곡면 양산리 156,null,null,24시간 이용가능,36.209817,127.2697871,ME,환경부,환경부,1661-9408,9,20250515160810,20250515152713,20250515153715,,,100,단독,44,44230,C0,C001,Y,,N,,N,,N,2022,충청남도
아산시노인종합복지관,ME22C1G5,01,04,충청남도 아산시 남산로 10,null,null,24시간 이용가능,36.78219,126.9954656,ME,환경부,환경부,1661-9408,2,20250515154956,20250514194554,20250514200413,,,100,단독,44,44200,I0,I006,Y,,N,,N,,N,2022,충청남도
천안시장애인종합복지관,ME22C1G6,01,04,충청남도 천안시 서북구 두정고2길 51,null,null,24시간 이용가능,36.8384345,127.1313901,ME,환경부,환경부,1661-9408,2,20250515154957,20250514060912,20250514064918,,,100,단독,44,44130,I0,I006,Y,,N,,N,,N,2022,충청남도
정신요양시설 성지드림빌,ME22C1G7,01,04,충청남도 논산시 연산면 한전2길 45-14,null,null,24시간 이용가능,36.2050989,127.1867217,ME,환경부,환경부,1661-9408,2,20250515161156,20250515153706,20250515161155,,,100,단독,44,44230,I0,I001,Y,,N,,N,,N,2022,충청남도
신평로주차장,ME22C1I9,01,04,충청남도 보령시 동대동 983-164,null,null,24시간 이용가능,36.3539507,126.6044759,ME,환경부,환경부,1661-9408,2,20250515154945,20250514165526,20250514165848,,,100,단독,44,44180,B0,B001,Y,,N,,N,,N,2022,충청남도
장항농협주유소,ME22C217,01,04,충청남도 서천군 장항읍 성화로 83,null,null,24시간 이용가능,36.0169061,126.6925285,ME,환경부,환경부,1661-9408,2,20250515154947,20250514171452,20250514172419,,,100,단독,44,44770,E0,E007,Y,,N,,N,,N,2022,충청남도
장항농협주유소,ME22C217,02,04,충청남도 서천군 장항읍 성화로 83,null,null,24시간 이용가능,36.0169061,126.6925285,ME,환경부,환경부,1661-9408,2,20250515154950,20250514165607,20250514171418,,,100,단독,44,44770,E0,E007,Y,,N,,N,,N,2022,충청남도
추모공원충전소,ME22C261,01,04,충청남도 천안시 동남구 광덕면 밤나무골길 38,null,null,24시간 이용가능,36.66225,127.1175788,ME,환경부,환경부,1661-9408,2,20250515154954,20250514074733,20250514075543,,,100,단독,44,44130,D0,D001,Y,,N,,N,,N,2022,충청남도
추모공원충전소,ME22C261,02,04,충청남도 천안시 동남구 광덕면 밤나무골길 38,null,null,24시간 이용가능,36.66225,127.1175788,ME,환경부,환경부,1661-9408,2,20250515154949,20250512180747,20250512184736,,,100,단독,44,44130,D0,D001,Y,,N,,N,,N,2022,충청남도
문화시설사업소(환경부),ME22C288,01,04,충청남도 서산시 해미면 읍내리 99-1,null,null,24시간 이용가능,36.7107363,126.5492167,ME,환경부,환경부,1661-9408,2,20250515154953,20250514121052,20250514124030,,,100,단독,44,44210,A0,A003,Y,,N,,N,,N,2022,충청남도
문화시설사업소(환경부),ME22C288,02,04,충청남도 서산시 해미면 읍내리 99-1,null,null,24시간 이용가능,36.7107363,126.5492167,ME,환경부,환경부,1661-9408,2,20250515154627,20250515131004,20250515134440,,,100,단독,44,44210,A0,A003,Y,,N,,N,,N,2022,충청남도
화물주차장,ME22C289,01,04,충청남도 서산시 지석로 201,null,null,24시간 이용가능,36.7998608,126.4417902,ME,환경부,환경부,1661-9408,2,20250515155559,20250515091812,20250515091957,,,100,단독,44,44210,B0,B001,Y,,N,,N,,N,2022,충청남도
화물주차장,ME22C289,02,04,충청남도 서산시 지석로 201,null,null,24시간 이용가능,36.7998608,126.4417902,ME,환경부,환경부,1661-9408,2,20250515155828,20250515092044,20250515092228,,,100,단독,44,44210,B0,B001,Y,,N,,N,,N,2022,충청남도
대산읍 커뮤니티센터,ME22C290,01,04,충청남도 서산시 대산읍 수구물로 21,null,null,24시간 이용가능,36.9369760,126.4295701,ME,환경부,환경부,1661-9408,2,20250515154954,20250514201007,20250514203007,,,100,단독,44,44210,A0,A004,Y,,N,,N,,N,2022,충청남도
대산읍 커뮤니티센터,ME22C290,02,04,충청남도 서산시 대산읍 수구물로 21,null,null,24시간 이용가능,36.9369760,126.4295701,ME,환경부,환경부,1661-9408,2,20250515160401,20250515135237,20250515143240,,,100,단독,44,44210,A0,A004,Y,,N,,N,,N,2022,충청남도
당진경찰서,ME22C291,01,04,충청남도 당진시 무수동7길 144,null,null,24시간 이용가능,36.8936299,126.6406485,ME,환경부,환경부,1661-9408,2,20250515154948,20250512220424,20250512224429,,,100,단독,44,44270,I0,I004,Y,,N,,N,,N,2022,충청남도
당진경찰서,ME22C291,02,04,충청남도 당진시 무수동7길 144,null,null,24시간 이용가능,36.8936299,126.6406485,ME,환경부,환경부,1661-9408,2,20250515154954,20250512131822,20250512135015,,,100,단독,44,44270,I0,I004,Y,,N,,N,,N,2022,충청남도
금산경찰서,ME22C292,01,04,충청남도 금산군 금산읍 인삼로 201,null,null,24시간 이용가능,36.1029139,127.5041077,ME,환경부,환경부,1661-9408,2,20250515154953,20250429115811,20250429123833,,,100,단독,44,44710,I0,I004,Y,,N,,N,,N,2022,충청남도
금산경찰서,ME22C292,02,04,충청남도 금산군 금산읍 인삼로 201,null,null,24시간 이용가능,36.1029139,127.5041077,ME,환경부,환경부,1661-9408,2,20250515160326,20250515094819,20250515102825,,,100,단독,44,44710,I0,I004,Y,,N,,N,,N,2022,충청남도
태안경찰서,ME22C293,01,04,충청남도 태안군 태안읍 동백로 112,null,null,24시간 이용가능,36.757431,126.289723,ME,환경부,환경부,1661-9408,9,20250515160810,20250515112350,20250515120356,,,100,단독,44,44825,I0,I004,Y,,N,,N,,N,2022,충청남도
태안경찰서,ME22C293,02,04,충청남도 태안군 태안읍 동백로 112,null,null,24시간 이용가능,36.757431,126.289723,ME,환경부,환경부,1661-9408,2,20250515154959,20250514184630,20250514190325,,,100,단독,44,44825,I0,I004,Y,,N,,N,,N,2022,충청남도
읍내리 덕산시장 공영주차장,ME22C294,01,04,충청남도 예산군 덕산면 봉운로 40,null,null,24시간 이용가능,36.7059516,126.6679992,ME,환경부,환경부,1661-9408,2,20250515154948,20250514202155,20250514210200,,,100,단독,44,44810,B0,B001,Y,,N,,N,,N,2022,충청남도
읍내리 덕산시장 공영주차장,ME22C294,02,04,충청남도 예산군 덕산면 봉운로 40,null,null,24시간 이용가능,36.7059516,126.6679992,ME,환경부,환경부,1661-9408,2,20250515160751,20250515085148,20250515093151,,,100,단독,44,44810,B0,B001,Y,,N,,N,,N,2022,충청남도
홍산면 행정복지센터,ME22C295,01,04,충청남도 부여군 홍산면 북촌리 188-6,null,null,24시간 이용가능,36.2164429,126.7601225,ME,환경부,환경부,1661-9408,2,20250515160529,20250515144135,20250515150541,,,100,단독,44,44760,A0,A002,Y,,N,,N,,N,2022,충청남도
홍산면 행정복지센터,ME22C295,02,04,충청남도 부여군 홍산면 북촌리 188-6,null,null,24시간 이용가능,36.2164429,126.7601225,ME,환경부,환경부,1661-9408,2,20250515154953,20250513124054,20250513130511,,,100,단독,44,44760,A0,A002,Y,,N,,N,,N,2022,충청남도
대천2동 마을주차장,ME22C2A0,01,04,충청남도 보령시 대천동 617-2,null,null,24시간 이용가능,36.3541119,126.6026654,ME,환경부,환경부,1661-9408,2,20250515154956,20250513165248,20250513172035,,,100,단독,44,44180,B0,B001,Y,,N,,N,,N,2022,충청남도
대천2동 마을주차장,ME22C2A0,02,04,충청남도 보령시 대천동 617-2,null,null,24시간 이용가능,36.3541119,126.6026654,ME,환경부,환경부,1661-9408,2,20250515154956,20250511052917,20250511060920,,,100,단독,44,44180,B0,B001,Y,,N,,N,,N,2022,충청남도
연산면사무소 충전소,ME22C2A2,01,04,충청남도 논산시 연산면 청동리 127-112,null,null,24시간 이용가능,36.2140113,127.2020714,ME,환경부,환경부,1661-9408,2,20250515155607,20250515142915,20250515145618,,,100,단독,44,44230,A0,A002,Y,,N,,N,,N,2022,충청남도
연산면사무소 충전소,ME22C2A2,02,04,충청남도 논산시 연산면 청동리 127-112,null,null,24시간 이용가능,36.2140113,127.2020714,ME,환경부,환경부,1661-9408,9,20250513151810,20250511093041,20250511101045,,,100,단독,44,44230,A0,A002,Y,,N,,N,,N,2022,충청남도
문화예술타운 충전소,ME22C409,01,04,충청남도 태안군 태안읍 동문리 11-2,null,null,24시간 이용가능,36.7546959,126.3101863,ME,환경부,환경부,1661-9408,2,20250515160754,20250515092649,20250515093153,,,100,단독,44,44825,D0,D002,Y,,N,,N,,N,2022,충청남도
문화예술타운 충전소,ME22C409,02,04,충청남도 태안군 태안읍 동문리 11-2,null,null,24시간 이용가능,36.7546959,126.3101863,ME,환경부,환경부,1661-9408,2,20250515154952,20250511171437,20250511175550,,,100,단독,44,44825,D0,D002,Y,,N,,N,,N,2022,충청남도
문화예술타운 충전소,ME22C409,03,04,충청남도 태안군 태안읍 동문리 11-2,null,null,24시간 이용가능,36.7546959,126.3101863,ME,환경부,환경부,1661-9408,2,20250515154953,20250514175635,20250514181641,,,100,단독,44,44825,D0,D002,Y,,N,,N,,N,2022,충청남도
문화예술타운 충전소,ME22C409,04,04,충청남도 태안군 태안읍 동문리 11-2,null,null,24시간 이용가능,36.7546959,126.3101863,ME,환경부,환경부,1661-9408,2,20250515154958,20250512110303,20250512114307,,,100,단독,44,44825,D0,D002,Y,,N,,N,,N,2022,충청남도
당진전통시장 공영주차장,ME22C410,01,04,충청남도 당진시 읍내동 662-19,null,null,24시간 이용가능,36.8890911,126.6290613,ME,환경부,환경부,1661-9408,2,20250515155001,20250420123354,20250420131400,,,100,단독,44,44270,B0,B001,Y,,N,,N,,N,2022,충청남도
당진전통시장 공영주차장,ME22C410,02,04,충청남도 당진시 읍내동 662-19,null,null,24시간 이용가능,36.8890911,126.6290613,ME,환경부,환경부,1661-9408,2,20250515155544,20250511163921,20250511170112,,,100,단독,44,44270,B0,B001,Y,,N,,N,,N,2022,충청남도
당진전통시장 공영주차장,ME22C410,03,04,충청남도 당진시 읍내동 662-19,null,null,24시간 이용가능,36.8890911,126.6290613,ME,환경부,환경부,1661-9408,2,20250515161337,20250515082106,20250515085749,,,100,단독,44,44270,B0,B001,Y,,N,,N,,N,2022,충청남도
당진전통시장 공영주차장,ME22C410,04,04,충청남도 당진시 읍내동 662-19,null,null,24시간 이용가능,36.8890911,126.6290613,ME,환경부,환경부,1661-9408,2,20250515160409,20250513100055,20250513103947,,,100,단독,44,44270,B0,B001,Y,,N,,N,,N,2022,충청남도
서산농협 남부지점,ME22D111,01,04,충청남도 서산시 중앙로 184,충청남도 서산시 중앙로 184,null,07:30 ~ 21:30 개방,36.7725637,126.4674678,ME,환경부,환경부,1661-9408,2,20250515161220,20250514104106,20250514113230,,,100,단독,44,44210,I0,I008,Y,,N,,N,,N,2022,충청남도
원조장어마을 옆 공영주차장,ME22D115,01,04,충청남도 서산시 한마음7로 25-1,충청남도 서산시 한마음7로 25-1,null,24시간 이용가능,36.7750685,126.4598611,ME,환경부,환경부,1661-9408,2,20250515161515,20250515000148,20250515004302,,,100,단독,44,44210,B0,B004,Y,,N,,N,,N,2022,충청남도
오가면 행정복지센터,ME22D177,01,04,충청남도 예산군 오가면 오가중앙로 86-12,충청남도 예산군 오가면 오가중앙로 86-12,null,24시간 이용가능,36.6872334,126.797653,ME,환경부,환경부,1661-9408,3,20250515161527,20250515125900,20250515134130,20250515161024,,100,단독,44,44810,A0,A002,Y,,N,,N,,N,2022,충청남도
홍성군 장애인 종합복지관,ME22D1A9,01,04,충청남도 홍성군 홍성읍 오관리 647-7,충청남도 홍성군 홍성읍 오관리 647-7,null,24시간 이용가능,36.5979357,126.6556641,ME,환경부,환경부,1661-9408,2,20250515161145,20250514163744,20250514165730,,,100,단독,44,44800,I0,I006,Y,,N,,N,,N,2022,충청남도
불당지구대,ME22D1F4,01,04,충청남도 천안시 불당23로 66, 충청남도 천안시 불당23로 66,null,24시간 이용가능,36.8178083,127.1081114,ME,환경부,환경부,1661-9408,2,20250515161606,20250515151525,20250515153940,,,100,단독,44,44130,I0,I004,Y,,N,,N,,N,2022,충청남도
청수파출소,ME22D1F5,01,04,충청남도 천안시 동남구 청수14로 103, 충청남도 천안시 동남구 청수14로 103,null,24시간 이용가능,36.7862377,127.1571478,ME,환경부,환경부,1661-9408,2,20250515161534,20250515145522,20250515153838,,,100,단독,44,44130,I0,I004,Y,,N,,N,,N,2022,충청남도
음봉파출소,ME22D1F6,01,04,충청남도 아산시 음봉면 음봉면로 19, 충청남도 아산시 음봉면 음봉면로 19,null,24시간 이용가능,36.8491087,127.0125524,ME,환경부,환경부,1661-9408,2,20250515161238,20250515141631,20250515142834,,,100,단독,44,44200,I0,I004,Y,,N,,N,,N,2022,충청남도
장재파출소,ME22D1F7,01,04,충청남도 아산시 배방읍 용연로 92, 충청남도 아산시 배방읍 용연로 92,null,24시간 이용가능,36.7886674,127.0906776,ME,환경부,환경부,1661-9408,2,20250515161159,20250514113420,20250514114332,,,100,단독,44,44200,I0,I004,Y,,N,,N,,N,2022,충청남도
신관지구대,ME22D1F8,01,04,충청남도 공주시 신관동 674-4, 충청남도 공주시 신관동 674-4,null,24시간 이용가능,36.4764334,127.1400181,ME,환경부,환경부,1661-9408,2,20250515161312,20250514222340,20250514224801,,,100,단독,44,44150,I0,I004,Y,,N,,N,,N,2022,충청남도
외내산파출소,ME22D1F9,01,04,충청남도 부여군 외산면 외산로 69, 충청남도 부여군 외산면 외산로 69,null,24시간 이용가능,36.3004779,126.7033173,ME,환경부,환경부,1661-9408,5,20250515161433,20250508165059,20250508165927,,,100,단독,44,44760,I0,I004,Y,,N,,N,,N,2022,충청남도
이인리 161-3 주차장,ME22D1H3,01,04,충청남도 공주시 이인면 이인리 161-3,충청남도 공주시 이인면 이인리 161-3,null,24시간 이용가능,36.3610643,127.0632042,ME,환경부,환경부,1661-9408,2,20250515161507,20250514195355,20250514200641,,,100,단독,44,44150,B0,B004,Y,,N,,N,,N,2022,충청남도
인주면행정복지센터,ME22D1H5,01,04,충청남도 아산시 인주면 현대로 1295,충청남도 아산시 인주면 현대로 1295,null,24시간 이용가능,36.8689783,126.8847272,ME,환경부,환경부,1661-9408,2,20250515161305,20250515115404,20250515123619,,,100,단독,44,44200,I0,I006,Y,,N,,N,,N,2022,충청남도
광천읍 행정복지센터,ME22D203,01,04,충청남도 홍성군 광천읍 신진리 411-46,충청남도 홍성군 광천읍 신진리 411-46,null,24시간 이용가능,36.5041465,126.6254456,ME,환경부,환경부,1661-9408,2,20250515161458,20250515120536,20250515124802,,,100,단독,44,44800,A0,A002,Y,,N,,N,,N,2022,충청남도
광천읍 행정복지센터,ME22D203,02,04,충청남도 홍성군 광천읍 신진리 411-46,충청남도 홍성군 광천읍 신진리 411-46,null,24시간 이용가능,36.5041465,126.6254456,ME,환경부,환경부,1661-9408,2,20250515161506,20250515142047,20250515145207,,,100,단독,44,44800,A0,A002,Y,,N,,N,,N,2022,충청남도
종합사회복지관 대산분관,ME22D214,01,04,충청남도 서산시 대산읍 대산1로 78-14,충청남도 서산시 대산읍 대산1로 78-14,null,24시간 이용가능,36.9397962,126.4382455,ME,환경부,환경부,1661-9408,2,20250515161231,20250515104943,20250515105147,,,100,단독,44,44210,I0,I006,Y,,N,,N,,N,2022,충청남도
종합사회복지관 대산분관,ME22D214,02,04,충청남도 서산시 대산읍 대산1로 78-14,충청남도 서산시 대산읍 대산1로 78-14,null,24시간 이용가능,36.9397962,126.4382455,ME,환경부,환경부,1661-9408,2,20250515161227,20250515110345,20250515110548,,,100,단독,44,44210,I0,I006,Y,,N,,N,,N,2022,충청남도
공주시민운동장,ME22D222,01,04,충청남도 공주시 고마나루길 25,충청남도 공주시 고마나루길 25,null,24시간 이용가능,36.4615254,127.1090898,ME,환경부,환경부,1661-9408,2,20250515161528,20250514154051,20250514155025,,,100,단독,44,44150,B0,B001,Y,,N,,N,,N,2022,충청남도
공주시민운동장,ME22D222,02,04,충청남도 공주시 고마나루길 25,충청남도 공주시 고마나루길 25,null,24시간 이용가능,36.4615254,127.1090898,ME,환경부,환경부,1661-9408,2,20250515161446,20250515122930,20250515125402,,,100,단독,44,44150,B0,B001,Y,,N,,N,,N,2022,충청남도
대산리공영2주차장,ME22D239,01,04,충청남도 서산시 대산읍 대산리 1615,충청남도 서산시 대산읍 대산리 1615,null,24시간 이용가능,36.9402402,126.4296374,ME,환경부,환경부,1661-9408,2,20250515161457,20250512121412,20250512125556,,,100,단독,44,44210,B0,B001,Y,,N,,N,,N,2022,충청남도
대산리공영2주차장,ME22D239,02,04,충청남도 서산시 대산읍 대산리 1615,충청남도 서산시 대산읍 대산리 1615,null,24시간 이용가능,36.9402402,126.4296374,ME,환경부,환경부,1661-9408,2,20250515161330,20250515082611,20250515085949,,,100,단독,44,44210,B0,B001,Y,,N,,N,,N,2022,충청남도
공주시보건소,ME22D240,01,04,충청남도 공주시 봉황로 125,충청남도 공주시 봉황로 125,null,24시간 이용가능,36.4572375,127.1207702,ME,환경부,환경부,1661-9408,2,20250515160955,20250515115052,20250515122436,,,100,단독,44,44150,I0,I003,Y,,N,,N,,N,2022,충청남도
공주시보건소,ME22D240,02,04,충청남도 공주시 봉황로 125,충청남도 공주시 봉황로 125,null,24시간 이용가능,36.4572375,127.1207702,ME,환경부,환경부,1661-9408,5,20250515161523,20250514170746,20250514174720,,,100,단독,44,44150,I0,I003,Y,,N,,N,,N,2022,충청남도
예산시장 활성화 공영주차장,ME22D241,01,04,충청남도 예산군 예산읍 대회리 232-19,충청남도 예산군 예산읍 대회리 232-19,null,24시간 이용가능,36.6755692,126.8484133,ME,환경부,환경부,1661-9408,2,20250515161420,20250515133812,20250515140102,,,100,단독,44,44810,B0,B001,Y,,N,,N,,N,2022,충청남도
예산시장 활성화 공영주차장,ME22D241,02,04,충청남도 예산군 예산읍 대회리 232-19,충청남도 예산군 예산읍 대회리 232-19,null,24시간 이용가능,36.6755692,126.8484133,ME,환경부,환경부,1661-9408,5,20250515161423,20250515133322,20250515140028,,,100,단독,44,44810,B0,B001,Y,,N,,N,,N,2022,충청남도
신례원신암파출소,ME22D262,01,04,충청남도 예산군 예산읍 신례원로 181, 충청남도 예산군 예산읍 신례원로 181,null,24시간 이용가능,36.7255028,126.8432787,ME,환경부,환경부,1661-9408,2,20250515161608,20250515115751,20250515121839,,,100,단독,44,44810,I0,I004,Y,,N,,N,,N,2022,충청남도
신례원신암파출소,ME22D262,02,04,충청남도 예산군 예산읍 신례원로 181, 충청남도 예산군 예산읍 신례원로 181,null,24시간 이용가능,36.7255028,126.8432787,ME,환경부,환경부,1661-9408,2,20250515161606,20250512182821,20250512184701,,,100,단독,44,44810,I0,I004,Y,,N,,N,,N,2022,충청남도
안면파출소,ME22D263,01,04,충청남도 태안군 안면읍 장터로 145, 충청남도 태안군 안면읍 장터로 145,null,24시간 이용가능,36.515401,126.3538126,ME,환경부,환경부,1661-9408,2,20250515161554,20250514174749,20250514182949,,,100,단독,44,44825,I0,I004,Y,,N,,N,,N,2022,충청남도
안면파출소,ME22D263,02,04,충청남도 태안군 안면읍 장터로 145, 충청남도 태안군 안면읍 장터로 145,null,24시간 이용가능,36.515401,126.3538126,ME,환경부,환경부,1661-9408,3,20250515161413,20250514070525,20250514073446,20250515161403,,100,단독,44,44825,I0,I004,Y,,N,,N,,N,2022,충청남도
금산군 게이트볼장,ME22D408,01,04,충청남도 금산군 금산읍 상리 2,충청남도 금산군 금산읍 상리 2,null,24시간 이용가능,36.1122859,127.4895651,ME,환경부,환경부,1661-9408,2,20250515161308,20250514154225,20250514161801,,,100,단독,44,44710,A0,A004,Y,,N,,N,,N,2022,충청남도
금산군 게이트볼장,ME22D408,02,04,충청남도 금산군 금산읍 상리 2,충청남도 금산군 금산읍 상리 2,null,24시간 이용가능,36.1122859,127.4895651,ME,환경부,환경부,1661-9408,2,20250515161314,20250514175024,20250514181931,,,100,단독,44,44710,A0,A004,Y,,N,,N,,N,2022,충청남도
금산군 게이트볼장,ME22D408,03,04,충청남도 금산군 금산읍 상리 2,충청남도 금산군 금산읍 상리 2,null,24시간 이용가능,36.1122859,127.4895651,ME,환경부,환경부,1661-9408,2,20250515161313,20250514145610,20250514145751,,,100,단독,44,44710,A0,A004,Y,,N,,N,,N,2022,충청남도
금산군 게이트볼장,ME22D408,04,04,충청남도 금산군 금산읍 상리 2,충청남도 금산군 금산읍 상리 2,null,24시간 이용가능,36.1122859,127.4895651,ME,환경부,환경부,1661-9408,2,20250515161313,20250514172648,20250514174105,,,100,단독,44,44710,A0,A004,Y,,N,,N,,N,2022,충청남도
유구읍행정복지센터 충전소,ME23A231,21,04,충청남도 공주시 유구읍 석남리 388-12,null,null,24시간 이용가능,36.5522195,126.9504619,ME,환경부,환경부,1661-9408,2,20250515154959,20250508160706,20250508164712,,,200,단독,44,44150,A0,A002,Y,,N,,N,,N,2023,충청남도
유구읍행정복지센터 충전소,ME23A231,22,04,충청남도 공주시 유구읍 석남리 388-12,null,null,24시간 이용가능,36.5522195,126.9504619,ME,환경부,환경부,1661-9408,2,20250515161125,20250515134838,20250515140940,,,200,단독,44,44150,A0,A002,Y,,N,,N,,N,2023,충청남도
사적관리소,ME23A232,21,04,충청남도 천안시 유관순길 38,null,null,24시간 이용가능,36.7605228,127.3078034,ME,환경부,환경부,1661-9408,2,20250515154948,20250514205552,20250514211627,,,200,단독,44,44130,D0,D009,Y,,N,,N,,N,2023,충청남도
사적관리소,ME23A232,22,04,충청남도 천안시 유관순길 38,null,null,24시간 이용가능,36.7605228,127.3078034,ME,환경부,환경부,1661-9408,9,20250515160310,20250515130324,20250515133001,,,200,단독,44,44130,D0,D009,Y,,N,,N,,N,2023,충청남도
태안군 남면사무소,ME23A233,21,04,충청남도 태안군 달산포로 311,null,null,24시간 이용가능,36.6715995,126.2979686,ME,환경부,환경부,1661-9408,2,20250515160542,20250515122358,20250515123229,,,200,단독,44,44825,A0,A002,Y,,N,,N,,N,2023,충청남도
태안군 남면사무소,ME23A233,22,04,충청남도 태안군 달산포로 311,null,null,24시간 이용가능,36.6715995,126.2979686,ME,환경부,환경부,1661-9408,2,20250515154953,20250513131641,20250513135647,,,200,단독,44,44825,A0,A002,Y,,N,,N,,N,2023,충청남도
광천 전통시장 2주차장,ME23A237,21,04,충청남도 홍성군 광천읍 광천리 230-48,null,null,24시간 이용가능,36.4993431,126.6241177,ME,환경부,환경부,1661-9408,2,20250515155003,20250514124704,20250514132710,,,200,단독,44,44800,B0,B001,Y,,N,,N,,N,2023,충청남도
광천 전통시장 2주차장,ME23A237,22,04,충청남도 홍성군 광천읍 광천리 230-48,null,null,24시간 이용가능,36.4993431,126.6241177,ME,환경부,환경부,1661-9408,2,20250515155003,20250514121650,20250514125655,,,200,단독,44,44800,B0,B001,Y,,N,,N,,N,2023,충청남도
남당항 주차장,ME23A238,21,04,충청남도 홍성군 서부면 남당리 861-2,null,null,24시간 이용가능,36.5395396,126.4704483,ME,환경부,환경부,1661-9408,2,20250515155657,20250515114730,20250515122346,,,200,단독,44,44800,B0,B001,N,,N,,N,,N,2023,충청남도
남당항 주차장,ME23A238,22,04,충청남도 홍성군 서부면 남당리 861-2,null,null,24시간 이용가능,36.5395396,126.4704483,ME,환경부,환경부,1661-9408,9,20250515161310,20250511180426,20250511182007,,,200,단독,44,44800,B0,B001,N,,N,,N,,N,2023,충청남도
서부 남당주차장,ME23A239,21,04,충청남도 홍성군 서부면 남당리 578-2,null,null,24시간 이용가능,36.5426799,126.4718383,ME,환경부,환경부,1661-9408,2,20250515154956,20250513154226,20250513160429,,,200,단독,44,44800,B0,B001,Y,,N,,N,,N,2023,충청남도
서부 남당주차장,ME23A239,22,04,충청남도 홍성군 서부면 남당리 578-2,null,null,24시간 이용가능,36.5426799,126.4718383,ME,환경부,환경부,1661-9408,2,20250515154956,20250514180152,20250514182834,,,200,단독,44,44800,B0,B001,Y,,N,,N,,N,2023,충청남도
천안추모공원,ME23A407,21,04,충청남도 천안시 동남구 밤나무골길 38,null,null,24시간 이용가능,36.6623508,127.117536,ME,환경부,환경부,1661-9408,2,20250515154948,20250513113313,20250513115418,,,200,단독,44,44130,D0,D001,Y,,N,,N,,N,2023,충청남도
천안추모공원,ME23A407,22,04,충청남도 천안시 동남구 밤나무골길 38,null,null,24시간 이용가능,36.6623508,127.117536,ME,환경부,환경부,1661-9408,2,20250515154949,20250508154137,20250508154319,,,200,단독,44,44130,D0,D001,Y,,N,,N,,N,2023,충청남도
천안추모공원,ME23A407,23,04,충청남도 천안시 동남구 밤나무골길 38,null,null,24시간 이용가능,36.6623508,127.117536,ME,환경부,환경부,1661-9408,2,20250515154951,20250508153824,20250508154003,,,200,단독,44,44130,D0,D001,Y,,N,,N,,N,2023,충청남도
천안추모공원,ME23A407,24,04,충청남도 천안시 동남구 밤나무골길 38,null,null,24시간 이용가능,36.6623508,127.117536,ME,환경부,환경부,1661-9408,2,20250515160926,20250515133157,20250515140739,,,200,단독,44,44130,D0,D001,Y,,N,,N,,N,2023,충청남도
태안군청 충전소,ME23A408,21,04,충청남도 태안군 태안읍 남문리 84-10,null,null,24시간 이용가능,36.7445946,126.2980646,ME,환경부,환경부,1661-9408,2,20250515160201,20250513102110,20250513110116,,,200,단독,44,44825,A0,A001,Y,,N,,N,,N,2023,충청남도
태안군청 충전소,ME23A408,22,04,충청남도 태안군 태안읍 남문리 84-10,null,null,24시간 이용가능,36.7445946,126.2980646,ME,환경부,환경부,1661-9408,2,20250515160201,20250515133940,20250515140453,,,200,단독,44,44825,A0,A001,Y,,N,,N,,N,2023,충청남도
태안군청 충전소,ME23A408,23,04,충청남도 태안군 태안읍 남문리 84-10,null,null,24시간 이용가능,36.7445946,126.2980646,ME,환경부,환경부,1661-9408,9,20250515155310,20250514103029,20250514104552,,,200,단독,44,44825,A0,A001,Y,,N,,N,,N,2023,충청남도
태안군청 충전소,ME23A408,24,04,충청남도 태안군 태안읍 남문리 84-10,null,null,24시간 이용가능,36.7445946,126.2980646,ME,환경부,환경부,1661-9408,2,20250515155238,20250515141334,20250515143750,,,200,단독,44,44825,A0,A001,Y,,N,,N,,N,2023,충청남도
목천 제1공영주차장,ME23A804,21,04,충청남도 천안시 동남구 목천읍 운전리 562,null,null,24시간 이용가능,36.7626515,127.2284379,ME,환경부,환경부,1661-9408,2,20250515160056,20250515103818,20250515105617,,,200,단독,44,44130,B0,B001,Y,,N,,N,,N,2023,충청남도
목천 제1공영주차장,ME23A804,22,04,충청남도 천안시 동남구 목천읍 운전리 562,null,null,24시간 이용가능,36.7626515,127.2284379,ME,환경부,환경부,1661-9408,2,20250515154954,20250511204732,20250511210711,,,200,단독,44,44130,B0,B001,Y,,N,,N,,N,2023,충청남도
목천 제1공영주차장,ME23A804,23,04,충청남도 천안시 동남구 목천읍 운전리 562,null,null,24시간 이용가능,36.7626515,127.2284379,ME,환경부,환경부,1661-9408,2,20250515154654,20250515084323,20250515091132,,,200,단독,44,44130,B0,B001,Y,,N,,N,,N,2023,충청남도
목천 제1공영주차장,ME23A804,24,04,충청남도 천안시 동남구 목천읍 운전리 562,null,null,24시간 이용가능,36.7626515,127.2284379,ME,환경부,환경부,1661-9408,2,20250515154950,20250515152848,20250515154950,,,200,단독,44,44130,B0,B001,Y,,N,,N,,N,2023,충청남도
목천 제1공영주차장,ME23A804,25,04,충청남도 천안시 동남구 목천읍 운전리 562,null,null,24시간 이용가능,36.7626515,127.2284379,ME,환경부,환경부,1661-9408,2,20250515160141,20250502103252,20250502105644,,,200,단독,44,44130,B0,B001,Y,,N,,N,,N,2023,충청남도
목천 제1공영주차장,ME23A804,26,04,충청남도 천안시 동남구 목천읍 운전리 562,null,null,24시간 이용가능,36.7626515,127.2284379,ME,환경부,환경부,1661-9408,2,20250515160141,20250514131301,20250514133751,,,200,단독,44,44130,B0,B001,Y,,N,,N,,N,2023,충청남도
목천 제1공영주차장,ME23A804,27,04,충청남도 천안시 동남구 목천읍 운전리 562,null,null,24시간 이용가능,36.7626515,127.2284379,ME,환경부,환경부,1661-9408,2,20250515160155,20250512134836,20250512142842,,,200,단독,44,44130,B0,B001,Y,,N,,N,,N,2023,충청남도
목천 제1공영주차장,ME23A804,28,04,충청남도 천안시 동남구 목천읍 운전리 562,null,null,24시간 이용가능,36.7626515,127.2284379,ME,환경부,환경부,1661-9408,2,20250515160155,20250515122146,20250515130152,,,200,단독,44,44130,B0,B001,Y,,N,,N,,N,2023,충청남도
성환읍 행정복지센터,ME23B145,01,06,충청남도 천안시 서북구 성환읍 성환리 274-26,충청남도 천안시 서북구 성환읍 성환리 274-26,null,24시간 개방,36.9182623,127.1347504,ME,환경부,환경부,041-521-6757,2,20250515161542,20250515150814,20250515153555,,,100,단독,44,44130,A0,A002,Y,,N,,N,,N,2023,충청남도
서산농협 서부지점 하나로마트,ME23B147,01,06,충청남도 서산시 읍내동 114-13,충청남도 서산시 읍내동 114-13,null,24시간 개방,36.7792511,126.4496885,ME,환경부,환경부,041-660-9860,2,20250515161554,20250511203606,20250511205017,,,100,단독,44,44210,E0,E001,Y,,N,,N,,N,2023,충청남도
서천군 서면사무소,ME23B148,01,06,충청남도 서천군 서면 신합리 479-1,충청남도 서천군 서면 신합리 479-1,null,24시간 이용가능,36.152751631,126.54964604,ME,환경부,환경부,041-930-3873,2,20250515161518,20250515150930,20250515154314,,,100,단독,44,44770,B0,B001,Y,,N,,N,,N,2023,충청남도
정산면사무소,ME23B151,01,06,충청남도 청양군 정산면 서정리 496-2,충청남도 청양군 정산면 서정리 496-2,null,24시간 개방,36.4146245,126.9449352,ME,환경부,환경부,041-940-4201,2,20250515161540,20250515131238,20250515132642,,,100,단독,44,44790,A0,A003,Y,,N,,N,,N,2023,충청남도
홍주종합경기장,ME23B152,01,06,충청남도 홍성군 홍성읍 소향리 397-118,충청남도 홍성군 홍성읍 소향리 397-118,null,24시간 개방,36.606372,126.6419099,ME,환경부,환경부,041-630-1990,2,20250515161316,20250515091800,20250515100121,,,100,단독,44,44800,J0,J007,Y,,N,,N,,N,2023,충청남도
광천생활체육공원,ME23B153,01,06,충청남도 홍성군 광천읍 광천리 30,충청남도 홍성군 광천읍 광천리 30,null,24시간 개방,36.508307,126.6351821,ME,환경부,환경부,041-630-9797,2,20250515161118,20250515104329,20250515111330,,,100,단독,44,44800,D0,D001,Y,,N,,N,,N,2023,충청남도
청양혁신플랫폼와유,ME23B163,01,06,충청남도 청양군 청양읍 칠갑산로8길 17,충청남도 청양군 청양읍 칠갑산로8길 17,null,24시간 개방,36.4492158,126.8040716,ME,환경부,환경부,041-940-2425,2,20250515161130,20250515135533,20250515143513,,,100,단독,44,44790,A0,A004,Y,,N,,N,,N,2023,충청남도
한아름아파트 공영주차장,ME23B164,01,06,충청남도 서산시 음암면 도당리 1550-6,충청남도 서산시 음암면 도당리 1550-6,null,24시간 개방,36.7888022,126.5071121,ME,환경부,환경부,041-660-2597,2,20250515161513,20250512114943,20250512121017,,,100,단독,44,44210,B0,B001,Y,,N,,N,,N,2023,충청남도
보령시농업기술센터 농업지원과 남부지구지소,ME23B165,01,06,충청남도 보령시 웅천읍 장터7길 30,충청남도 보령시 웅천읍 장터7길 30,null,24시간 개방,36.2327716,126.5964371,ME,환경부,환경부,041-930-9658,2,20250515161127,20250515130315,20250515133139,,,100,단독,44,44180,A0,A004,Y,,N,,N,,N,2023,충청남도
엄사상점가 공영주차장,ME23B1A6,01,06,충청남도 계룡시 엄사면 번영1길 5-17,충청남도 계룡시 엄사면 번영1길 5-17,null,24시간 개방,36.2887946,127.2431216,ME,환경부,환경부,1661-9408,3,20250515161404,20250515144506,20250515152605,20250515154851,,100,단독,44,44250,B0,B001,Y,,N,,N,,N,2023,충청남도
천안시 맑은물사업본부,ME23B1A7,01,06,충청남도 천안시 동남구 용곡2길 141 (용곡동),충청남도 천안시 동남구 용곡2길 141 (용곡동),null,24시간 개방,36.7933668,127.1420918,ME,환경부,환경부,1661-9408,2,20250515161424,20250515075714,20250515082529,,,100,단독,44,44130,A0,A004,Y,,N,,N,,N,2023,충청남도
성정2동행정복지센터,ME23B1B9,01,06,충청남도 천안시 서북구 서부8길 29 (성정동),충청남도 천안시 서북구 서부8길 29 (성정동),null,24시간 개방,36.8195349,127.1397997,ME,환경부,환경부,1661-9408,2,20250515161206,20250515144105,20250515145623,,,100,단독,44,44130,A0,A002,Y,,N,,N,,N,2023,충청남도
천안추모공원,ME23B1C2,01,06,충청남도 천안시 동남구 광덕면 밤나무골길 38,충청남도 천안시 동남구 광덕면 밤나무골길 38,null,24시간 개방,36.6637215,127.1179862,ME,환경부,환경부,1661-9408,2,20250515161340,20250513105007,20250513111158,,,100,단독,44,44130,D0,D001,Y,,N,,N,,N,2023,충청남도
청양시장 공영주차장,ME23B207,01,06,충청남도 청양군 청양읍 칠갑산로6길 28,충청남도 청양군 청양읍 칠갑산로6길 28,null,24시간 개방,36.4485208,126.8018236,ME,환경부,환경부,041-940-4053,2,20250515161604,20250515143648,20250515150914,,,100,단독,44,44790,B0,B001,Y,,N,,N,,N,2023,충청남도
청양시장 공영주차장,ME23B207,02,06,충청남도 청양군 청양읍 칠갑산로6길 28,충청남도 청양군 청양읍 칠갑산로6길 28,null,24시간 개방,36.4485208,126.8018236,ME,환경부,환경부,041-940-4053,3,20250515161314,20250515150214,20250515151515,20250515160801,,100,단독,44,44790,B0,B001,Y,,N,,N,,N,2023,충청남도
백제주유소,ME23B208,01,06,충청남도 청양군 장평면 관현리 152,충청남도 청양군 장평면 관현리 152,null,24시간 개방,36.3341714,126.8805357,ME,환경부,환경부,041-943-4333,2,20250515161315,20250515120344,20250515122833,,,100,단독,44,44790,E0,E007,Y,,N,,N,,N,2023,충청남도
백제주유소,ME23B208,02,06,충청남도 청양군 장평면 관현리 152,충청남도 청양군 장평면 관현리 152,null,24시간 개방,36.3341714,126.8805357,ME,환경부,환경부,041-943-4333,2,20250515161314,20250513235448,20250514000423,,,100,단독,44,44790,E0,E007,Y,,N,,N,,N,2023,충청남도
태안군 교육문화센터 충전소,ME23B209,01,06,충청남도 태안군 태안읍 백화로 180,충청남도 태안군 태안읍 백화로 180,null,24시간 개방,36.7552633,126.3088735,ME,환경부,환경부,041-670-2495,2,20250515161254,20250515120858,20250515121649,,,100,단독,44,44825,A0,A004,Y,,N,,N,,N,2023,충청남도
태안군 교육문화센터 충전소,ME23B209,02,06,충청남도 태안군 태안읍 백화로 180,충청남도 태안군 태안읍 백화로 180,null,24시간 개방,36.7552633,126.3088735,ME,환경부,환경부,041-670-2495,2,20250515161250,20250513201706,20250513203500,,,100,단독,44,44825,A0,A004,Y,,N,,N,,N,2023,충청남도
만리포 대형주차장 충전소,ME23B306,01,06,충청남도 태안군 소원면 서해로 26,충청남도 태안군 소원면 서해로 26,null,24시간 개방,36.7830613,126.1428436,ME,환경부,환경부,1661-9408,2,20250515161217,20250515142004,20250515145047,,,100,단독,44,44825,B0,B001,Y,,N,,N,,N,2023,충청남도
만리포 대형주차장 충전소,ME23B306,02,06,충청남도 태안군 소원면 서해로 26,충청남도 태안군 소원면 서해로 26,null,24시간 개방,36.7830613,126.1428436,ME,환경부,환경부,1661-9408,2,20250515161551,20250515133633,20250515141521,,,100,단독,44,44825,B0,B001,Y,,N,,N,,N,2023,충청남도
만리포 대형주차장 충전소,ME23B306,03,06,충청남도 태안군 소원면 서해로 26,충청남도 태안군 소원면 서해로 26,null,24시간 개방,36.7830613,126.1428436,ME,환경부,환경부,1661-9408,2,20250515161315,20250515003147,20250515011501,,,100,단독,44,44825,B0,B001,Y,,N,,N,,N,2023,충청남도
불당 제1공영주차장,ME23B307,01,06,충청남도 천안시 서북구 검은들1길 15 (불당동),충청남도 천안시 서북구 검은들1길 15 (불당동),null,24시간 개방,36.8112219,127.1095359,ME,환경부,환경부,1661-9408,2,20250515161431,20250514162848,20250514163736,,,100,단독,44,44130,B0,B001,N,,N,,N,,N,2023,충청남도
불당 제1공영주차장,ME23B307,02,06,충청남도 천안시 서북구 검은들1길 15 (불당동),충청남도 천안시 서북구 검은들1길 15 (불당동),null,24시간 개방,36.8112219,127.1095359,ME,환경부,환경부,1661-9408,2,20250515161523,20250515123416,20250515130347,,,100,단독,44,44130,B0,B001,N,,N,,N,,N,2023,충청남도
불당 제1공영주차장,ME23B307,03,06,충청남도 천안시 서북구 검은들1길 15 (불당동),충청남도 천안시 서북구 검은들1길 15 (불당동),null,24시간 개방,36.8112219,127.1095359,ME,환경부,환경부,1661-9408,2,20250515161602,20250515151823,20250515160202,,,100,단독,44,44130,B0,B001,N,,N,,N,,N,2023,충청남도
아트센터 고마,ME23B401,01,06,충청남도 공주시 웅진동 354-12,충청남도 공주시 웅진동 354-12,null,24시간 이용가능,36.4668611,127.1097877,ME,환경부,환경부,010-3877-3052,2,20250515161453,20250515102226,20250515110529,,,100,단독,44,44150,A0,A004,Y,,N,,N,,N,2023,충청남도
아트센터 고마,ME23B401,02,06,충청남도 공주시 웅진동 354-12,충청남도 공주시 웅진동 354-12,null,24시간 이용가능,36.4668611,127.1097877,ME,환경부,환경부,010-3877-3052,2,20250515161411,20250515114738,20250515123104,,,100,단독,44,44150,A0,A004,Y,,N,,N,,N,2023,충청남도
아트센터 고마,ME23B401,03,06,충청남도 공주시 웅진동 354-12,충청남도 공주시 웅진동 354-12,null,24시간 이용가능,36.4668611,127.1097877,ME,환경부,환경부,010-3877-3052,2,20250515161505,20250515103331,20250515104550,,,100,단독,44,44150,A0,A004,Y,,N,,N,,N,2023,충청남도
아트센터 고마,ME23B401,04,06,충청남도 공주시 웅진동 354-12,충청남도 공주시 웅진동 354-12,null,24시간 이용가능,36.4668611,127.1097877,ME,환경부,환경부,010-3877-3052,2,20250515161441,20250513093339,20250513101702,,,100,단독,44,44150,A0,A004,Y,,N,,N,,N,2023,충청남도
예산복합문화복지센터,ME23B402,01,06,충청남도 예산군 예산읍 석양리 298,충청남도 예산군 예산읍 석양리 298,null,24시간 개방,36.6992932,126.8380536,ME,환경부,환경부,041-339-8083,2,20250515161208,20250515151442,20250515152648,,,100,단독,44,44810,A0,A002,Y,,N,,N,,N,2023,충청남도
예산복합문화복지센터,ME23B402,02,06,충청남도 예산군 예산읍 석양리 298,충청남도 예산군 예산읍 석양리 298,null,24시간 개방,36.6992932,126.8380536,ME,환경부,환경부,041-339-8083,2,20250515161209,20250515144134,20250515151810,,,100,단독,44,44810,A0,A002,Y,,N,,N,,N,2023,충청남도
예산복합문화복지센터,ME23B402,03,06,충청남도 예산군 예산읍 석양리 298,충청남도 예산군 예산읍 석양리 298,null,24시간 개방,36.6992932,126.8380536,ME,환경부,환경부,041-339-8083,2,20250515161213,20250515133640,20250515142012,,,100,단독,44,44810,A0,A002,Y,,N,,N,,N,2023,충청남도
예산복합문화복지센터,ME23B402,04,06,충청남도 예산군 예산읍 석양리 298,충청남도 예산군 예산읍 석양리 298,null,24시간 개방,36.6992932,126.8380536,ME,환경부,환경부,041-339-8083,2,20250515161209,20250515143408,20250515145555,,,100,단독,44,44810,A0,A002,Y,,N,,N,,N,2023,충청남도
서산종합운동장,ME23B403,01,06,충청남도 서산시 갈산동 879-29,충청남도 서산시 갈산동 879-29,null,24시간 개방,36.7965167,126.4364891,ME,환경부,환경부,041-660-3984,2,20250515161412,20250515081248,20250515081436,,,100,단독,44,44210,A0,A004,Y,,N,,N,,N,2023,충청남도
서산종합운동장,ME23B403,02,06,충청남도 서산시 갈산동 879-29,충청남도 서산시 갈산동 879-29,null,24시간 개방,36.7965167,126.4364891,ME,환경부,환경부,041-660-3984,2,20250515161420,20250515080914,20250515081117,,,100,단독,44,44210,A0,A004,Y,,N,,N,,N,2023,충청남도
서산종합운동장,ME23B403,03,06,충청남도 서산시 갈산동 879-29,충청남도 서산시 갈산동 879-29,null,24시간 개방,36.7965167,126.4364891,ME,환경부,환경부,041-660-3984,2,20250515161423,20250515080248,20250515080431,,,100,단독,44,44210,A0,A004,Y,,N,,N,,N,2023,충청남도
서산종합운동장,ME23B403,04,06,충청남도 서산시 갈산동 879-29,충청남도 서산시 갈산동 879-29,null,24시간 개방,36.7965167,126.4364891,ME,환경부,환경부,041-660-3984,2,20250515161416,20250515120055,20250515123226,,,100,단독,44,44210,A0,A004,Y,,N,,N,,N,2023,충청남도
군북면체육센터 충전소,ME24A274,21,04,충청남도 금산군 군북면 산꽃로 26-3,null,null,24시간 이용가능,36.1687716,127.5294194,ME,환경부,환경부,1661-9408,2,20250515161559,20250514163640,20250514165031,,,200,동시,44,44710,J0,J007,Y,,N,,N,,N,2024,충청남도
군북면체육센터 충전소,ME24A274,22,04,충청남도 금산군 군북면 산꽃로 26-3,null,null,24시간 이용가능,36.1687716,127.5294194,ME,환경부,환경부,1661-9408,2,20250515161559,20250515123457,20250515131457,,,200,동시,44,44710,J0,J007,Y,,N,,N,,N,2024,충청남도
예산군 보조구장,ME24A275,21,04,충청남도 예산군 예산읍 예산로 352,null,null,24시간 이용가능,36.6782812,126.8622368,ME,환경부,환경부,1661-9408,2,20250515161610,20250515140050,20250515141705,,,200,동시,44,44810,A0,A004,Y,,N,,N,,N,2024,충청남도
예산군 보조구장,ME24A275,22,04,충청남도 예산군 예산읍 예산로 352,null,null,24시간 이용가능,36.6782812,126.8622368,ME,환경부,환경부,1661-9408,2,20250515161610,20250513120951,20250513121129,,,200,동시,44,44810,A0,A004,Y,,N,,N,,N,2024,충청남도
태안농공단지관리사무소,ME24A276,21,04,충청남도 태안군 태안읍 원이로 337,null,null,24시간 이용가능,36.7845011,126.2746919,ME,환경부,환경부,1661-9408,2,20250515161537,20250507155002,20250507163002,,,200,동시,44,44825,A0,A003,Y,,N,,N,,N,2024,충청남도
태안농공단지관리사무소,ME24A276,22,04,충청남도 태안군 태안읍 원이로 337,null,null,24시간 이용가능,36.7845011,126.2746919,ME,환경부,환경부,1661-9408,2,20250515161537,20250514130733,20250514133051,,,200,동시,44,44825,A0,A003,Y,,N,,N,,N,2024,충청남도
해미농협 경제사업장,ME24A277,21,04,충청남도 서산시 해미면 성지1로 46,null,null,24시간 이용가능,36.7143234,126.5412338,ME,환경부,환경부,1661-9408,2,20250515161542,20250502114626,20250502122626,,,200,동시,44,44210,E0,E001,Y,,N,,N,,N,2024,충청남도
해미농협 경제사업장,ME24A277,22,04,충청남도 서산시 해미면 성지1로 46,null,null,24시간 이용가능,36.7143234,126.5412338,ME,환경부,환경부,1661-9408,2,20250515161542,20250507163434,20250507170001,,,200,동시,44,44210,E0,E001,Y,,N,,N,,N,2024,충청남도
화물공영주차장,ME24A278,21,04,충청남도 청양군 청양읍 교월리 189-2,null,null,24시간 이용가능,36.4470402,126.8120653,ME,환경부,환경부,1661-9408,2,20250515161559,20250427123700,20250427125742,,,200,동시,44,44790,B0,B001,Y,,N,,N,,N,2024,충청남도
화물공영주차장,ME24A278,22,04,충청남도 청양군 청양읍 교월리 189-2,null,null,24시간 이용가능,36.4470402,126.8120653,ME,환경부,환경부,1661-9408,2,20250515161559,20250506125138,20250506133138,,,200,동시,44,44790,B0,B001,Y,,N,,N,,N,2024,충청남도
논산 한옥마을,ME24A279,21,04,충청남도 논산시 연산면 임3길 2,null,null,24시간 이용가능,36.2111769,127.1804108,ME,환경부,환경부,1661-9408,2,20250515161547,20250512150214,20250512152010,,,200,동시,44,44230,D0,D005,Y,,N,,N,,N,2024,충청남도
논산 한옥마을,ME24A279,22,04,충청남도 논산시 연산면 임3길 2,null,null,24시간 이용가능,36.2111769,127.1804108,ME,환경부,환경부,1661-9408,2,20250515161607,20250512095050,20250512095224,,,200,동시,44,44230,D0,D005,Y,,N,,N,,N,2024,충청남도
광석농협유통센터,ME24A280,21,04,"충청남도 논산시 광석면 천동리 694,",null,null,24시간 이용가능,36.2368481,127.083827,ME,환경부,환경부,1661-9408,2,20250515161545,20250512114201,20250512114340,,,200,동시,44,44230,E0,E001,Y,,N,,N,,N,2024,충청남도
광석농협유통센터,ME24A280,22,04,"충청남도 논산시 광석면 천동리 694,",null,null,24시간 이용가능,36.2368481,127.083827,ME,환경부,환경부,1661-9408,2,20250515161545,20250515080317,20250515084317,,,200,동시,44,44230,E0,E001,Y,,N,,N,,N,2024,충청남도
금산약초시장 충전소,ME24A281,21,04,충청남도 금산군 금산읍 중도리 22-31,null,null,24시간 이용가능,36.0991143,127.4964922,ME,환경부,환경부,1661-9408,2,20250515161609,20250514182124,20250514185842,,,200,동시,44,44710,E0,E001,Y,,N,,N,,N,2024,충청남도
금산약초시장 충전소,ME24A281,22,04,충청남도 금산군 금산읍 중도리 22-31,null,null,24시간 이용가능,36.0991143,127.4964922,ME,환경부,환경부,1661-9408,2,20250515161609,20250515112934,20250515115922,,,200,동시,44,44710,E0,E001,Y,,N,,N,,N,2024,충청남도
예산 매헌2체육관,ME24A283,21,04,충청남도 예산군 예산읍 예산로 352,null,null,24시간 이용가능,36.6782812,126.8622368,ME,환경부,환경부,1661-9408,2,20250515161536,20250513122954,20250513123134,,,200,동시,44,44810,J0,J007,Y,,N,,N,,N,2024,충청남도
예산 매헌2체육관,ME24A283,22,04,충청남도 예산군 예산읍 예산로 352,null,null,24시간 이용가능,36.6782812,126.8622368,ME,환경부,환경부,1661-9408,2,20250515161536,20250515114619,20250515120224,,,200,동시,44,44810,J0,J007,Y,,N,,N,,N,2024,충청남도
예산관작농공단지 주차장,ME24A284,21,04,충청남도 예산군 예산읍 벚꽃로388번길 12-6,null,null,24시간 이용가능,36.7138963,126.8428259,ME,환경부,환경부,1661-9408,2,20250515161513,20250515125852,20250515130033,,,200,동시,44,44810,B0,B001,Y,,N,,N,,N,2024,충청남도
예산관작농공단지 주차장,ME24A284,22,04,충청남도 예산군 예산읍 벚꽃로388번길 12-6,null,null,24시간 이용가능,36.7138963,126.8428259,ME,환경부,환경부,1661-9408,2,20250515161513,20250515130144,20250515130339,,,200,동시,44,44810,B0,B001,Y,,N,,N,,N,2024,충청남도
내포보부상촌,ME24A285,21,04,충청남도 예산군 신암면 용궁리 904-1,null,null,24시간 이용가능,36.7463812,126.8002241,ME,환경부,환경부,1661-9408,2,20250515161605,20250509162427,20250509164040,,,200,동시,44,44810,D0,D007,Y,,N,,N,,N,2024,충청남도
내포보부상촌,ME24A285,22,04,충청남도 예산군 신암면 용궁리 904-1,null,null,24시간 이용가능,36.7463812,126.8002241,ME,환경부,환경부,1661-9408,2,20250515161605,20250513121631,20250513124855,,,200,동시,44,44810,D0,D007,Y,,N,,N,,N,2024,충청남도
충의사 충전소,ME24A286,21,04,충청남도 예산군 덕산면 시량리 61-4,null,null,24시간 이용가능,36.6872521,126.6533218,ME,환경부,환경부,1661-9408,2,20250515161517,20250511111919,20250511115542,,,200,동시,44,44810,D0,D007,Y,,N,,N,,N,2024,충청남도
충의사 충전소,ME24A286,22,04,충청남도 예산군 덕산면 시량리 61-4,null,null,24시간 이용가능,36.6872521,126.6533218,ME,환경부,환경부,1661-9408,2,20250515161517,20250514180456,20250514184456,,,200,동시,44,44810,D0,D007,Y,,N,,N,,N,2024,충청남도
홍주문화체육센터,ME24A404,21,04,충청남도 홍성군 홍성읍 홍덕서로 78,null,null,24시간 이용가능,36.6075194,126.6433891,ME,환경부,환경부,1661-9408,2,20250515161609,20250430163132,20250430171133,,,200,동시,44,44800,J0,J004,Y,,N,,N,,N,2024,충청남도
홍주문화체육센터,ME24A404,22,04,충청남도 홍성군 홍성읍 홍덕서로 78,null,null,24시간 이용가능,36.6075194,126.6433891,ME,환경부,환경부,1661-9408,2,20250515161609,20250511150119,20250511151821,,,200,동시,44,44800,J0,J004,Y,,N,,N,,N,2024,충청남도
홍주문화체육센터,ME24A404,23,04,충청남도 홍성군 홍성읍 홍덕서로 78,null,null,24시간 이용가능,36.6075194,126.6433891,ME,환경부,환경부,1661-9408,2,20250515161518,20250513155032,20250513160538,,,200,동시,44,44800,J0,J004,Y,,N,,N,,N,2024,충청남도
홍주문화체육센터,ME24A404,24,04,충청남도 홍성군 홍성읍 홍덕서로 78,null,null,24시간 이용가능,36.6075194,126.6433891,ME,환경부,환경부,1661-9408,2,20250515161518,20250515134341,20250515142159,,,200,동시,44,44800,J0,J004,Y,,N,,N,,N,2024,충청남도
엑스포주차장 2충전소,ME24A405,21,04,충청남도 금산군 금산읍 신대리 355,null,null,24시간 이용가능,36.0981987,127.5036812,ME,환경부,환경부,1661-9408,2,20250515161605,20250515122213,20250515123514,,,200,동시,44,44710,B0,B001,Y,,N,,N,,N,2024,충청남도
엑스포주차장 2충전소,ME24A405,22,04,충청남도 금산군 금산읍 신대리 355,null,null,24시간 이용가능,36.0981987,127.5036812,ME,환경부,환경부,1661-9408,2,20250515161605,20250515104243,20250515112022,,,200,동시,44,44710,B0,B001,Y,,N,,N,,N,2024,충청남도
엑스포주차장 2충전소,ME24A405,23,04,충청남도 금산군 금산읍 신대리 355,null,null,24시간 이용가능,36.0981987,127.5036812,ME,환경부,환경부,1661-9408,2,20250515161516,20250513163726,20250513171727,,,200,동시,44,44710,B0,B001,Y,,N,,N,,N,2024,충청남도
엑스포주차장 2충전소,ME24A405,24,04,충청남도 금산군 금산읍 신대리 355,null,null,24시간 이용가능,36.0981987,127.5036812,ME,환경부,환경부,1661-9408,2,20250515161516,20250515080449,20250515084449,,,200,동시,44,44710,B0,B001,Y,,N,,N,,N,2024,충청남도
국립생태원,ME24B174,01,04,충청남도 서천군 마서면 송내리 746,null,null,24시간 이용가능,36.028163,126.719068,ME,환경부,환경부,1661-9408,9,20250326112810,20250220161545,20250220161900,,,100,단독,44,44770,A0,A001,Y,,N,,N,,N,2024,충청남도
천안시중앙도서관,ME24B175,01,04,충청남도 천안시 동남구 중앙로118,null,null,24시간 이용가능,36.808965,127.15318,ME,환경부,환경부,1661-9408,2,20250515161405,20250514203003,20250514210504,,,100,단독,44,44130,I0,I005,Y,,N,,N,,N,2024,충청남도
성정평생학습관,ME24B176,01,04,충청남도 천안시 서북구 성정동4길29,null,null,"평일 21시 ~ 08시, 주말 24시간개방",36.82732,127.136308,ME,환경부,환경부,1661-9408,2,20250515161210,20250514175218,20250514183218,,,100,단독,44,44130,I0,I005,Y,,N,,N,,N,2024,충청남도
천안시 환경에너지사업소,ME24B177,01,04,충청남도 천안시 서북구 백석공단1로97-45,null,null,24시간 이용가능,36.833471,127.104069,ME,환경부,환경부,1661-9408,2,20250515161200,20250514074036,20250514082036,,,100,단독,44,44130,A0,A004,Y,,N,,N,,N,2024,충청남도
옥룡어울림센터,ME24B178,01,04,충청남도 공주시 무령로335,null,null,24시간 이용가능,36.457561,127.136375,ME,환경부,환경부,1661-9408,2,20250515161256,20250514105321,20250514112434,,,100,단독,44,44150,A0,A004,Y,,N,,N,,N,2024,충청남도
공주시청 주차장,ME24B179,01,04,충청남도 공주시 봉황동 304-6,null,null,24시간 이용가능,36.448002,127.119899,ME,환경부,환경부,1661-9408,2,20250515161325,20250515105436,20250515111036,,,100,단독,44,44150,B0,B001,Y,,N,,N,,N,2024,충청남도
웅진도서관,ME24B180,01,04,충청남도 공주시 웅진동 300-18,null,null,24시간 이용가능,36.46131,127.111401,ME,환경부,환경부,1661-9408,2,20250515161601,20250515111309,20250515112352,,,100,단독,44,44150,I0,I005,Y,,N,,N,,N,2024,충청남도
반포문화센터,ME24B181,01,04,충청남도 공주시 반포면 연정길 17-38,null,null,24시간 이용가능,36.399529,127.249092,ME,환경부,환경부,1661-9408,2,20250515161208,20250509130906,20250509134906,,,100,단독,44,44150,J0,J004,Y,,N,,N,,N,2024,충청남도
연무3호문화공원(육군훈련소 체험문화공원),ME24B182,01,04,충청남도 논산시 연무읍 금곡1길 9-18,null,null,24시간 이용가능,36.113046,127.097382,ME,환경부,환경부,1661-9408,2,20250515161348,20250515142648,20250515150648,,,100,단독,44,44230,D0,D001,Y,,N,,N,,N,2024,충청남도
견훤왕릉 주차장,ME24B183,01,04,충청남도 논산시 연무읍 금곡리 342-1,null,null,24시간 이용가능,36.118886,127.086126,ME,환경부,환경부,1661-9408,2,20250515161153,20250515144823,20250515150509,,,100,단독,44,44230,B0,B001,Y,,N,,N,,N,2024,충청남도
은하면 행정복지센터,ME24B184,01,04,충청남도 홍성군 은하면 은하로 258,null,null,24시간 이용가능,36.531906,126.590376,ME,환경부,환경부,1661-9408,2,20250515161120,20250514185018,20250514192055,,,100,단독,44,44800,A0,A002,Y,,N,,N,,N,2024,충청남도
예산군장애인종합복지회관,ME24B185,01,04,충청남도 예산군 신암면 신택리 174-3 ,null,null,24시간 이용가능,36.761617,126.809914,ME,환경부,환경부,1661-9408,2,20250515161258,20250515120500,20250515120653,,,100,단독,44,44810,A0,A002,Y,,N,,N,,N,2024,충청남도
예산군 산불대응센터,ME24B186,01,04,충청남도 예산군 예산읍 군청로2길 27,null,null,24시간 이용가능,36.6808,126.846681,ME,환경부,환경부,1661-9408,2,20250515161203,20250513140125,20250513140334,,,100,단독,44,44810,A0,A001,Y,,N,,N,,N,2024,충청남도
예산군추모공원,ME24B187,01,04,충청남도 예산군 음봉면 평촌리 359,null,null,24시간 이용가능,36.640407,126.773111,ME,환경부,환경부,1661-9408,2,20250515161137,20250515115705,20250515123705,,,100,단독,44,44810,D0,D001,Y,,N,,N,,N,2024,충청남도
예산군 종합운동장,ME24B188,01,04,충청남도 예산군 예산읍 예산로344,null,null,24시간 이용가능,36.678353,126.86204,ME,환경부,환경부,1661-9408,2,20250515161320,20250513125820,20250513130001,,,100,단독,44,44810,J0,J007,Y,,N,,N,,N,2024,충청남도
한서대학교,ME24B189,01,04,충청남도 서산시 해미면 대곡리 70-4,null,null,24시간 이용가능,36.692074,126.587818,ME,환경부,환경부,1661-9408,3,20250515161247,20250514185932,20250514193932,20250515155151,,100,단독,44,44210,J0,J001,Y,,N,,N,,N,2024,충청남도
노동마을회관 옆 주차장,ME24B190,01,04,충청남도 홍성군 갈산면 상촌리 167-6,null,null,24시간 이용가능,36.603611,126.552658,ME,환경부,환경부,1661-9408,2,20250515161520,20250515153536,20250515155308,,,100,단독,44,44800,B0,B001,Y,,N,,N,,N,2024,충청남도
추부면 체육센터,ME24B191,01,04,충청남도 금산군 추부면 하마전로 75,null,null,24시간 이용가능,36.192441,127.473921,ME,환경부,환경부,1661-9408,2,20250515161548,20250514215220,20250514223222,,,100,단독,44,44710,J0,J007,Y,,N,,N,,N,2024,충청남도
대흥리(논산지원인근) 공영주차장,ME24B192,01,04,충청남도 논산시 강경읍 황산길 23-1,null,null,24시간 이용가능,36.154876,127.011677,ME,환경부,환경부,1661-9408,2,20250515161210,20250514112919,20250514113437,,,100,단독,44,44230,B0,B001,Y,,N,,N,,N,2024,충청남도
대교동(2) 공영주차장,ME24B193,01,04,충청남도 논산시 대교동 203-59,null,null,24시간 이용가능,36.204021,127.079652,ME,환경부,환경부,1661-9408,3,20250515161345,20250515091109,20250515095111,20250515154840,,100,단독,44,44230,B0,B001,Y,,N,,N,,N,2024,충청남도
국민여가캠핑장,ME24B194,01,04,충청남도 금산군 제원면 닥실길 16,null,null,24시간 이용가능,36.105298,127.568886,ME,환경부,환경부,1661-9408,2,20250515161335,20250505110132,20250505114132,,,100,단독,44,44710,A0,A004,Y,,N,,N,,N,2024,충청남도
금산여고 옆 공영주차장,ME24B195,01,04,충청남도 금산군 금산읍 아인리 12-4,null,null,24시간 이용가능,36.105661,127.484644,ME,환경부,환경부,1661-9408,2,20250515161448,20250514131924,20250514132246,,,100,단독,44,44710,B0,B001,Y,,N,,N,,N,2024,충청남도
진산면체육센터,ME24B196,01,04,충청남도 금산군 진산면 대둔산로 434,null,null,24시간 이용가능,36.145669,127.37326,ME,환경부,환경부,1661-9408,2,20250515161533,20250514143606,20250514143746,,,100,단독,44,44710,J0,J007,Y,,N,,N,,N,2024,충청남도
신암면행정복지센터,ME24B198,01,04,충청남도 예산군 신암면 종경길 70,null,null,24시간 이용가능,36.734661,126.826077,ME,환경부,환경부,1661-9408,2,20250515161230,20250502155531,20250502155751,,,100,단독,44,44810,A0,A002,Y,,N,,N,,N,2024,충청남도
음봉면 행정복지센터 충전시설,ME24B212,01,04,충청남도 아산시 음봉면 음봉면로 23-5,null,null,24시간 이용가능,36.849736,127.012458,ME,환경부,환경부,1661-9408,2,20250515161247,20250515062912,20250515070912,,,100,단독,44,44200,A0,A002,Y,,N,,N,,N,2024,충청남도
음봉면 행정복지센터 충전시설,ME24B212,02,04,충청남도 아산시 음봉면 음봉면로 23-5,null,null,24시간 이용가능,36.849736,127.012458,ME,환경부,환경부,1661-9408,2,20250515161250,20250515103746,20250515111746,,,100,단독,44,44200,A0,A002,Y,,N,,N,,N,2024,충청남도
홍북읍 행정복지센터,ME24B213,01,04,충청남도 홍성군 홍북읍 홍북로 450,null,null,24시간 이용가능,36.649593,126.692876,ME,환경부,환경부,1661-9408,2,20250515161138,20250425071330,20250425074119,,,100,단독,44,44800,A0,A002,Y,,N,,N,,N,2024,충청남도
홍북읍 행정복지센터,ME24B213,02,04,충청남도 홍성군 홍북읍 홍북로 450,null,null,24시간 이용가능,36.649593,126.692876,ME,환경부,환경부,1661-9408,2,20250515161238,20250515141731,20250515142803,,,100,단독,44,44800,A0,A002,Y,,N,,N,,N,2024,충청남도
홍주문화회관,ME24B214,01,04,충청남도 홍성군 홍성읍 옥암리125-1,null,null,24시간 이용가능,36.594594,126.651997,ME,환경부,환경부,1661-9408,2,20250515161112,20250515140040,20250515144040,,,100,단독,44,44800,J0,J004,Y,,N,,N,,N,2024,충청남도
홍주문화회관,ME24B214,02,04,충청남도 홍성군 홍성읍 옥암리125-1,null,null,24시간 이용가능,36.594594,126.651997,ME,환경부,환경부,1661-9408,2,20250515161547,20250515153438,20250515155851,,,100,단독,44,44800,J0,J004,Y,,N,,N,,N,2024,충청남도
서부면 행정복지센터,ME24B215,01,04,충청남도 홍성군 서부면 이호리122-3,null,null,24시간 이용가능,36.580705,126.516724,ME,환경부,환경부,1661-9408,2,20250515161601,,,,,100,단독,44,44800,A0,A002,Y,,N,,N,,N,2024,충청남도
서부면 행정복지센터,ME24B215,02,04,충청남도 홍성군 서부면 이호리122-3,null,null,24시간 이용가능,36.580705,126.516724,ME,환경부,환경부,1661-9408,2,20250515161124,20250506150508,20250506152708,,,100,단독,44,44800,A0,A002,Y,,N,,N,,N,2024,충청남도
역재방죽공원,ME24B216,01,04,충청남도 홍성군 홍성읍 고암리 615-9,null,null,24시간 이용가능,36.592935,126.674723,ME,환경부,환경부,1661-9408,2,20250515161520,20250514204209,20250514212211,,,100,단독,44,44800,D0,D001,Y,,N,,N,,N,2024,충청남도
역재방죽공원,ME24B216,02,04,충청남도 홍성군 홍성읍 고암리 615-9,null,null,24시간 이용가능,36.592935,126.674723,ME,환경부,환경부,1661-9408,2,20250515161503,20250514214028,20250514222031,,,100,단독,44,44800,D0,D001,Y,,N,,N,,N,2024,충청남도
운곡2농공단지,ME24B217,01,04,충청남도 청양군 운곡면 신대리 783,null,null,24시간 이용가능,36.529094,126.848429,ME,환경부,환경부,1661-9408,2,20250515161155,20250515135646,20250515143646,,,100,단독,44,44790,B0,B001,Y,,N,,N,,N,2024,충청남도
운곡2농공단지,ME24B217,02,04,충청남도 청양군 운곡면 신대리 783,null,null,24시간 이용가능,36.529094,126.848429,ME,환경부,환경부,1661-9408,2,20250515161302,,,,,100,단독,44,44790,B0,B001,Y,,N,,N,,N,2024,충청남도
천안 센트레힐스위트 오피스텔,AH000044,01,04,충청남도 천안시 동남구 버들로 39,null,null,24시간 이용가능,36.80762134,127.15177432,AH,아하,아하(주),15441229,9,20250326202310,,,,,50,동시,44,44130,H0,H001,Y,,N,,N,,N,2025,충청남도
천안 센트레힐스위트 오피스텔,AH000044,02,04,충청남도 천안시 동남구 버들로 39,null,null,24시간 이용가능,36.80762134,127.15177432,AH,아하,아하(주),15441229,9,20250326202310,,,,,50,동시,44,44130,H0,H001,Y,,N,,N,,N,2025,충청남도
소설스미스,ALAL0002,01,02,충청남도 천안시 서북구 성정공원5로 64,null,실외 주차장,24시간 이용가능,36.8272212,127.1444222,AL,아론,아론,1660-3793,2,20250514090055,20250115075013,20250514090055,,,7,단독,44,44130,E0,E003,Y,숙박객 전용,Y,숙박객 전용,N,,N,2024,충청남도
쇼호텔,ALAL0003,01,02,충청남도 천안시 서북구 성정공원2길 21,쇼호텔,실외 주차,24시간 이용가능,36.8272601,127.1427726,AL,아론,아론,1660-3793,2,20250505115701,20250116201443,20250505115701,,,7,단독,44,44130,E0,E003,Y,숙박객 전용,Y,숙박객 전용,N,,N,2024,충청남도
서산동남1차,ALAL0004,01,02,충청남도 서산시 한성지3로 29,서산동남1차아파트,지하주차장 출입구 옆,24시간 이용가능,36.7600360,126.4847678,AL,아론,아론,1660-3793,2,20250515060500,20241226184315,20250515060500,,,7,단독,44,44210,H0,H001,Y,입주민 전용,Y,입주민 전용,N,,N,2024,충청남도
워터 당진 대우가스,BE241065,01,04,충청남도 당진시 합덕읍 남부로 1985,null,LPG 충전소 출구 우측,24시간 이용가능,36.7962961,126.781142,BE,브라이트에너지파트너스,브라이트에너지파트너스,1600-8025,2,20250514130648,20250514124231,20250514130648,,,200,동시,44,44270,G0,G004,Y,,N,,N,,Y,2024,충청남도
워터 당진 대우가스,BE241065,02,04,충청남도 당진시 합덕읍 남부로 1985,null,LPG 충전소 출구 우측,24시간 이용가능,36.7962961,126.781142,BE,브라이트에너지파트너스,브라이트에너지파트너스,1600-8025,2,20250509113505,20250509113327,20250509113505,,,200,동시,44,44270,G0,G004,Y,,N,,N,,Y,2024,충청남도
워터 서산 서령택시,BE241066,01,04,충청남도 서산시 서령로 286,null,택시사업소 건물 앞,24시간 이용가능,36.8021562,126.4733539,BE,브라이트에너지파트너스,브라이트에너지파트너스,1600-8025,2,20250514192815,20250514184950,20250514192815,,,200,동시,44,44210,G0,G004,Y,,N,,N,,Y,2024,충청남도
워터 서산 서령택시,BE241066,02,04,충청남도 서산시 서령로 286,null,택시사업소 건물 앞,24시간 이용가능,36.8021562,126.4733539,BE,브라이트에너지파트너스,브라이트에너지파트너스,1600-8025,2,20250509211657,20250509200427,20250509211657,,,200,동시,44,44210,G0,G004,Y,,N,,N,,Y,2024,충청남도
워터 서산 신흥택시,BE241067,01,04,충청남도 서산시 갈산1길 17-2,null,야외 주차장,24시간 이용가능,36.7920787,126.4328358,BE,브라이트에너지파트너스,브라이트에너지파트너스,1600-8025,2,20250515151151,20250515141932,20250515151151,,,200,동시,44,44210,G0,G004,Y,,N,,N,,Y,2024,충청남도
워터 서산 신흥택시,BE241067,02,04,충청남도 서산시 갈산1길 17-2,null,야외 주차장,24시간 이용가능,36.7920787,126.4328358,BE,브라이트에너지파트너스,브라이트에너지파트너스,1600-8025,2,20250515013903,20250515003746,20250515013903,,,200,동시,44,44210,G0,G004,Y,,N,,N,,Y,2024,충청남도
워터 서산 청자운수,BE241068,01,04,충청남도 서산시 양대3길 9,null,본관 좌측화단,24시간 이용가능,36.7505756,126.4490792,BE,브라이트에너지파트너스,브라이트에너지파트너스,1600-8025,2,20250515025804,20250515025804,20250515025804,,,200,동시,44,44210,G0,G004,Y,,N,,N,,Y,2024,충청남도
워터 서산 청자운수,BE241068,02,04,충청남도 서산시 양대3길 9,null,본관 좌측화단,24시간 이용가능,36.7505756,126.4490792,BE,브라이트에너지파트너스,브라이트에너지파트너스,1600-8025,2,20250515065100,20250515031839,20250515065100,,,200,동시,44,44210,G0,G004,Y,,N,,N,,Y,2024,충청남도
워터 예산예당호휴게소 평택방향,BE241204,01,04,충남 예산군 응봉면 신리 183-1,null,야외 주차장,24시간 이용가능,36.6284011,126.7827805,BE,브라이트에너지파트너스,브라이트에너지파트너스,1600-8025,2,20250511224422,20250511223651,20250511224422,,,100,동시,44,44810,C0,C001,Y,,N,,N,,Y,2024,충청남도
워터 예산예당호휴게소 평택방향,BE241204,02,04,충남 예산군 응봉면 신리 183-1,null,야외 주차장,24시간 이용가능,36.6284011,126.7827805,BE,브라이트에너지파트너스,브라이트에너지파트너스,1600-8025,2,20250515154218,20250515154201,20250515154218,,,100,동시,44,44810,C0,C001,Y,,N,,N,,Y,2024,충청남도
워터 예산예당호휴게소 평택방향,BE241204,03,04,충남 예산군 응봉면 신리 183-1,null,야외 주차장,24시간 이용가능,36.6284011,126.7827805,BE,브라이트에너지파트너스,브라이트에너지파트너스,1600-8025,2,20250515150618,20250515145721,20250515150618,,,200,동시,44,44810,C0,C001,Y,,N,,N,,Y,2024,충청남도
워터 예산예당호휴게소 평택방향,BE241204,04,04,충남 예산군 응봉면 신리 183-1,null,야외 주차장,24시간 이용가능,36.6284011,126.7827805,BE,브라이트에너지파트너스,브라이트에너지파트너스,1600-8025,2,20250515155820,20250515154401,20250515155820,,,200,동시,44,44810,C0,C001,Y,,N,,N,,Y,2024,충청남도
워터 예산예당호휴게소 평택방향,BE241204,05,04,충남 예산군 응봉면 신리 183-1,null,야외 주차장,24시간 이용가능,36.6284011,126.7827805,BE,브라이트에너지파트너스,브라이트에너지파트너스,1600-8025,2,20250515151636,20250515142729,20250515151636,,,200,동시,44,44810,C0,C001,Y,,N,,N,,Y,2024,충청남도
워터 예산예당호휴게소 평택방향,BE241204,06,04,충남 예산군 응봉면 신리 183-1,null,야외 주차장,24시간 이용가능,36.6284011,126.7827805,BE,브라이트에너지파트너스,브라이트에너지파트너스,1600-8025,3,20250515161027,20250515161027,20250515145932,20250515161027,,200,동시,44,44810,C0,C001,Y,,N,,N,,Y,2024,충청남도
워터 예산예당호휴게소 평택방향,BE241204,07,04,충남 예산군 응봉면 신리 183-1,null,야외 주차장,24시간 이용가능,36.6284011,126.7827805,BE,브라이트에너지파트너스,브라이트에너지파트너스,1600-8025,2,20250515150925,20250515150924,20250515150925,,,100,동시,44,44810,C0,C001,Y,,N,,N,,Y,2024,충청남도
워터 예산예당호휴게소 평택방향,BE241204,08,04,충남 예산군 응봉면 신리 183-1,null,야외 주차장,24시간 이용가능,36.6284011,126.7827805,BE,브라이트에너지파트너스,브라이트에너지파트너스,1600-8025,2,20250515160301,20250515152701,20250515160301,,,100,동시,44,44810,C0,C001,Y,,N,,N,,Y,2024,충청남도
워터 예산예당호휴게소 평택방향,BE241204,09,04,충남 예산군 응봉면 신리 183-1,null,야외 주차장,24시간 이용가능,36.6284011,126.7827805,BE,브라이트에너지파트너스,브라이트에너지파트너스,1600-8025,2,20250515142458,20250515142317,20250515142458,,,100,동시,44,44810,C0,C001,Y,,N,,N,,Y,2024,충청남도
워터 예산예당호휴게소 평택방향,BE241204,10,04,충남 예산군 응봉면 신리 183-1,null,야외 주차장,24시간 이용가능,36.6284011,126.7827805,BE,브라이트에너지파트너스,브라이트에너지파트너스,1600-8025,2,20250515151736,20250515142215,20250515151736,,,100,동시,44,44810,C0,C001,Y,,N,,N,,Y,2024,충청남도
워터 예산예당호휴게소 평택방향,BE241204,11,04,충남 예산군 응봉면 신리 183-1,null,야외 주차장,24시간 이용가능,36.6284011,126.7827805,BE,브라이트에너지파트너스,브라이트에너지파트너스,1600-8025,2,20250515132817,20250515131001,20250515132817,,,100,동시,44,44810,C0,C001,Y,,N,,N,,Y,2024,충청남도
워터 예산예당호휴게소 평택방향,BE241204,12,04,충남 예산군 응봉면 신리 183-1,null,야외 주차장,24시간 이용가능,36.6284011,126.7827805,BE,브라이트에너지파트너스,브라이트에너지파트너스,1600-8025,2,20250515154001,20250515153948,20250515154001,,,100,동시,44,44810,C0,C001,Y,,N,,N,,Y,2024,충청남도
워터 예산예당호휴게소 평택방향,BE241204,13,04,충남 예산군 응봉면 신리 183-1,null,야외 주차장,24시간 이용가능,36.6284011,126.7827805,BE,브라이트에너지파트너스,브라이트에너지파트너스,1600-8025,3,20250515154018,20250515154018,20250515154018,20250515154018,,100,동시,44,44810,C0,C001,Y,,N,,N,,Y,2024,충청남도
워터 예산예당호휴게소 평택방향,BE241204,14,04,충남 예산군 응봉면 신리 183-1,null,야외 주차장,24시간 이용가능,36.6284011,126.7827805,BE,브라이트에너지파트너스,브라이트에너지파트너스,1600-8025,2,20250515155254,20250515154109,20250515155254,,,100,동시,44,44810,C0,C001,Y,,N,,N,,Y,2024,충청남도
워터 예산예당호휴게소 익산방향,BE241205,01,04,충남 예산군 응봉면 신리길 78-10,null,야외 주차장,24시간 이용가능,36.6287174,126.7823629,BE,브라이트에너지파트너스,브라이트에너지파트너스,1600-8025,2,20250515160246,20250515133422,20250515160246,,,200,동시,44,44810,C0,C001,Y,,N,,N,,Y,2024,충청남도
워터 예산예당호휴게소 익산방향,BE241205,02,04,충남 예산군 응봉면 신리길 78-10,null,야외 주차장,24시간 이용가능,36.6287174,126.7823629,BE,브라이트에너지파트너스,브라이트에너지파트너스,1600-8025,2,20250515143829,20250515134557,20250515143829,,,200,동시,44,44810,C0,C001,Y,,N,,N,,Y,2024,충청남도
워터 예산예당호휴게소 익산방향,BE241205,03,04,충남 예산군 응봉면 신리길 78-10,null,야외 주차장,24시간 이용가능,36.6287174,126.7823629,BE,브라이트에너지파트너스,브라이트에너지파트너스,1600-8025,2,20250515135349,20250515134703,20250515135349,,,200,동시,44,44810,C0,C001,Y,,N,,N,,Y,2024,충청남도
워터 예산예당호휴게소 익산방향,BE241205,04,04,충남 예산군 응봉면 신리길 78-10,null,야외 주차장,24시간 이용가능,36.6287174,126.7823629,BE,브라이트에너지파트너스,브라이트에너지파트너스,1600-8025,2,20250515152254,20250515150745,20250515152254,,,200,동시,44,44810,C0,C001,Y,,N,,N,,Y,2024,충청남도
워터 예산예당호휴게소 익산방향,BE241205,05,04,충남 예산군 응봉면 신리길 78-10,null,야외 주차장,24시간 이용가능,36.6287174,126.7823629,BE,브라이트에너지파트너스,브라이트에너지파트너스,1600-8025,2,20250515131248,20250515131218,20250515131248,,,100,동시,44,44810,C0,C001,Y,,N,,N,,Y,2024,충청남도
워터 예산예당호휴게소 익산방향,BE241205,06,04,충남 예산군 응봉면 신리길 78-10,null,야외 주차장,24시간 이용가능,36.6287174,126.7823629,BE,브라이트에너지파트너스,브라이트에너지파트너스,1600-8025,2,20250514205857,20250514203502,20250514205857,,,100,동시,44,44810,C0,C001,Y,,N,,N,,Y,2024,충청남도
워터 예산예당호휴게소 익산방향,BE241205,07,04,충남 예산군 응봉면 신리길 78-10,null,야외 주차장,24시간 이용가능,36.6287174,126.7823629,BE,브라이트에너지파트너스,브라이트에너지파트너스,1600-8025,3,20250515142628,20250515142628,20250515142221,20250515142628,,100,동시,44,44810,C0,C001,Y,,N,,N,,Y,2024,충청남도
워터 예산예당호휴게소 익산방향,BE241205,08,04,충남 예산군 응봉면 신리길 78-10,null,야외 주차장,24시간 이용가능,36.6287174,126.7823629,BE,브라이트에너지파트너스,브라이트에너지파트너스,1600-8025,2,20250515043449,20250515041712,20250515043449,,,100,동시,44,44810,C0,C001,Y,,N,,N,,Y,2024,충청남도
워터 예산예당호휴게소 익산방향,BE241205,09,04,충남 예산군 응봉면 신리길 78-10,null,야외 주차장,24시간 이용가능,36.6287174,126.7823629,BE,브라이트에너지파트너스,브라이트에너지파트너스,1600-8025,2,20250515151511,20250515151501,20250515151511,,,100,동시,44,44810,C0,C001,Y,,N,,N,,Y,2024,충청남도
워터 예산예당호휴게소 익산방향,BE241205,10,04,충남 예산군 응봉면 신리길 78-10,null,야외 주차장,24시간 이용가능,36.6287174,126.7823629,BE,브라이트에너지파트너스,브라이트에너지파트너스,1600-8025,2,20250515153648,20250515151707,20250515153648,,,100,동시,44,44810,C0,C001,Y,,N,,N,,Y,2024,충청남도
워터 예산예당호휴게소 익산방향,BE241205,11,04,충남 예산군 응봉면 신리길 78-10,null,야외 주차장,24시간 이용가능,36.6287174,126.7823629,BE,브라이트에너지파트너스,브라이트에너지파트너스,1600-8025,2,20250515152148,20250515143048,20250515152148,,,100,동시,44,44810,C0,C001,Y,,N,,N,,Y,2024,충청남도
워터 예산예당호휴게소 익산방향,BE241205,12,04,충남 예산군 응봉면 신리길 78-10,null,야외 주차장,24시간 이용가능,36.6287174,126.7823629,BE,브라이트에너지파트너스,브라이트에너지파트너스,1600-8025,2,20250515140230,20250515124248,20250515140230,,,100,동시,44,44810,C0,C001,Y,,N,,N,,Y,2024,충청남도
워터 예산예당호휴게소 익산방향,BE241205,13,04,충남 예산군 응봉면 신리길 78-10,null,야외 주차장,24시간 이용가능,36.6287174,126.7823629,BE,브라이트에너지파트너스,브라이트에너지파트너스,1600-8025,2,20250514200924,20250514195619,20250514200924,,,100,동시,44,44810,C0,C001,Y,,N,,N,,Y,2024,충청남도
워터 예산예당호휴게소 익산방향,BE241205,14,04,충남 예산군 응봉면 신리길 78-10,null,야외 주차장,24시간 이용가능,36.6287174,126.7823629,BE,브라이트에너지파트너스,브라이트에너지파트너스,1600-8025,2,20250514053924,20250514053859,20250514053924,,,100,동시,44,44810,C0,C001,Y,,N,,N,,Y,2024,충청남도
워터 태안 몽산포해수욕장,BE401904,01,04,충청남도 태안군 남면 달산리 865,null,지상 주차,24시간 이용가능,36.668787,126.304744,BE,브라이트에너지파트너스,브라이트에너지파트너스,1600-8025,2,20250513161855,20250513153852,20250513161855,,,200,동시,44,44825,C0,C002,Y,,N,,N,,Y,2023,충청남도
워터 태안 몽산포해수욕장,BE401904,02,04,충청남도 태안군 남면 달산리 865,null,지상 주차,24시간 이용가능,36.668787,126.304744,BE,브라이트에너지파트너스,브라이트에너지파트너스,1600-8025,2,20250514170317,20250514170029,20250514170317,,,200,동시,44,44825,C0,C002,Y,,N,,N,,Y,2023,충청남도
워터 태안 몽산포해수욕장,BE401904,03,04,충청남도 태안군 남면 달산리 865,null,지상 주차,24시간 이용가능,36.668787,126.304744,BE,브라이트에너지파트너스,브라이트에너지파트너스,1600-8025,2,20250513120426,20250513113846,20250513120426,,,200,동시,44,44825,C0,C002,Y,,N,,N,,Y,2023,충청남도
워터 태안 몽산포해수욕장,BE401904,04,04,충청남도 태안군 남면 달산리 865,null,지상 주차,24시간 이용가능,36.668787,126.304744,BE,브라이트에너지파트너스,브라이트에너지파트너스,1600-8025,2,20250514103744,20250514100728,20250514103744,,,200,동시,44,44825,C0,C002,Y,,N,,N,,Y,2023,충청남도
워터 태안 몽산포해수욕장,BE401904,05,04,충청남도 태안군 남면 달산리 865,null,지상 주차,24시간 이용가능,36.668787,126.304744,BE,브라이트에너지파트너스,브라이트에너지파트너스,1600-8025,2,20250513121018,20250513120334,20250513121018,,,200,동시,44,44825,C0,C002,Y,,N,,N,,Y,2023,충청남도
워터 태안 몽산포해수욕장,BE401904,06,04,충청남도 태안군 남면 달산리 865,null,지상 주차,24시간 이용가능,36.668787,126.304744,BE,브라이트에너지파트너스,브라이트에너지파트너스,1600-8025,2,20250511195704,20250511195156,20250511195704,,,200,동시,44,44825,C0,C002,Y,,N,,N,,Y,2023,충청남도
워터 태안 몽산포해수욕장,BE401904,07,04,충청남도 태안군 남면 달산리 865,null,지상 주차,24시간 이용가능,36.668787,126.304744,BE,브라이트에너지파트너스,브라이트에너지파트너스,1600-8025,2,20250506122755,20250506121818,20250506122755,,,200,동시,44,44825,C0,C002,Y,,N,,N,,Y,2023,충청남도
워터 태안 몽산포해수욕장,BE401904,08,04,충청남도 태안군 남면 달산리 865,null,지상 주차,24시간 이용가능,36.668787,126.304744,BE,브라이트에너지파트너스,브라이트에너지파트너스,1600-8025,2,20250505130601,20250505122027,20250505130601,,,200,동시,44,44825,C0,C002,Y,,N,,N,,Y,2023,충청남도
워터 보령 대천해수욕장,BE482503,01,04,충청남도 보령시 요암동 376,워터 전기차 충전소,지상 주차장,24시간 이용가능,36.324436,126.554487,BE,브라이트에너지파트너스,브라이트에너지파트너스,1600-8025,2,20250509152614,20250509145207,20250509152614,,,200,동시,44,44180,C0,C002,Y,,N,,N,,Y,2023,충청남도
워터 보령 대천해수욕장,BE482503,02,04,충청남도 보령시 요암동 376,워터 전기차 충전소,지상 주차장,24시간 이용가능,36.324436,126.554487,BE,브라이트에너지파트너스,브라이트에너지파트너스,1600-8025,2,20250514203917,20250514200104,20250514203917,,,200,동시,44,44180,C0,C002,Y,,N,,N,,Y,2023,충청남도
워터 보령 대천해수욕장,BE482503,03,04,충청남도 보령시 요암동 376,워터 전기차 충전소,지상 주차장,24시간 이용가능,36.324436,126.554487,BE,브라이트에너지파트너스,브라이트에너지파트너스,1600-8025,2,20250510205027,20250510201537,20250510205027,,,200,동시,44,44180,C0,C002,Y,,N,,N,,Y,2023,충청남도
워터 보령 대천해수욕장,BE482503,04,04,충청남도 보령시 요암동 376,워터 전기차 충전소,지상 주차장,24시간 이용가능,36.324436,126.554487,BE,브라이트에너지파트너스,브라이트에너지파트너스,1600-8025,2,20250515014127,20250515012030,20250515014127,,,200,동시,44,44180,C0,C002,Y,,N,,N,,Y,2023,충청남도
워터 보령 대천해수욕장,BE482503,05,04,충청남도 보령시 요암동 376,워터 전기차 충전소,지상 주차장,24시간 이용가능,36.324436,126.554487,BE,브라이트에너지파트너스,브라이트에너지파트너스,1600-8025,2,20250515080017,20250515061432,20250515080017,,,200,동시,44,44180,C0,C002,Y,,N,,N,,Y,2023,충청남도
워터 보령 대천해수욕장,BE482503,06,04,충청남도 보령시 요암동 376,워터 전기차 충전소,지상 주차장,24시간 이용가능,36.324436,126.554487,BE,브라이트에너지파트너스,브라이트에너지파트너스,1600-8025,2,20250502195246,20250502192406,20250502195246,,,200,동시,44,44180,C0,C002,Y,,N,,N,,Y,2023,충청남도
블루네트웍스,BNABCDEF,06,04,충청남도 천안시 서북구 업성3길 168,null,null,24시간 이용가능,36.862957,127.147847,BN,블루네트웍스,블루네트웍스,1833-9131,9,20250513155810,,,,,50,단독,44,44130,G0,G004,Y,시설 상황에 따라 사용 제한 될 수 있음,Y,거주자 및 방문자 사용 가능,N,,N,2024,충청남도
천안수자원공사,BNASDF01,01,04,충청남도 천안시 동남구 풍세면 미죽리 121-8 한국수자원공사,null,null,09:00~18:00,36.747133,127.14645,BN,블루네트웍스,(주)블루네트웍스,1833-9131,2,20250514003125,20250424121141,20250424134541,,,100,동시,44,44130,A0,A004,Y,,N,,N,,N,2023,충청남도
천안수자원공사,BNASDF01,02,04,충청남도 천안시 동남구 풍세면 미죽리 121-8 한국수자원공사,null,null,09:00~18:00,36.747133,127.14645,BN,블루네트웍스,(주)블루네트웍스,1833-9131,3,20250515154124,20250515154124,20250513172325,20250515154124,,100,동시,44,44130,A0,A004,Y,,N,,N,,N,2023,충청남도
천안수자원공사,BNASDF01,03,02,충청남도 천안시 동남구 풍세면 미죽리 121-8 한국수자원공사,null,null,09:00~18:00,36.747133,127.14645,BN,블루네트웍스,(주)블루네트웍스,1833-9131,2,20250514003926,20250509081129,20250509094929,,,17,동시,44,44130,A0,A004,Y,,N,,N,,N,2023,충청남도
블루네트웍스 2,BNBN0005,12,02,충청남도 천안시 서북구 업성3길 168,null,null,업무고객 외 출입불가,36.861111,127.140299,BN,블루네트웍스,블루네트웍스,1833-9131,9,20250117133000,20241104131744,20241104131926,,,7,단독,44,44130,G0,G004,N,,N,시설 상황에 따라 이용이 제한될 수 있음,N,,N,2024,충청남도
충남 아산 순천향대학교,BNBN0026,01,04,충청남도 아산시 신창면 순천향로 22,null,null,24시간 이용가능,36.769906,126.931473,BN,블루네트웍스,(주)블루네트웍스,1833-9131,2,20250515115401,20250515104412,20250515115234,,,100,동시,44,44200,J0,J001,N,시설 상황에 따라 제한 될 수 있음,N,시설 상황에 따란 이용이 제한될 수 있음,N,,N,2021,충청남도
충남 아산 순천향대학교,BNBN0026,02,04,충청남도 아산시 신창면 순천향로 22,null,null,24시간 이용가능,36.769906,126.931473,BN,블루네트웍스,(주)블루네트웍스,1833-9131,2,20250515004200,20250515001502,20250515003934,,,100,동시,44,44200,J0,J001,N,시설 상황에 따라 제한 될 수 있음,N,시설 상황에 따란 이용이 제한될 수 있음,N,,N,2021,충청남도
충남 아산 순천향대학교,BNBN0026,03,04,충청남도 아산시 신창면 순천향로 22,null,null,24시간 이용가능,36.769906,126.931473,BN,블루네트웍스,(주)블루네트웍스,1833-9131,2,20250513150300,20250511192636,20250511195941,,,100,동시,44,44200,J0,J001,N,시설 상황에 따라 제한 될 수 있음,N,시설 상황에 따란 이용이 제한될 수 있음,N,,N,2021,충청남도
충남 아산 순천향대학교,BNBN0026,04,04,충청남도 아산시 신창면 순천향로 22,null,null,24시간 이용가능,36.769906,126.931473,BN,블루네트웍스,(주)블루네트웍스,1833-9131,2,20250515152700,20250515135745,20250515152442,,,100,동시,44,44200,J0,J001,N,시설 상황에 따라 제한 될 수 있음,N,시설 상황에 따란 이용이 제한될 수 있음,N,,N,2021,충청남도
충남 아산 순천향대학교,BNBN0026,05,04,충청남도 아산시 신창면 순천향로 22,null,null,24시간 이용가능,36.769906,126.931473,BN,블루네트웍스,(주)블루네트웍스,1833-9131,2,20250515153300,20250515145601,20250515153009,,,100,동시,44,44200,J0,J001,N,시설 상황에 따라 제한 될 수 있음,N,시설 상황에 따란 이용이 제한될 수 있음,N,,N,2021,충청남도
충남 아산 순천향대학교,BNBN0026,06,04,충청남도 아산시 신창면 순천향로 22,null,null,24시간 이용가능,36.769906,126.931473,BN,블루네트웍스,(주)블루네트웍스,1833-9131,2,20250514163300,20250514155217,20250514163240,,,100,동시,44,44200,J0,J001,N,시설 상황에 따라 제한 될 수 있음,N,시설 상황에 따란 이용이 제한될 수 있음,N,,N,2021,충청남도
충남 아산 순천향대학교,BNBN0026,07,02,충청남도 아산시 신창면 순천향로 22,null,null,24시간 이용가능,36.769906,126.931473,BN,블루네트웍스,(주)블루네트웍스,1833-9131,1,20250512095700,,,,,7,단독,44,44200,J0,J001,N,시설 상황에 따라 제한 될 수 있음,N,시설 상황에 따란 이용이 제한될 수 있음,N,,N,2021,충청남도
충남 아산 순천향대학교,BNBN0026,08,02,충청남도 아산시 신창면 순천향로 22,null,null,24시간 이용가능,36.769906,126.931473,BN,블루네트웍스,(주)블루네트웍스,1833-9131,1,20250512101200,,,,,7,단독,44,44200,J0,J001,N,시설 상황에 따라 제한 될 수 있음,N,시설 상황에 따란 이용이 제한될 수 있음,N,,N,2021,충청남도
보령 대천고등학교,BNBN0041,01,02,"충남 보령시 대고로 58 (죽정동, 대천고등학교)",null,null,24시간 이용가능,36.3653107,126.6041517,BN,블루네트웍스,블루네트웍스,1833-9131,2,20250430042609,20250122121058,20250122121300,,,7,단독,44,44180,G0,G004,N,시설 상황에 따라 제한 될 수 있음,N,시설 상황에 따라 이용이 제한될 수 있음,N,,N,2023,충청남도
보령 대천고등학교,BNBN0041,02,02,"충남 보령시 대고로 58 (죽정동, 대천고등학교)",null,null,24시간 이용가능,36.3653107,126.6041517,BN,블루네트웍스,블루네트웍스,1833-9131,2,20250430042609,20250331134041,20250331155353,,,7,단독,44,44180,G0,G004,N,시설 상황에 따라 제한 될 수 있음,N,시설 상황에 따라 이용이 제한될 수 있음,N,,N,2023,충청남도
보령 대천고등학교,BNBN0041,03,02,"충남 보령시 대고로 58 (죽정동, 대천고등학교)",null,null,24시간 이용가능,36.3653107,126.6041517,BN,블루네트웍스,블루네트웍스,1833-9131,2,20250504095700,20250504090844,20250504095417,,,7,단독,44,44180,G0,G004,N,시설 상황에 따라 제한 될 수 있음,N,시설 상황에 따라 이용이 제한될 수 있음,N,,N,2023,충청남도
충남 부여 한국전통문화대학교,BNBN0045,01,02,"충남 부여군 규암면 백제문로 367 (합정리, 한국전통문화대학교)",null,null,24시간 이용가능,36.3081860,126.8973170,BN,블루네트웍스,블루네트웍스,1833-9131,2,20250514123300,20250514090137,20250514123158,,,7,단독,44,44760,G0,G004,N,시설 상황에 따라 사용 제한 될 수 있음,N,,N,,N,2022,충청남도
충남 부여 한국전통문화대학교,BNBN0045,02,02,"충남 부여군 규암면 백제문로 367 (합정리, 한국전통문화대학교)",null,null,24시간 이용가능,36.3081860,126.8973170,BN,블루네트웍스,블루네트웍스,1833-9131,2,20250515105100,20250515090141,20250515104808,,,7,단독,44,44760,G0,G004,N,시설 상황에 따라 사용 제한 될 수 있음,N,,N,,N,2022,충청남도
충남 부여 한국전통문화대학교,BNBN0045,03,02,"충남 부여군 규암면 백제문로 367 (합정리, 한국전통문화대학교)",null,null,24시간 이용가능,36.3081860,126.8973170,BN,블루네트웍스,블루네트웍스,1833-9131,2,20250513155100,20250513121903,20250513154900,,,7,단독,44,44760,G0,G004,N,시설 상황에 따라 사용 제한 될 수 있음,N,,N,,N,2022,충청남도
충남 부여 한국전통문화대학교,BNBN0045,04,02,"충남 부여군 규암면 백제문로 367 (합정리, 한국전통문화대학교)",null,null,24시간 이용가능,36.3081860,126.8973170,BN,블루네트웍스,블루네트웍스,1833-9131,2,20250513125700,20250513091712,20250513125613,,,7,단독,44,44760,G0,G004,N,시설 상황에 따라 사용 제한 될 수 있음,N,,N,,N,2022,충청남도
당진 서야고등학교,BNBN0057,01,02,충남 당진시 합덕읍 덕평로 335 (합덕리),null,null,24시간 이용가능,36.7922578,126.7841803,BN,블루네트웍스,블루네트웍스,1833-9131,2,20250430042611,20250422154553,20250422154859,,,7,단독,44,44270,G0,G004,N,시설 상황에 따라 제한 될 수 있음,N,시설 상황에 따라 이용이 제한될 수 있음,N,,N,2023,충청남도
당진 서야고등학교,BNBN0057,02,02,충남 당진시 합덕읍 덕평로 335 (합덕리),null,null,24시간 이용가능,36.7922578,126.7841803,BN,블루네트웍스,블루네트웍스,1833-9131,2,20250430234500,20250430224321,20250430234257,,,7,단독,44,44270,G0,G004,N,시설 상황에 따라 제한 될 수 있음,N,시설 상황에 따라 이용이 제한될 수 있음,N,,N,2023,충청남도
청양 남양초등학교,BNBN0085,01,02,"충남 청양군 남양면 구용길 324 (구룡리, 남양초등학교)",null,null,24시간 이용가능,36.4010341,126.7768264,BN,블루네트웍스,블루네트웍스,1833-9131,2,20250430042614,20250315113803,20250315114416,,,7,단독,44,44790,G0,G004,N,시설 상황에 따라 제한 될 수 있음,N,시설 상황에 따라 이용이 제한될 수 있음,N,,N,2023,충청남도
청양 남양초등학교,BNBN0085,02,02,"충남 청양군 남양면 구용길 324 (구룡리, 남양초등학교)",null,null,24시간 이용가능,36.4010341,126.7768264,BN,블루네트웍스,블루네트웍스,1833-9131,2,20250506025100,20250505161111,20250506024834,,,7,단독,44,44790,G0,G004,N,시설 상황에 따라 제한 될 수 있음,N,시설 상황에 따라 이용이 제한될 수 있음,N,,N,2023,충청남도
청양 남양초등학교,BNBN0085,03,02,"충남 청양군 남양면 구용길 324 (구룡리, 남양초등학교)",null,null,24시간 이용가능,36.4010341,126.7768264,BN,블루네트웍스,블루네트웍스,1833-9131,2,20250514104200,20250514091751,20250514104023,,,7,단독,44,44790,G0,G004,N,시설 상황에 따라 제한 될 수 있음,N,시설 상황에 따라 이용이 제한될 수 있음,N,,N,2023,충청남도
공주 석장리유적방문자센터,BNBN0095,01,02,"충남 공주시 금벽로 990 (석장리동, 석장리박물관)",null,null,24시간 이용가능,36.4476804,127.1885991,BN,블루네트웍스,블루네트웍스,1833-9131,2,20250515131502,20250515125554,20250515131211,,,7,단독,44,44150,G0,G004,N,시설 상황에 따라 제한 될 수 있음,N,시설 상황에 따라 이용이 제한될 수 있음,N,,N,2023,충청남도
아산 다문화세계시민교육센터,BNBN0099,01,02,충남 아산시 음봉면 월암로 234 (월랑리),null,null,24시간 이용가능,36.8565055,127.0778901,BN,블루네트웍스,블루네트웍스,1833-9131,2,20250502084800,20250410151323,20250410161604,,,7,단독,44,44200,G0,G004,N,시설 상황에 따라 제한 될 수 있음,N,시설 상황에 따라 이용이 제한될 수 있음,N,,N,2022,충청남도
아산 영인초등학교,BNBN0128,01,02,"충남 아산시 영인면 여민루길 20 (아산리, 영인초등학교)",null,null,24시간 이용가능,36.8542600,126.9532695,BN,블루네트웍스,블루네트웍스,1833-9131,3,20250515114201,20250514204950,20250514231502,20250514204950,,7,단독,44,44200,G0,G004,N,시설 상황에 따라 제한 될 수 있음,N,시설 상황에 따라 이용이 제한될 수 있음,N,,N,2022,충청남도
충남 보령 박지성 보령 축구트레이닝 센터,BNBN0138,01,04,충청남도 보령시 석서1길 30,null,null,24시간 이용가능,36.319087,126.518589,BN,블루네트웍스,(주)블루네트웍스,1833-9131,2,20250509164504,20250509155520,20250509164218,,,50,동시,44,44180,G0,G004,N,,N,시설 상황에 따란 이용이 제한될 수 있음,N,,N,2023,충청남도
충남 보령 박지성 보령 축구트레이닝 센터,BNBN0138,02,04,충청남도 보령시 석서1길 30,null,null,24시간 이용가능,36.319087,126.518589,BN,블루네트웍스,(주)블루네트웍스,1833-9131,2,20250502101200,20250502082409,20250502101018,,,50,동시,44,44180,G0,G004,N,,N,시설 상황에 따란 이용이 제한될 수 있음,N,,N,2023,충청남도
충남 보령 박지성 보령 축구트레이닝 센터,BNBN0138,03,02,충청남도 보령시 석서1길 30,null,null,24시간 이용가능,36.319087,126.518589,BN,블루네트웍스,(주)블루네트웍스,1833-9131,2,20250513143900,20250513113935,20250513122427,,,7,단독,44,44180,G0,G004,N,,N,시설 상황에 따란 이용이 제한될 수 있음,N,,N,2023,충청남도
충남 보령 박지성 보령 축구트레이닝 센터,BNBN0138,04,02,충청남도 보령시 석서1길 30,null,null,24시간 이용가능,36.319087,126.518589,BN,블루네트웍스,(주)블루네트웍스,1833-9131,5,20250515100001,20250405131232,20250405155324,,,7,단독,44,44180,G0,G004,N,,N,시설 상황에 따란 이용이 제한될 수 있음,N,,N,2023,충청남도
충남 보령 박지성 보령 축구트레이닝 센터,BNBN0138,05,02,충청남도 보령시 석서1길 30,null,null,24시간 이용가능,36.319087,126.518589,BN,블루네트웍스,(주)블루네트웍스,1833-9131,2,20250430042626,20250418230449,20250419042443,,,7,단독,44,44180,G0,G004,N,,N,시설 상황에 따란 이용이 제한될 수 있음,N,,N,2023,충청남도
충남 홍성 충남교육청 진로융합교육원,BNBN0140,01,04,충남 홍성군 홍북읍 신경리 1563,null,null,24시간 이용가능,36.6372577,126.6666215,BN,블루네트웍스,블루네트웍스,1833-9131,2,20250513113600,20250513112023,20250513120221,,,100,동시,44,44800,G0,G004,N,시설 상황에 따라 사용 제한 될 수 있음,N,,N,,N,2022,충청남도
충남 홍성 충남교육청 진로융합교육원,BNBN0140,02,04,충남 홍성군 홍북읍 신경리 1563,null,null,24시간 이용가능,36.6372577,126.6666215,BN,블루네트웍스,블루네트웍스,1833-9131,2,20250515105400,20250515102257,20250515112115,,,100,동시,44,44800,G0,G004,N,시설 상황에 따라 사용 제한 될 수 있음,N,,N,,N,2022,충청남도
충남 홍성 충남교육청 진로융합교육원,BNBN0140,03,02,충남 홍성군 홍북읍 신경리 1563,null,null,24시간 이용가능,36.6372577,126.6666215,BN,블루네트웍스,블루네트웍스,1833-9131,2,20250515143601,20250515142750,20250515143348,,,7,단독,44,44800,G0,G004,N,시설 상황에 따라 사용 제한 될 수 있음,N,,N,,N,2022,충청남도
충남 홍성 충남교육청 진로융합교육원,BNBN0140,04,02,충남 홍성군 홍북읍 신경리 1563,null,null,24시간 이용가능,36.6372577,126.6666215,BN,블루네트웍스,블루네트웍스,1833-9131,2,20250504164200,20250504121302,20250504164019,,,7,단독,44,44800,G0,G004,N,시설 상황에 따라 사용 제한 될 수 있음,N,,N,,N,2022,충청남도
충남 공주 충남교육연수원,BNBN0141,01,04,충남 공주시 금흥동 98-3,null,null,24시간 이용가능,36.4900952,127.1499982,BN,블루네트웍스,블루네트웍스,1833-9131,2,20250509085104,20250504192848,20250509091333,,,100,동시,44,44150,G0,G004,N,시설 상황에 따라 사용 제한 될 수 있음,N,,N,,N,2022,충청남도
충남 공주 충남교육연수원,BNBN0141,02,04,충남 공주시 금흥동 98-3,null,null,24시간 이용가능,36.4900952,127.1499982,BN,블루네트웍스,블루네트웍스,1833-9131,2,20250504192105,20250501162914,20250504194350,,,100,동시,44,44150,G0,G004,N,시설 상황에 따라 사용 제한 될 수 있음,N,,N,,N,2022,충청남도
충남 공주 충남교육연수원,BNBN0141,03,02,충남 공주시 금흥동 98-3,null,null,24시간 이용가능,36.4900952,127.1499982,BN,블루네트웍스,블루네트웍스,1833-9131,2,20250509183300,20250509161447,20250509183220,,,7,단독,44,44150,G0,G004,N,시설 상황에 따라 사용 제한 될 수 있음,N,,N,,N,2022,충청남도
충남 공주 충남교육연수원,BNBN0141,04,02,충남 공주시 금흥동 98-3,null,null,24시간 이용가능,36.4900952,127.1499982,BN,블루네트웍스,블루네트웍스,1833-9131,3,20250515141501,20250513085626,20250513142329,20250513085626,,7,단독,44,44150,G0,G004,N,시설 상황에 따라 사용 제한 될 수 있음,N,,N,,N,2022,충청남도
충남 공주 충남교육연수원,BNBN0141,05,02,충남 공주시 금흥동 98-3,null,null,24시간 이용가능,36.4900952,127.1499982,BN,블루네트웍스,블루네트웍스,1833-9131,2,20250512151201,20250512150915,20250512151120,,,7,단독,44,44150,G0,G004,N,시설 상황에 따라 사용 제한 될 수 있음,N,,N,,N,2022,충청남도
충남 공주 충남교육연수원,BNBN0141,06,02,충남 공주시 금흥동 98-3,null,null,24시간 이용가능,36.4900952,127.1499982,BN,블루네트웍스,블루네트웍스,1833-9131,2,20250508090900,20250508084808,20250508090714,,,7,단독,44,44150,G0,G004,N,시설 상황에 따라 사용 제한 될 수 있음,N,,N,,N,2022,충청남도
충남 공주 충남교육연수원,BNBN0141,07,02,충남 공주시 금흥동 98-3,null,null,24시간 이용가능,36.4900952,127.1499982,BN,블루네트웍스,블루네트웍스,1833-9131,2,20250514170601,20250514145117,20250514170550,,,7,단독,44,44150,G0,G004,N,시설 상황에 따라 사용 제한 될 수 있음,N,,N,,N,2022,충청남도
충남 공주 충남교육연수원,BNBN0141,08,02,충남 공주시 금흥동 98-3,null,null,24시간 이용가능,36.4900952,127.1499982,BN,블루네트웍스,블루네트웍스,1833-9131,2,20250510153300,20250510115629,20250510153019,,,7,단독,44,44150,G0,G004,N,시설 상황에 따라 사용 제한 될 수 있음,N,,N,,N,2022,충청남도
충남 공주 충남교육연수원,BNBN0141,09,02,충남 공주시 금흥동 98-3,null,null,24시간 이용가능,36.4900952,127.1499982,BN,블루네트웍스,블루네트웍스,1833-9131,2,20250430042628,20250425133352,20250425155704,,,7,단독,44,44150,G0,G004,N,시설 상황에 따라 사용 제한 될 수 있음,N,,N,,N,2022,충청남도
충남 공주 충남교육연수원,BNBN0141,10,02,충남 공주시 금흥동 98-3,null,null,24시간 이용가능,36.4900952,127.1499982,BN,블루네트웍스,블루네트웍스,1833-9131,2,20250430042628,20250416131834,20250416153521,,,7,단독,44,44150,G0,G004,N,시설 상황에 따라 사용 제한 될 수 있음,N,,N,,N,2022,충청남도
충남 공주 공주교육지원청,BNBN0142,01,04,충남 공주시 금성동 79-2,null,null,24시간 이용가능,36.4646761,127.1200095,BN,블루네트웍스,블루네트웍스,1833-9131,2,20250510213001,20250510205817,20250510212829,,,100,동시,44,44150,G0,G004,N,시설 상황에 따라 사용 제한 될 수 있음,N,,N,,N,2022,충청남도
충남 공주 공주교육지원청,BNBN0142,02,04,충남 공주시 금성동 79-2,null,null,24시간 이용가능,36.4646761,127.1200095,BN,블루네트웍스,블루네트웍스,1833-9131,2,20250512204500,20250512193705,20250512204431,,,100,동시,44,44150,G0,G004,N,시설 상황에 따라 사용 제한 될 수 있음,N,,N,,N,2022,충청남도
충남 공주 공주교육지원청,BNBN0142,03,02,충남 공주시 금성동 79-2,null,null,24시간 이용가능,36.4646761,127.1200095,BN,블루네트웍스,블루네트웍스,1833-9131,2,20250512195101,20250512144943,20250512194900,,,7,단독,44,44150,G0,G004,N,시설 상황에 따라 사용 제한 될 수 있음,N,,N,,N,2022,충청남도
논산 강경상업고등학교,BNBN0144,01,02,충남 논산시 강경읍 계백로 220,null,null,24시간 이용가능,35.5412798,128.1693454,BN,블루네트웍스,블루네트웍스,1833-9131,2,20250514153001,20250514131038,20250514152854,,,7,단독,44,44230,G0,G004,N,시설 상황에 따라 제한 될 수 있음,N,시설 상황에 따라 이용이 제한될 수 있음,N,,N,2023,충청남도
논산 강경상업고등학교,BNBN0144,02,02,충남 논산시 강경읍 계백로 220,null,null,24시간 이용가능,35.5412798,128.1693454,BN,블루네트웍스,블루네트웍스,1833-9131,2,20250507141800,20250507091921,20250507141737,,,7,단독,44,44230,G0,G004,N,시설 상황에 따라 제한 될 수 있음,N,시설 상황에 따라 이용이 제한될 수 있음,N,,N,2023,충청남도
논산 강경상업고등학교,BNBN0144,03,02,충남 논산시 강경읍 계백로 220,null,null,24시간 이용가능,35.5412798,128.1693454,BN,블루네트웍스,블루네트웍스,1833-9131,2,20250430042629,20250226131432,20250226152115,,,7,단독,44,44230,G0,G004,N,시설 상황에 따라 제한 될 수 있음,N,시설 상황에 따라 이용이 제한될 수 있음,N,,N,2023,충청남도
금산교육지원청,BNBN0169,01,04,충청남도 금산군 금산읍 인삼로 14,주차장,주차장,24시간 이용가능,36.104082500,127.48291550,BN,블루네트웍스,블루네트웍스,1833-9131,2,20250512132401,20250512124325,20250512132213,,,50,동시,44,44710,J0,J002,N,해당 시설 상황에 따라 변동,N,시설 상황에 따라 이용이 제한될 수 있음,N,,N,2022,충청남도
금산교육지원청,BNBN0169,02,04,충청남도 금산군 금산읍 인삼로 14,주차장,주차장,24시간 이용가능,36.104082500,127.48291550,BN,블루네트웍스,블루네트웍스,1833-9131,2,20250514180600,20250514173526,20250514180412,,,50,동시,44,44710,J0,J002,N,해당 시설 상황에 따라 변동,N,시설 상황에 따라 이용이 제한될 수 있음,N,,N,2022,충청남도
홍성도서관,BNBN0170,01,02,"충남 홍성군 홍성읍 충절로 1050 (오관리, 홍성도서관)",null,null,24시간 이용가능,36.5996309,126.6671312,BN,블루네트웍스,블루네트웍스,1833-9131,2,20250515084800,20250515081919,20250515084541,,,7,단독,44,44800,G0,G004,N,시설 상황에 따라 제한 될 수 있음,N,시설 상황에 따라 이용이 제한될 수 있음,N,,N,2023,충청남도
충남 홍성 한용운 선생 생가지,BNBN0174,01,04,충남 홍성군 결성면 만해로318번길 83 (성곡리),null,null,24시간 이용가능,36.5629871,126.5538084,BN,블루네트웍스,블루네트웍스,1833-9131,2,20250511193601,20250511191057,20250511200431,,,100,동시,44,44800,G0,G004,N,시설 상황에 따라 사용 제한 될 수 있음,N,,N,,N,2022,충청남도
충남 홍성 한용운 선생 생가지,BNBN0174,02,04,충남 홍성군 결성면 만해로318번길 83 (성곡리),null,null,24시간 이용가능,36.5629871,126.5538084,BN,블루네트웍스,블루네트웍스,1833-9131,2,20250509162400,20250508195009,20250509165334,,,100,동시,44,44800,G0,G004,N,시설 상황에 따라 사용 제한 될 수 있음,N,,N,,N,2022,충청남도
충남 홍성 한용운 선생 생가지,BNBN0174,03,04,충남 홍성군 결성면 만해로318번길 83 (성곡리),null,null,24시간 이용가능,36.5629871,126.5538084,BN,블루네트웍스,블루네트웍스,1833-9131,2,20250504131800,20250321121815,20250321132456,,,100,동시,44,44800,G0,G004,N,시설 상황에 따라 사용 제한 될 수 있음,N,,N,,N,2022,충청남도
충남 홍성 한용운 선생 생가지,BNBN0174,04,04,충남 홍성군 결성면 만해로318번길 83 (성곡리),null,null,24시간 이용가능,36.5629871,126.5538084,BN,블루네트웍스,블루네트웍스,1833-9131,2,20250504131200,20250321121815,20250321132456,,,100,동시,44,44800,G0,G004,N,시설 상황에 따라 사용 제한 될 수 있음,N,,N,,N,2022,충청남도
천안 불당고등학교,BNBN0176,01,02,"충남 천안시 서북구 불당29길 22 (불당동, 천안불당고등학교)",null,null,24시간 이용가능,36.8091343,127.1030210,BN,블루네트웍스,블루네트웍스,1833-9131,2,20250515114202,20250515082210,20250515113723,,,7,단독,44,44130,G0,G004,N,시설 상황에 따라 제한 될 수 있음,N,시설 상황에 따라 이용이 제한될 수 있음,N,,N,2022,충청남도
천안 불당고등학교,BNBN0176,02,02,"충남 천안시 서북구 불당29길 22 (불당동, 천안불당고등학교)",null,null,24시간 이용가능,36.8091343,127.1030210,BN,블루네트웍스,블루네트웍스,1833-9131,3,20250515082402,20250509090006,20250509114646,20250515082402,,7,단독,44,44130,G0,G004,N,시설 상황에 따라 제한 될 수 있음,N,시설 상황에 따라 이용이 제한될 수 있음,N,,N,2022,충청남도
홍성고등학교,BNBN0179,01,02,충남 홍성군 홍북읍 홍학로 49 (신경리),null,null,24시간 이용가능,36.6499053,126.6727474,BN,블루네트웍스,블루네트웍스,1833-9131,2,20250430042640,20250420080437,20250420115934,,,7,단독,44,44800,G0,G004,N,시설 상황에 따라 제한 될 수 있음,N,시설 상황에 따라 이용이 제한될 수 있음,N,,N,2022,충청남도
홍성고등학교,BNBN0179,02,02,충남 홍성군 홍북읍 홍학로 49 (신경리),null,null,24시간 이용가능,36.6499053,126.6727474,BN,블루네트웍스,블루네트웍스,1833-9131,2,20250504142400,20250504055630,20250504142301,,,7,단독,44,44800,G0,G004,N,시설 상황에 따라 제한 될 수 있음,N,시설 상황에 따라 이용이 제한될 수 있음,N,,N,2022,충청남도
홍성고등학교,BNBN0179,03,02,충남 홍성군 홍북읍 홍학로 49 (신경리),null,null,24시간 이용가능,36.6499053,126.6727474,BN,블루네트웍스,블루네트웍스,1833-9131,2,20250508131201,20250508080149,20250508131048,,,7,단독,44,44800,G0,G004,N,시설 상황에 따라 제한 될 수 있음,N,시설 상황에 따라 이용이 제한될 수 있음,N,,N,2022,충청남도
홍성고등학교,BNBN0179,04,02,충남 홍성군 홍북읍 홍학로 49 (신경리),null,null,24시간 이용가능,36.6499053,126.6727474,BN,블루네트웍스,블루네트웍스,1833-9131,2,20250512143301,20250512053209,20250512143236,,,7,단독,44,44800,G0,G004,N,시설 상황에 따라 제한 될 수 있음,N,시설 상황에 따라 이용이 제한될 수 있음,N,,N,2022,충청남도
천안 업성고등학교,BNBN0182,01,02,충남 천안시 서북구 업성3길 65-11 (업성동),null,null,24시간 이용가능,36.8617754,127.1374282,BN,블루네트웍스,블루네트웍스,1833-9131,1,20250430042641,20240726112738,20240726112742,,,7,단독,44,44130,G0,G004,N,시설 상황에 따라 제한 될 수 있음,N,시설 상황에 따라 이용이 제한될 수 있음,N,,N,2022,충청남도
천안 업성고등학교,BNBN0182,02,02,충남 천안시 서북구 업성3길 65-11 (업성동),null,null,24시간 이용가능,36.8617754,127.1374282,BN,블루네트웍스,블루네트웍스,1833-9131,1,20250430042641,20240726112711,20240726112714,,,7,단독,44,44130,G0,G004,N,시설 상황에 따라 제한 될 수 있음,N,시설 상황에 따라 이용이 제한될 수 있음,N,,N,2022,충청남도
천안 업성고등학교,BNBN0182,03,02,충남 천안시 서북구 업성3길 65-11 (업성동),null,null,24시간 이용가능,36.8617754,127.1374282,BN,블루네트웍스,블루네트웍스,1833-9131,1,20250430042642,20240726113810,20240726113814,,,7,단독,44,44130,G0,G004,N,시설 상황에 따라 제한 될 수 있음,N,시설 상황에 따라 이용이 제한될 수 있음,N,,N,2022,충청남도
보령 충남교육청 해양수련원,BNBN0183,01,04,"충남 보령시 대천항로 240 (신흑동, 충청남도교육청해양수련원)",null,null,24시간 이용가능,36.3194195,126.5123648,BN,블루네트웍스,블루네트웍스,1833-9131,2,20250502124501,20250502122024,20250502124438,,,50,동시,44,44180,G0,G004,N,시설 상황에 따라 제한 될 수 있음,N,시설 상황에 따라 이용이 제한될 수 있음,N,,N,2022,충청남도
보령 충남교육청 해양수련원,BNBN0183,02,04,"충남 보령시 대천항로 240 (신흑동, 충청남도교육청해양수련원)",null,null,24시간 이용가능,36.3194195,126.5123648,BN,블루네트웍스,블루네트웍스,1833-9131,2,20250504180600,20250504170940,20250504180336,,,50,동시,44,44180,G0,G004,N,시설 상황에 따라 제한 될 수 있음,N,시설 상황에 따라 이용이 제한될 수 있음,N,,N,2022,충청남도
보령 충남교육청 해양수련원,BNBN0183,03,02,"충남 보령시 대천항로 240 (신흑동, 충청남도교육청해양수련원)",null,null,24시간 이용가능,36.3194195,126.5123648,BN,블루네트웍스,블루네트웍스,1833-9131,2,20250512171200,20250512111803,20250512170929,,,7,단독,44,44180,G0,G004,N,시설 상황에 따라 제한 될 수 있음,N,시설 상황에 따라 이용이 제한될 수 있음,N,,N,2022,충청남도
충남 계룡 종합사회복지관,BNBN0185,01,04,"충남 계룡시 엄사면 문화1로 7 (유동리, 계룡시 종합사회복지관)",null,null,24시간 이용가능,36.2732077,127.2327669,BN,블루네트웍스,블루네트웍스,1833-9131,2,20250510014501,20250510003833,20250510020247,,,100,동시,44,44250,G0,G004,N,시설 상황에 따라 사용 제한 될 수 있음,N,,N,,N,2023,충청남도
충남 계룡 종합사회복지관,BNBN0185,02,04,"충남 계룡시 엄사면 문화1로 7 (유동리, 계룡시 종합사회복지관)",null,null,24시간 이용가능,36.2732077,127.2327669,BN,블루네트웍스,블루네트웍스,1833-9131,2,20250513210600,20250513200023,20250513212258,,,100,동시,44,44250,G0,G004,N,시설 상황에 따라 사용 제한 될 수 있음,N,,N,,N,2023,충청남도
논산 쌘뽈여자고등학교,BNBN0188,01,02,"충남 논산시 시민로 411 (부창동, 쌘뽈여중고등학교)",null,null,24시간 이용가능,36.2005416,127.0855048,BN,블루네트웍스,블루네트웍스,1833-9131,2,20250507111502,20250507101839,20250507111342,,,7,단독,44,44230,G0,G004,N,시설 상황에 따라 제한 될 수 있음,N,시설 상황에 따라 이용이 제한될 수 있음,N,,N,2022,충청남도
논산 쌘뽈여자고등학교,BNBN0188,02,02,"충남 논산시 시민로 411 (부창동, 쌘뽈여중고등학교)",null,null,24시간 이용가능,36.2005416,127.0855048,BN,블루네트웍스,블루네트웍스,1833-9131,2,20250430120901,20250430114143,20250430120614,,,7,단독,44,44230,G0,G004,N,시설 상황에 따라 제한 될 수 있음,N,시설 상황에 따라 이용이 제한될 수 있음,N,,N,2022,충청남도
보령 보령교육지원청,BNBN0190,01,02,"충남 보령시 보령북로 169 (대천동, 충청남도보령교육지원청)",null,null,24시간 이용가능,36.3560085,126.5872625,BN,블루네트웍스,블루네트웍스,1833-9131,2,20250514002108,20250513195853,20250514002047,,,7,단독,44,44180,G0,G004,N,시설 상황에 따라 제한 될 수 있음,N,시설 상황에 따라 이용이 제한될 수 있음,N,,N,2022,충청남도
보령 보령교육지원청,BNBN0190,02,02,"충남 보령시 보령북로 169 (대천동, 충청남도보령교육지원청)",null,null,24시간 이용가능,36.3560085,126.5872625,BN,블루네트웍스,블루네트웍스,1833-9131,2,20250509152401,20250506161432,20250506174345,,,7,단독,44,44180,G0,G004,N,시설 상황에 따라 제한 될 수 있음,N,시설 상황에 따라 이용이 제한될 수 있음,N,,N,2022,충청남도
천안 오성고등학교,BNBN0194,01,04,"충남 천안시 서북구 과수원길 27 (성성동, 천안오성고등학교)",null,null,24시간 이용가능,36.8413761,127.1425015,BN,블루네트웍스,블루네트웍스,1833-9131,2,20250430042645,20250404134707,20250404142940,,,50,동시,44,44130,G0,G004,N,시설 상황에 따라 제한 될 수 있음,N,시설 상황에 따라 이용이 제한될 수 있음,N,,N,2022,충청남도
천안 오성고등학교,BNBN0194,02,04,"충남 천안시 서북구 과수원길 27 (성성동, 천안오성고등학교)",null,null,24시간 이용가능,36.8413761,127.1425015,BN,블루네트웍스,블루네트웍스,1833-9131,2,20250430042645,20250404134707,20250404142940,,,50,동시,44,44130,G0,G004,N,시설 상황에 따라 제한 될 수 있음,N,시설 상황에 따라 이용이 제한될 수 있음,N,,N,2022,충청남도
충남 천안 신당고등학교,BNBN0198,01,02,"충남 천안시 서북구 신당새터2길 36 (신당동, 천안신당고등학교)",null,null,24시간 이용가능,36.8514689,127.1594994,BN,블루네트웍스,블루네트웍스,1833-9131,2,20250515100601,20250515004518,20250515100431,,,7,단독,44,44130,G0,G004,N,시설 상황에 따라 사용 제한 될 수 있음,N,,N,,N,2022,충청남도
충남 천안 신당고등학교,BNBN0198,02,02,"충남 천안시 서북구 신당새터2길 36 (신당동, 천안신당고등학교)",null,null,24시간 이용가능,36.8514689,127.1594994,BN,블루네트웍스,블루네트웍스,1833-9131,2,20250511182401,20250511102703,20250511182209,,,7,단독,44,44130,G0,G004,N,시설 상황에 따라 사용 제한 될 수 있음,N,,N,,N,2022,충청남도
충남 천안 신당고등학교,BNBN0198,03,02,"충남 천안시 서북구 신당새터2길 36 (신당동, 천안신당고등학교)",null,null,24시간 이용가능,36.8514689,127.1594994,BN,블루네트웍스,블루네트웍스,1833-9131,2,20250430042646,20250410205431,20250411053214,,,7,단독,44,44130,G0,G004,N,시설 상황에 따라 사용 제한 될 수 있음,N,,N,,N,2022,충청남도
충남 천안 신당고등학교,BNBN0198,04,02,"충남 천안시 서북구 신당새터2길 36 (신당동, 천안신당고등학교)",null,null,24시간 이용가능,36.8514689,127.1594994,BN,블루네트웍스,블루네트웍스,1833-9131,2,20250515051800,20250514211307,20250515051706,,,7,단독,44,44130,G0,G004,N,시설 상황에 따라 사용 제한 될 수 있음,N,,N,,N,2022,충청남도
충남 홍성 홍성교육지원청,BNBN0199,01,02,충남 홍성군 홍성읍 고암리 541-2,null,null,24시간 이용가능,36.5970227,126.6717513,BN,블루네트웍스,블루네트웍스,1833-9131,2,20250515000600,20250514172051,20250515000358,,,7,단독,44,44800,G0,G004,N,시설 상황에 따라 사용 제한 될 수 있음,N,,N,,N,2023,충청남도
충남 예산 예산교육지원청,BNBN0207,01,02,"충남 예산군 예산읍 역전로126번길 14 (산성리, 충청남도예산교육청)",null,null,24시간 이용가능,36.6897696,126.8316697,BN,블루네트웍스,블루네트웍스,1833-9131,2,20250515113003,20250515082035,20250515112845,,,7,단독,44,44810,G0,G004,N,시설 상황에 따라 사용 제한 될 수 있음,N,,N,,N,2023,충청남도
충남 천안 천안교육지원청,BNBN0210,01,02,"충남 천안시 서북구 광장로 239 (불당동, 충청남도 천안교육지원청)",null,null,24시간 이용가능,36.7999880,127.1097863,BN,블루네트웍스,블루네트웍스,1833-9131,2,20250508162701,20250507081411,20250507112748,,,7,단독,44,44130,G0,G004,N,시설 상황에 따라 사용 제한 될 수 있음,N,,N,,N,2022,충청남도
충남 천안 천안교육지원청,BNBN0210,02,02,"충남 천안시 서북구 광장로 239 (불당동, 충청남도 천안교육지원청)",null,null,24시간 이용가능,36.7999880,127.1097863,BN,블루네트웍스,블루네트웍스,1833-9131,2,20250512151801,20250512084716,20250512151546,,,7,단독,44,44130,G0,G004,N,시설 상황에 따라 사용 제한 될 수 있음,N,,N,,N,2022,충청남도
충남 천안 천안교육지원청,BNBN0210,03,02,"충남 천안시 서북구 광장로 239 (불당동, 충청남도 천안교육지원청)",null,null,24시간 이용가능,36.7999880,127.1097863,BN,블루네트웍스,블루네트웍스,1833-9131,2,20250513230301,20250513202808,20250513230132,,,7,단독,44,44130,G0,G004,N,시설 상황에 따라 사용 제한 될 수 있음,N,,N,,N,2022,충청남도
보령 미산중학교,BNBN0214,01,02,"충남 보령시 미산면 판미로 1462-7 (도화담리, 미산초중학교)",null,null,24시간 이용가능,36.2889903,126.6765890,BN,블루네트웍스,블루네트웍스,1833-9131,2,20250510144801,20250510134837,20250510144539,,,7,단독,44,44180,G0,G004,N,시설 상황에 따라 제한 될 수 있음,N,시설 상황에 따라 이용이 제한될 수 있음,N,,N,2023,충청남도
보령 미산중학교,BNBN0214,02,02,"충남 보령시 미산면 판미로 1462-7 (도화담리, 미산초중학교)",null,null,24시간 이용가능,36.2889903,126.6765890,BN,블루네트웍스,블루네트웍스,1833-9131,2,20250430042651,20250414104843,20250414114235,,,7,단독,44,44180,G0,G004,N,시설 상황에 따라 제한 될 수 있음,N,시설 상황에 따라 이용이 제한될 수 있음,N,,N,2023,충청남도
논산 연무고등학교,BNBN0215,01,02,"충남 논산시 연무읍 동안로887번길 5 (동산리, 연무고등학교,연무여자중학교)",null,null,24시간 이용가능,36.1346481,127.1041214,BN,블루네트웍스,블루네트웍스,1833-9131,2,20250508172401,20250508093957,20250508172301,,,7,단독,44,44230,G0,G004,N,시설 상황에 따라 제한 될 수 있음,N,시설 상황에 따라 이용이 제한될 수 있음,N,,N,2023,충청남도
논산 연무고등학교,BNBN0215,02,02,"충남 논산시 연무읍 동안로887번길 5 (동산리, 연무고등학교,연무여자중학교)",null,null,24시간 이용가능,36.1346481,127.1041214,BN,블루네트웍스,블루네트웍스,1833-9131,2,20250508183002,20250508175149,20250508182818,,,7,단독,44,44230,G0,G004,N,시설 상황에 따라 제한 될 수 있음,N,시설 상황에 따라 이용이 제한될 수 있음,N,,N,2023,충청남도
충남 공주 중앙소방학교,BNBN0216,01,04,"충남 공주시 사곡면 연수단지길 90 (계실리, 국민안전교육연구단지)",null,null,24시간 이용가능,36.5222576,127.0506580,BN,블루네트웍스,블루네트웍스,1833-9131,2,20250513100301,20250513093452,20250513100210,,,100,동시,44,44150,G0,G004,N,시설 상황에 따라 사용 제한 될 수 있음,N,,N,,N,2023,충청남도
충남 공주 중앙소방학교,BNBN0216,02,04,"충남 공주시 사곡면 연수단지길 90 (계실리, 국민안전교육연구단지)",null,null,24시간 이용가능,36.5222576,127.0506580,BN,블루네트웍스,블루네트웍스,1833-9131,2,20250515130001,20250513093452,20250513100210,,,100,동시,44,44150,G0,G004,N,시설 상황에 따라 사용 제한 될 수 있음,N,,N,,N,2023,충청남도
